# This file uses centimeters as units for non-parametric coordinates.

mtllib Table_001.mtl
g default
v -13.387216 0.750022 13.422912
v -18.817244 -1.463745 18.817282
v -13.949903 1.435618 13.987113
v -13.387240 -1.463731 18.817245
v -18.817282 -1.463741 13.422881
v -17.423519 -1.463735 18.817282
v -16.029827 -1.463748 18.817291
v -13.646066 1.435630 16.634466
v -16.649078 1.435597 13.645164
v -18.817270 -1.463720 16.107008
v -18.817259 -1.463747 17.462139
v -13.400227 -0.343992 17.635027
v -17.635069 -0.343989 13.395550
v -13.387207 -0.126677 18.062622
v -18.062513 -0.126713 13.422894
v -13.387240 -0.241897 18.817257
v -18.817278 -0.241860 13.422887
v -17.442635 0.707057 18.817257
v -18.817282 0.707070 18.817278
v -16.068083 0.707093 18.817253
v -18.817270 0.707041 16.111937
v -18.817238 0.707042 17.464569
v -13.630577 1.435614 18.573893
v -13.630551 1.435627 17.471579
v -16.088930 1.435635 18.573954
v -17.453119 1.435607 18.573921
v -18.573914 1.435636 18.573887
v -18.573904 1.435637 17.466078
v -18.573925 1.435597 16.114946
v -17.470934 1.435593 13.666253
v -18.573921 1.435636 13.666213
v -13.387211 1.309186 16.831841
v -13.387192 1.260339 17.640652
v -16.831818 1.309205 13.422894
v -17.640654 1.260346 13.422906
v -17.449011 1.192310 18.817249
v -18.817261 1.192295 18.817274
v -16.080776 1.192353 18.817282
v -18.817274 1.192281 13.422916
v -13.387219 1.192239 18.817247
v -18.817251 1.192269 16.113604
v -18.817274 1.192245 17.465416
v -13.387209 1.192267 13.422933
v -13.672633 1.445342 13.709144
v -13.486016 1.364238 13.522019
v -18.745897 1.327830 17.491924
v -18.745958 1.327845 18.745649
v -18.745890 1.327842 16.114151
v -17.583965 1.361870 13.494473
v -18.745941 1.327830 13.494473
v -16.752785 1.386301 13.483743
v -13.466293 1.386318 16.745056
v -13.458391 1.361909 17.584021
v -17.477200 1.327822 18.745628
v -16.084415 1.327857 18.745680
v -13.458362 1.327844 18.745676
v -16.118872 0.765073 16.118929
v -16.118881 0.769685 17.435158
v -15.615169 0.769717 17.334991
v -15.188155 0.769711 17.049667
v -14.902839 0.769687 16.622633
v -14.802615 0.769680 16.118940
v -16.118885 0.868780 17.741489
v -15.497922 0.868733 17.617998
v -15.525029 0.803765 17.552605
v -16.118853 0.803734 17.670736
v -14.971568 0.868765 17.266251
v -15.021620 0.803744 17.216232
v -14.619808 0.868755 16.739838
v -14.685230 0.803698 16.712780
v -14.496292 0.868745 16.118948
v -14.567067 0.803744 16.118935
v -16.118896 1.048067 17.800190
v -15.475511 1.048115 17.672209
v -15.482336 0.947607 17.655727
v -16.118851 0.947592 17.782333
v -14.930072 1.048078 17.307762
v -14.942689 0.947563 17.295130
v -14.565605 1.048089 16.762318
v -14.582096 0.947587 16.755482
v -14.437672 1.048109 16.118938
v -14.455509 0.947592 16.118912
v -16.622543 0.769718 17.334963
v -17.049593 0.769735 17.049660
v -17.334890 0.769709 16.622641
v -17.435102 0.769704 16.118944
v -16.712698 0.803743 17.552610
v -16.739798 0.868742 17.617964
v -17.216164 0.803730 17.216221
v -17.266186 0.868737 17.266266
v -17.552528 0.803754 16.712774
v -17.617916 0.868752 16.739864
v -17.670677 0.803740 16.118935
v -17.741451 0.868738 16.118948
v -16.755400 0.947577 17.655684
v -16.762247 1.048113 17.672167
v -17.295046 0.947584 17.295149
v -17.307667 1.048095 17.307734
v -17.655628 0.947623 16.755468
v -17.672096 1.048124 16.762291
v -17.782257 0.947581 16.118904
v -17.800095 1.048090 16.118946
v -15.615194 0.769692 14.902890
v -16.118877 0.769728 14.802696
v -15.188174 0.769692 15.188220
v -14.902815 0.769692 15.615223
v -15.525038 0.803705 14.685272
v -15.497960 0.868757 14.619895
v -16.118855 0.868750 14.496335
v -16.118870 0.803761 14.567110
v -15.021598 0.803739 15.021630
v -14.971562 0.868740 14.971581
v -14.685217 0.803745 15.525059
v -14.619821 0.868750 15.498021
v -15.482326 0.947559 14.582154
v -15.475516 1.048105 14.565633
v -16.118889 1.048078 14.437681
v -16.118893 0.947568 14.455549
v -14.942698 0.947586 14.942735
v -14.930073 1.048097 14.930116
v -14.582110 0.947610 15.482402
v -14.565613 1.048092 15.475525
v -16.622561 0.769693 14.902901
v -17.049568 0.769720 15.188181
v -17.334902 0.769695 15.615216
v -16.739813 0.868746 14.619848
v -16.712723 0.803730 14.685256
v -17.266178 0.868738 14.971600
v -17.216162 0.803740 15.021637
v -17.617941 0.868768 15.497993
v -17.552542 0.803703 15.525108
v -16.762211 1.048084 14.565669
v -16.755409 0.947591 14.582162
v -17.307665 1.048109 14.930106
v -17.295029 0.947603 14.942746
v -17.672100 1.048084 15.475554
v -17.655638 0.947576 15.482373
v -16.764240 1.274080 14.560888
v -17.311319 1.274089 14.926474
v -17.676891 1.274107 15.473547
v -16.118881 1.274101 14.432550
v -17.805277 1.274070 16.118942
v -15.473526 1.274065 14.560888
v -17.676888 1.274088 16.764244
v -14.926438 1.274079 14.926479
v -17.311323 1.274084 17.311378
v -14.560862 1.274091 15.473557
v -16.764212 1.274091 17.676977
v -14.432484 1.274113 16.118937
v -16.118896 1.274068 17.805330
v -14.560871 1.274120 16.764256
v -15.473518 1.274106 17.676979
v -14.926423 1.274118 17.311361
v -14.543654 1.367089 15.466455
v -14.913274 1.367082 14.913348
v -14.503671 1.411014 15.449903
v -14.882640 1.411037 14.882676
v -17.694075 1.367060 16.771397
v -17.324474 1.367073 17.324545
v -17.734081 1.411058 16.787943
v -17.355082 1.411050 17.355146
v -14.413904 1.367092 16.118958
v -14.370588 1.411040 16.118937
v -14.543643 1.367079 16.771378
v -14.503647 1.411041 16.787970
v -15.466414 1.367090 17.694178
v -14.913276 1.367066 17.324560
v -15.449852 1.411051 17.734152
v -14.882662 1.411039 17.355122
v -16.771338 1.367062 14.543743
v -17.324465 1.367072 14.913287
v -16.787893 1.411010 14.503683
v -17.355097 1.411043 14.882695
v -16.118853 1.367084 14.413921
v -16.118872 1.411021 14.370648
v -15.466429 1.367062 14.543717
v -15.449856 1.410994 14.503728
v -17.734072 1.411013 15.449909
v -17.694078 1.367054 15.466468
v -17.867126 1.411043 16.118938
v -17.823847 1.367089 16.118917
v -16.787907 1.411041 17.734121
v -16.771368 1.367067 17.694136
v -16.118866 1.411014 17.867201
v -16.118874 1.367081 17.823910
v -16.118837 0.765307 16.965982
v -15.856101 0.769722 17.439947
v -15.794713 0.765278 16.901455
v -15.929547 0.765320 17.070820
v -15.370580 0.769716 17.238806
v -15.519962 0.765319 16.717871
v -15.579686 0.765340 16.925915
v -14.998946 0.769701 16.867241
v -15.336325 0.765292 16.443054
v -15.311904 0.765321 16.658136
v -14.797860 0.769710 16.381676
v -15.271852 0.765287 16.118937
v -15.166965 0.765317 16.308250
v -16.118879 0.833289 17.709826
v -15.802376 0.868771 17.710011
v -15.510051 0.833278 17.588749
v -15.816174 0.803717 17.640619
v -15.808568 0.833260 17.678980
v -16.118847 0.782536 17.624647
v -15.542684 0.782525 17.510025
v -15.825164 0.782545 17.595432
v -15.217619 0.868747 17.467787
v -14.993975 0.833275 17.243853
v -15.256913 0.803701 17.408945
v -15.235193 0.833248 17.441454
v -15.054182 0.782521 17.183626
v -15.282545 0.782521 17.370630
v -14.770020 0.868762 17.020235
v -14.649088 0.833297 16.727734
v -14.828875 0.803700 16.980888
v -14.796358 0.833298 17.002602
v -14.727811 0.782552 16.695129
v -14.867200 0.782540 16.955307
v -14.527795 0.868783 16.435400
v -14.527980 0.833251 16.118948
v -14.597189 0.803698 16.421606
v -14.558873 0.833261 16.429234
v -14.613181 0.782536 16.118916
v -14.642401 0.782518 16.412634
v -16.118870 0.985612 17.793678
v -15.790936 1.048064 17.767557
v -15.477980 0.985612 17.666157
v -15.794398 0.947569 17.750057
v -15.792242 0.985582 17.761173
v -16.118885 0.907769 17.765297
v -15.488832 0.907741 17.639980
v -15.797735 0.907739 17.733334
v -15.185030 1.048110 17.516573
v -14.934658 0.985594 17.303144
v -15.194940 0.947602 17.501724
v -15.188616 0.985631 17.511156
v -14.954730 0.907771 17.283060
v -15.204375 0.907758 17.487570
v -14.721287 1.048116 17.052807
v -14.571646 0.985592 16.759802
v -14.736098 0.947611 17.042873
v -14.726680 0.985606 17.049150
v -14.597845 0.907773 16.748964
v -14.750217 0.907756 17.033428
v -14.470238 1.048121 16.446865
v -14.444151 0.985622 16.118904
v -14.487778 0.947598 16.443373
v -14.476639 0.985615 16.445564
v -14.472518 0.907730 16.118925
v -14.504432 0.907757 16.440048
v -16.381634 0.769712 17.439949
v -16.443035 0.765273 16.901491
v -16.308216 0.765331 17.070862
v -16.867165 0.769694 17.238811
v -16.717796 0.765303 16.717867
v -16.658043 0.765360 16.925915
v -17.238750 0.769695 16.867247
v -16.901402 0.765271 16.443075
v -16.925856 0.765322 16.658129
v -17.439886 0.769728 16.381706
v -16.965912 0.765278 16.118910
v -17.070742 0.765326 16.308275
v -16.421551 0.803722 17.640602
v -16.727692 0.833256 17.588724
v -16.435356 0.868752 17.710039
v -16.429174 0.833261 17.678986
v -16.695093 0.782520 17.510000
v -16.412558 0.782532 17.595413
v -16.980846 0.803756 17.408943
v -17.243803 0.833297 17.243843
v -17.020130 0.868767 17.467779
v -17.002546 0.833288 17.441450
v -17.183537 0.782543 17.183594
v -16.955240 0.782522 17.370651
v -17.408895 0.803719 16.980883
v -17.588652 0.833253 16.727736
v -17.467720 0.868766 17.020208
v -17.441406 0.833272 17.002598
v -17.509968 0.782507 16.695133
v -17.370594 0.782515 16.955284
v -17.640549 0.803733 16.421610
v -17.709749 0.833260 16.118914
v -17.709936 0.868726 16.435423
v -17.678875 0.833268 16.429222
v -17.624529 0.782531 16.118938
v -17.595335 0.782528 16.412617
v -16.443316 0.947595 17.750027
v -16.759752 0.985604 17.666143
v -16.446777 1.048087 17.767546
v -16.445524 0.985595 17.761185
v -16.748909 0.907763 17.639969
v -16.439972 0.907767 17.733351
v -17.042803 0.947590 17.501719
v -17.303076 0.985602 17.303108
v -17.052725 1.048111 17.516556
v -17.049089 0.985617 17.511156
v -17.282995 0.907742 17.283068
v -17.033367 0.907727 17.487587
v -17.501675 0.947613 17.042870
v -17.666098 0.985618 16.759804
v -17.516493 1.048101 17.052795
v -17.511087 0.985593 17.049170
v -17.639915 0.907747 16.748936
v -17.487505 0.907752 17.033440
v -17.749979 0.947587 16.443373
v -17.793608 0.985636 16.118925
v -17.767467 1.048122 16.446852
v -17.761118 0.985632 16.445578
v -17.765238 0.907733 16.118906
v -17.733269 0.907744 16.440035
v -15.856119 0.769737 14.797900
v -16.118885 0.765304 15.271909
v -15.794738 0.765308 15.336389
v -15.929553 0.765326 15.167030
v -15.370557 0.769701 14.999028
v -15.519925 0.765294 15.519975
v -15.579670 0.765321 15.311957
v -14.998984 0.769717 15.370625
v -15.336310 0.765268 15.794763
v -15.311904 0.765356 15.579714
v -14.797840 0.769688 15.856165
v -15.166986 0.765323 15.929569
v -15.816157 0.803715 14.597228
v -15.510062 0.833251 14.649134
v -15.802399 0.868714 14.527831
v -16.118874 0.833278 14.528027
v -15.808577 0.833294 14.558887
v -15.542665 0.782551 14.727827
v -16.118881 0.782544 14.613229
v -15.825183 0.782543 14.642422
v -15.256907 0.803708 14.828903
v -14.993967 0.833264 14.993967
v -15.217592 0.868759 14.770089
v -15.235217 0.833253 14.796369
v -15.054186 0.782529 15.054249
v -15.282519 0.782532 14.867261
v -14.828858 0.803708 15.256961
v -14.649102 0.833300 15.510097
v -14.770036 0.868767 15.217661
v -14.796362 0.833253 15.235261
v -14.727823 0.782520 15.542741
v -14.867169 0.782505 15.282578
v -14.597193 0.803752 15.816258
v -14.527787 0.868757 15.802471
v -14.558827 0.833272 15.808627
v -14.642408 0.782494 15.825250
v -15.794451 0.947587 14.487786
v -15.477991 0.985618 14.571657
v -15.790920 1.048073 14.470300
v -16.118862 0.985632 14.444209
v -15.792192 0.985602 14.476671
v -15.488832 0.907756 14.597870
v -16.118881 0.907764 14.472556
v -15.797742 0.907752 14.504520
v -15.194946 0.947579 14.736157
v -14.934673 0.985613 14.934694
v -15.185033 1.048103 14.721285
v -15.188656 0.985615 14.726721
v -14.954730 0.907756 14.954772
v -15.204399 0.907769 14.750286
v -14.736098 0.947605 15.194998
v -14.571638 0.985618 15.478020
v -14.721245 1.048102 15.185030
v -14.726676 0.985618 15.188711
v -14.597834 0.907731 15.488917
v -14.750235 0.907731 15.204431
v -14.487779 0.947584 15.794466
v -14.470249 1.048114 15.790992
v -14.476635 0.985622 15.792242
v -14.504452 0.907758 15.797777
v -16.381624 0.769721 14.797915
v -16.443022 0.765303 15.336351
v -16.308216 0.765336 15.167049
v -16.867174 0.769739 14.999018
v -16.717798 0.765281 15.519953
v -16.658089 0.765339 15.311954
v -17.238781 0.769715 15.370609
v -16.901430 0.765295 15.794764
v -16.925852 0.765338 15.579713
v -17.439877 0.769689 15.856136
v -17.070776 0.765321 15.929558
v -16.435335 0.868727 14.527839
v -16.727690 0.833264 14.649162
v -16.421539 0.803743 14.597266
v -16.429159 0.833276 14.558898
v -16.695095 0.782554 14.727846
v -16.412544 0.782518 14.642456
v -17.020140 0.868743 14.770052
v -17.243790 0.833262 14.994000
v -16.980835 0.803721 14.828874
v -17.002562 0.833248 14.796395
v -17.183529 0.782553 15.054237
v -16.955215 0.782502 14.867236
v -17.467714 0.868754 15.217630
v -17.588661 0.833250 15.510118
v -17.408876 0.803706 15.256971
v -17.441412 0.833298 15.235237
v -17.509914 0.782543 15.542735
v -17.370529 0.782542 15.282580
v -17.709946 0.868757 15.802442
v -17.640551 0.803752 15.816225
v -17.678930 0.833273 15.808618
v -17.595348 0.782526 15.825266
v -16.446819 1.048083 14.470305
v -16.759750 0.985615 14.571691
v -16.443300 0.947608 14.487790
v -16.445526 0.985599 14.476700
v -16.748898 0.907753 14.597844
v -16.440012 0.907731 14.504512
v -17.052736 1.048062 14.721273
v -17.303053 0.985600 14.934744
v -17.042791 0.947573 14.736152
v -17.049118 0.985629 14.726710
v -17.283035 0.907756 14.954789
v -17.033354 0.907730 14.750305
v -17.516491 1.048091 15.185040
v -17.666105 0.985623 15.478052
v -17.501665 0.947602 15.194959
v -17.511070 0.985640 15.188698
v -17.639910 0.907739 15.488883
v -17.487522 0.907736 15.204431
v -17.767500 1.048122 15.790965
v -17.749964 0.947620 15.794489
v -17.761110 0.985632 15.792273
v -17.733315 0.907765 15.797803
v -16.763229 1.161345 14.563286
v -17.055603 1.274089 14.717023
v -17.309450 1.161318 14.928321
v -17.054155 1.161306 14.719194
v -17.520782 1.274114 15.182209
v -17.674480 1.161346 15.474560
v -17.518604 1.161338 15.183622
v -16.118862 1.161340 14.435115
v -16.447828 1.274070 14.465229
v -16.447302 1.161308 14.467824
v -17.772522 1.274106 15.790007
v -17.802664 1.161351 16.118929
v -17.769989 1.161352 15.790480
v -15.474528 1.161341 14.563276
v -15.789968 1.274110 14.465243
v -15.790463 1.161325 14.467780
v -17.772564 1.274086 16.447845
v -17.674467 1.161307 16.763285
v -17.769955 1.161317 16.447359
v -14.928263 1.161328 14.928329
v -15.182188 1.274079 14.717012
v -15.183615 1.161326 14.719139
v -17.520813 1.274083 17.055637
v -17.309475 1.161335 17.309559
v -17.518637 1.161343 17.054220
v -14.563279 1.161347 15.474555
v -14.716952 1.274078 15.182180
v -14.719120 1.161303 15.183643
v -17.055588 1.274108 17.520859
v -16.763222 1.161324 17.674543
v -17.054136 1.161298 17.518711
v -14.435082 1.161307 16.118904
v -14.465216 1.274098 15.789977
v -14.467766 1.161353 15.790496
v -16.447794 1.274063 17.772602
v -16.118874 1.161323 17.802727
v -16.447266 1.161328 17.770035
v -14.563241 1.161307 16.763268
v -14.465195 1.274118 16.447851
v -14.467772 1.161338 16.447359
v -15.789960 1.274058 17.772635
v -15.474548 1.161297 17.674551
v -15.790470 1.161333 17.770056
v -14.928267 1.161351 17.309570
v -14.716986 1.274068 17.055662
v -14.719153 1.161314 17.054224
v -15.182143 1.274088 17.520876
v -15.183610 1.161344 17.518688
v -14.554671 1.335158 15.471041
v -14.701501 1.367106 15.171843
v -14.921699 1.335175 14.921757
v -14.711400 1.335163 15.178482
v -14.526633 1.392359 15.459415
v -14.665504 1.411030 15.147799
v -14.900257 1.392398 14.900300
v -14.686202 1.392379 15.161640
v -14.474685 1.423036 15.437911
v -14.860514 1.423055 14.860519
v -14.639441 1.423043 15.130404
v -17.683052 1.335183 16.766804
v -17.536240 1.367085 17.066011
v -17.316034 1.335150 17.316090
v -17.526306 1.335186 17.059372
v -17.711100 1.392383 16.778452
v -17.572235 1.411064 17.090057
v -17.337509 1.392388 17.337528
v -17.551529 1.392393 17.076227
v -17.763069 1.423048 16.799942
v -17.377264 1.423042 17.377319
v -17.598297 1.423036 17.107471
v -14.425806 1.335138 16.118931
v -14.446967 1.367072 15.786390
v -14.458658 1.335173 15.788701
v -14.395494 1.392368 16.118944
v -14.404488 1.411052 15.777923
v -14.428920 1.392391 15.782760
v -14.339213 1.423044 16.118919
v -14.373784 1.423056 15.771794
v -14.554711 1.335189 16.766796
v -14.446959 1.367078 16.451448
v -14.458661 1.335182 16.449150
v -14.526676 1.392369 16.778454
v -14.404505 1.411034 16.459904
v -14.428899 1.392360 16.455078
v -14.474678 1.423088 16.799946
v -14.373751 1.423051 16.466024
v -15.470961 1.335169 17.683117
v -15.171843 1.367068 17.536312
v -14.921734 1.335184 17.316088
v -15.178478 1.335153 17.526386
v -15.459377 1.392334 17.711159
v -15.147747 1.411017 17.572323
v -14.900229 1.392375 17.337555
v -15.161590 1.392391 17.551601
v -15.437862 1.423036 17.763096
v -14.860471 1.423048 17.377314
v -15.130320 1.423043 17.598373
v -16.766792 1.335155 14.554734
v -17.065935 1.367055 14.701552
v -17.316042 1.335176 14.921779
v -17.059284 1.335172 14.711449
v -16.778362 1.392344 14.526685
v -17.089993 1.411001 14.665564
v -17.337511 1.392349 14.900295
v -17.076180 1.392360 14.686232
v -16.799887 1.423035 14.474726
v -17.377243 1.423082 14.860498
v -17.107403 1.423062 14.639510
v -16.118866 1.335175 14.425882
v -16.451410 1.367060 14.447002
v -16.449080 1.335160 14.458724
v -16.118862 1.392371 14.395517
v -16.459866 1.411017 14.404536
v -16.455036 1.392362 14.428971
v -16.118872 1.423041 14.339256
v -16.465990 1.423054 14.373809
v -15.470998 1.335167 14.554759
v -15.786306 1.367064 14.447024
v -15.788657 1.335142 14.458684
v -15.459382 1.392342 14.526707
v -15.777861 1.411026 14.404578
v -15.782731 1.392356 14.428955
v -15.437848 1.423037 14.474735
v -15.771769 1.423047 14.373820
v -17.763041 1.423068 15.437901
v -17.572243 1.411048 15.147825
v -17.598309 1.423080 15.130394
v -17.711077 1.392365 15.459393
v -17.536249 1.367094 15.171857
v -17.551569 1.392385 15.161634
v -17.683039 1.335163 15.471000
v -17.526320 1.335202 15.178518
v -17.898500 1.423064 16.118902
v -17.833225 1.411046 15.777945
v -17.863979 1.423042 15.771782
v -17.842270 1.392375 16.118929
v -17.790773 1.367063 15.786351
v -17.808828 1.392390 15.782763
v -17.811918 1.335193 16.118919
v -17.779100 1.335173 15.788670
v -17.833221 1.411038 16.459930
v -17.863981 1.423031 16.466042
v -17.790775 1.367064 16.451494
v -17.808813 1.392374 16.455097
v -17.779078 1.335204 16.449160
v -15.147784 1.411024 14.665548
v -15.130378 1.423074 14.639472
v -15.171836 1.367057 14.701547
v -15.161572 1.392386 14.686265
v -15.178427 1.335193 14.711455
v -16.799921 1.423049 17.763124
v -17.089996 1.411003 17.572290
v -17.107397 1.423062 17.598352
v -16.778385 1.392338 17.711157
v -17.065924 1.367052 17.536312
v -17.076164 1.392347 17.551630
v -16.766750 1.335159 17.683128
v -17.059278 1.335145 17.526367
v -16.118872 1.423064 17.898567
v -16.459879 1.411024 17.833263
v -16.466000 1.423054 17.864033
v -16.118862 1.392356 17.842321
v -16.451454 1.367076 17.790836
v -16.455029 1.392334 17.808887
v -16.118855 1.335159 17.811964
v -16.449110 1.335157 17.779150
v -15.777855 1.411040 17.833305
v -15.771759 1.423033 17.864044
v -15.786333 1.367046 17.790859
v -15.782740 1.392349 17.808897
v -15.788652 1.335165 17.779148
v -14.665507 1.411004 17.090054
v -14.639427 1.423043 17.107454
v -14.701483 1.367103 17.066000
v -14.686193 1.392358 17.076248
v -14.711440 1.335165 17.059368
v -18.026640 1.435600 15.739451
v -18.026962 1.435600 15.742715
v -17.736368 1.435603 15.038165
v -17.737701 1.435603 15.040651
v -17.916403 1.435606 15.374355
v -17.917295 1.435606 15.377293
v -17.852901 1.435607 15.255704
v -17.199793 1.435609 17.736694
v -17.456917 1.435604 17.526083
v -17.197838 1.435609 17.737745
v -16.975185 1.435614 17.857134
v -16.863615 1.435616 17.916952
v -16.861719 1.435616 17.917522
v -16.498436 1.435620 18.027105
v -16.496056 1.435620 18.027340
v -14.210708 1.435623 15.739401
v -14.211411 1.435623 15.737066
v -14.322335 1.435621 15.372022
v -14.321131 1.435621 15.374269
v -14.500896 1.435624 17.200054
v -14.416760 1.435627 17.042583
v -14.500129 1.435624 17.198616
v -14.320408 1.435628 16.861118
v -14.321153 1.435628 16.863567
v -15.247633 1.435609 17.849379
v -15.037800 1.435612 17.736925
v -15.036490 1.435612 17.735853
v -14.722837 1.435618 17.470364
v -14.742954 1.435617 17.494869
v -14.741368 1.435617 17.492933
v -14.210301 1.435629 16.496592
v -14.172910 1.435624 16.117056
v -14.172719 1.435625 16.118963
v -14.173691 1.435624 16.109249
v -14.215627 1.435629 16.515484
v -14.210496 1.435629 16.498549
v -15.372744 1.435612 17.916498
v -15.374035 1.435612 17.917189
v -17.051113 1.435603 14.421538
v -16.865993 1.435603 14.322655
v -16.863478 1.435603 14.321303
v -16.498497 1.435604 14.210309
v -16.499975 1.435604 14.210755
v -16.523598 1.435604 14.217936
v -15.037830 1.435612 14.501031
v -15.039465 1.435612 14.500154
v -18.064955 1.435595 16.118917
v -18.064667 1.435595 16.116070
v -18.064753 1.435595 16.120981
v -18.026609 1.435598 16.498375
v -18.025623 1.435598 16.501631
v -15.739193 1.435618 18.027637
v -15.737936 1.435618 18.027258
v -16.092655 1.435622 18.062593
v -16.118879 1.435622 18.065182
v -16.117132 1.435622 18.065008
v -15.739279 1.435606 14.210457
v -15.741112 1.435606 14.210275
v -15.376345 1.435609 14.320379
v -15.374200 1.435609 14.321026
v -17.199871 1.435599 14.501057
v -17.201347 1.435599 14.502269
v -17.467102 1.435592 14.720497
v -17.494665 1.435593 14.743100
v -17.496458 1.435593 14.745288
v -16.121216 1.435603 14.173213
v -16.118837 1.435603 14.172986
v -17.844271 1.435601 16.998520
v -17.915140 1.435600 16.866005
v -17.916477 1.435600 16.863510
v -17.736624 1.435604 17.199848
v -17.735172 1.435604 17.201622
v -17.494921 1.435605 17.494989
v -17.517637 1.435605 17.467262
v -17.493195 1.435605 17.496397
v -14.742600 1.435615 14.742637
v -14.743818 1.435615 14.741639
v -14.501188 1.435618 15.038012
v -14.502683 1.435618 15.036190
v 13.387216 0.750022 13.422912
v 18.817244 -1.463745 18.817282
v 13.949903 1.435618 13.987113
v 13.387240 -1.463731 18.817245
v 18.817282 -1.463741 13.422881
v 17.423519 -1.463735 18.817282
v 16.029827 -1.463748 18.817291
v 13.646066 1.435630 16.634466
v 16.649078 1.435597 13.645164
v 18.817270 -1.463720 16.107008
v 18.817259 -1.463747 17.462139
v 13.400227 -0.343992 17.635027
v 17.635069 -0.343989 13.395550
v 13.387207 -0.126677 18.062622
v 18.062513 -0.126713 13.422894
v 13.387240 -0.241897 18.817257
v 18.817278 -0.241860 13.422887
v 17.442635 0.707057 18.817257
v 18.817282 0.707070 18.817278
v 16.068083 0.707093 18.817253
v 18.817270 0.707041 16.111937
v 18.817238 0.707042 17.464569
v 13.630577 1.435614 18.573893
v 13.630551 1.435627 17.471579
v 16.088930 1.435635 18.573954
v 17.453119 1.435607 18.573921
v 18.573914 1.435636 18.573887
v 18.573904 1.435637 17.466078
v 18.573925 1.435597 16.114946
v 17.470934 1.435593 13.666253
v 18.573921 1.435636 13.666213
v 13.387211 1.309186 16.831841
v 13.387192 1.260339 17.640652
v 16.831818 1.309205 13.422894
v 17.640654 1.260346 13.422906
v 17.449011 1.192310 18.817249
v 18.817261 1.192295 18.817274
v 16.080776 1.192353 18.817282
v 18.817274 1.192281 13.422916
v 13.387219 1.192239 18.817247
v 18.817251 1.192269 16.113604
v 18.817274 1.192245 17.465416
v 13.387209 1.192267 13.422933
v 13.672633 1.445342 13.709144
v 13.486016 1.364238 13.522019
v 18.745897 1.327830 17.491924
v 18.745958 1.327845 18.745649
v 18.745890 1.327842 16.114151
v 17.583965 1.361870 13.494473
v 18.745941 1.327830 13.494473
v 16.752785 1.386301 13.483743
v 13.466293 1.386318 16.745056
v 13.458391 1.361909 17.584021
v 17.477200 1.327822 18.745628
v 16.084415 1.327857 18.745680
v 13.458362 1.327844 18.745676
v 16.118872 0.765073 16.118929
v 16.118881 0.769685 17.435158
v 15.615169 0.769717 17.334991
v 15.188155 0.769711 17.049667
v 14.902839 0.769687 16.622633
v 14.802615 0.769680 16.118940
v 16.118885 0.868780 17.741489
v 15.497922 0.868733 17.617998
v 15.525029 0.803765 17.552605
v 16.118853 0.803734 17.670736
v 14.971568 0.868765 17.266251
v 15.021620 0.803744 17.216232
v 14.619808 0.868755 16.739838
v 14.685230 0.803698 16.712780
v 14.496292 0.868745 16.118948
v 14.567067 0.803744 16.118935
v 16.118896 1.048067 17.800190
v 15.475511 1.048115 17.672209
v 15.482336 0.947607 17.655727
v 16.118851 0.947592 17.782333
v 14.930072 1.048078 17.307762
v 14.942689 0.947563 17.295130
v 14.565605 1.048089 16.762318
v 14.582096 0.947587 16.755482
v 14.437672 1.048109 16.118938
v 14.455509 0.947592 16.118912
v 16.622543 0.769718 17.334963
v 17.049593 0.769735 17.049660
v 17.334890 0.769709 16.622641
v 17.435102 0.769704 16.118944
v 16.712698 0.803743 17.552610
v 16.739798 0.868742 17.617964
v 17.216164 0.803730 17.216221
v 17.266186 0.868737 17.266266
v 17.552528 0.803754 16.712774
v 17.617916 0.868752 16.739864
v 17.670677 0.803740 16.118935
v 17.741451 0.868738 16.118948
v 16.755400 0.947577 17.655684
v 16.762247 1.048113 17.672167
v 17.295046 0.947584 17.295149
v 17.307667 1.048095 17.307734
v 17.655628 0.947623 16.755468
v 17.672096 1.048124 16.762291
v 17.782257 0.947581 16.118904
v 17.800095 1.048090 16.118946
v 15.615194 0.769692 14.902890
v 16.118877 0.769728 14.802696
v 15.188174 0.769692 15.188220
v 14.902815 0.769692 15.615223
v 15.525038 0.803705 14.685272
v 15.497960 0.868757 14.619895
v 16.118855 0.868750 14.496335
v 16.118870 0.803761 14.567110
v 15.021598 0.803739 15.021630
v 14.971562 0.868740 14.971581
v 14.685217 0.803745 15.525059
v 14.619821 0.868750 15.498021
v 15.482326 0.947559 14.582154
v 15.475516 1.048105 14.565633
v 16.118889 1.048078 14.437681
v 16.118893 0.947568 14.455549
v 14.942698 0.947586 14.942735
v 14.930073 1.048097 14.930116
v 14.582110 0.947610 15.482402
v 14.565613 1.048092 15.475525
v 16.622561 0.769693 14.902901
v 17.049568 0.769720 15.188181
v 17.334902 0.769695 15.615216
v 16.739813 0.868746 14.619848
v 16.712723 0.803730 14.685256
v 17.266178 0.868738 14.971600
v 17.216162 0.803740 15.021637
v 17.617941 0.868768 15.497993
v 17.552542 0.803703 15.525108
v 16.762211 1.048084 14.565669
v 16.755409 0.947591 14.582162
v 17.307665 1.048109 14.930106
v 17.295029 0.947603 14.942746
v 17.672100 1.048084 15.475554
v 17.655638 0.947576 15.482373
v 16.764240 1.274080 14.560888
v 17.311319 1.274089 14.926474
v 17.676891 1.274107 15.473547
v 16.118881 1.274101 14.432550
v 17.805277 1.274070 16.118942
v 15.473526 1.274065 14.560888
v 17.676888 1.274088 16.764244
v 14.926438 1.274079 14.926479
v 17.311323 1.274084 17.311378
v 14.560862 1.274091 15.473557
v 16.764212 1.274091 17.676977
v 14.432484 1.274113 16.118937
v 16.118896 1.274068 17.805330
v 14.560871 1.274120 16.764256
v 15.473518 1.274106 17.676979
v 14.926423 1.274118 17.311361
v 14.543654 1.367089 15.466455
v 14.913274 1.367082 14.913348
v 14.503671 1.411014 15.449903
v 14.882640 1.411037 14.882676
v 17.694075 1.367060 16.771397
v 17.324474 1.367073 17.324545
v 17.734081 1.411058 16.787943
v 17.355082 1.411050 17.355146
v 14.413904 1.367092 16.118958
v 14.370588 1.411040 16.118937
v 14.543643 1.367079 16.771378
v 14.503647 1.411041 16.787970
v 15.466414 1.367090 17.694178
v 14.913276 1.367066 17.324560
v 15.449852 1.411051 17.734152
v 14.882662 1.411039 17.355122
v 16.771338 1.367062 14.543743
v 17.324465 1.367072 14.913287
v 16.787893 1.411010 14.503683
v 17.355097 1.411043 14.882695
v 16.118853 1.367084 14.413921
v 16.118872 1.411021 14.370648
v 15.466429 1.367062 14.543717
v 15.449856 1.410994 14.503728
v 17.734072 1.411013 15.449909
v 17.694078 1.367054 15.466468
v 17.867126 1.411043 16.118938
v 17.823847 1.367089 16.118917
v 16.787907 1.411041 17.734121
v 16.771368 1.367067 17.694136
v 16.118866 1.411014 17.867201
v 16.118874 1.367081 17.823910
v 16.118837 0.765307 16.965982
v 15.856101 0.769722 17.439947
v 15.794713 0.765278 16.901455
v 15.929547 0.765320 17.070820
v 15.370580 0.769716 17.238806
v 15.519962 0.765319 16.717871
v 15.579686 0.765340 16.925915
v 14.998946 0.769701 16.867241
v 15.336325 0.765292 16.443054
v 15.311904 0.765321 16.658136
v 14.797860 0.769710 16.381676
v 15.271852 0.765287 16.118937
v 15.166965 0.765317 16.308250
v 16.118879 0.833289 17.709826
v 15.802376 0.868771 17.710011
v 15.510051 0.833278 17.588749
v 15.816174 0.803717 17.640619
v 15.808568 0.833260 17.678980
v 16.118847 0.782536 17.624647
v 15.542684 0.782525 17.510025
v 15.825164 0.782545 17.595432
v 15.217619 0.868747 17.467787
v 14.993975 0.833275 17.243853
v 15.256913 0.803701 17.408945
v 15.235193 0.833248 17.441454
v 15.054182 0.782521 17.183626
v 15.282545 0.782521 17.370630
v 14.770020 0.868762 17.020235
v 14.649088 0.833297 16.727734
v 14.828875 0.803700 16.980888
v 14.796358 0.833298 17.002602
v 14.727811 0.782552 16.695129
v 14.867200 0.782540 16.955307
v 14.527795 0.868783 16.435400
v 14.527980 0.833251 16.118948
v 14.597189 0.803698 16.421606
v 14.558873 0.833261 16.429234
v 14.613181 0.782536 16.118916
v 14.642401 0.782518 16.412634
v 16.118870 0.985612 17.793678
v 15.790936 1.048064 17.767557
v 15.477980 0.985612 17.666157
v 15.794398 0.947569 17.750057
v 15.792242 0.985582 17.761173
v 16.118885 0.907769 17.765297
v 15.488832 0.907741 17.639980
v 15.797735 0.907739 17.733334
v 15.185030 1.048110 17.516573
v 14.934658 0.985594 17.303144
v 15.194940 0.947602 17.501724
v 15.188616 0.985631 17.511156
v 14.954730 0.907771 17.283060
v 15.204375 0.907758 17.487570
v 14.721287 1.048116 17.052807
v 14.571646 0.985592 16.759802
v 14.736098 0.947611 17.042873
v 14.726680 0.985606 17.049150
v 14.597845 0.907773 16.748964
v 14.750217 0.907756 17.033428
v 14.470238 1.048121 16.446865
v 14.444151 0.985622 16.118904
v 14.487778 0.947598 16.443373
v 14.476639 0.985615 16.445564
v 14.472518 0.907730 16.118925
v 14.504432 0.907757 16.440048
v 16.381634 0.769712 17.439949
v 16.443035 0.765273 16.901491
v 16.308216 0.765331 17.070862
v 16.867165 0.769694 17.238811
v 16.717796 0.765303 16.717867
v 16.658043 0.765360 16.925915
v 17.238750 0.769695 16.867247
v 16.901402 0.765271 16.443075
v 16.925856 0.765322 16.658129
v 17.439886 0.769728 16.381706
v 16.965912 0.765278 16.118910
v 17.070742 0.765326 16.308275
v 16.421551 0.803722 17.640602
v 16.727692 0.833256 17.588724
v 16.435356 0.868752 17.710039
v 16.429174 0.833261 17.678986
v 16.695093 0.782520 17.510000
v 16.412558 0.782532 17.595413
v 16.980846 0.803756 17.408943
v 17.243803 0.833297 17.243843
v 17.020130 0.868767 17.467779
v 17.002546 0.833288 17.441450
v 17.183537 0.782543 17.183594
v 16.955240 0.782522 17.370651
v 17.408895 0.803719 16.980883
v 17.588652 0.833253 16.727736
v 17.467720 0.868766 17.020208
v 17.441406 0.833272 17.002598
v 17.509968 0.782507 16.695133
v 17.370594 0.782515 16.955284
v 17.640549 0.803733 16.421610
v 17.709749 0.833260 16.118914
v 17.709936 0.868726 16.435423
v 17.678875 0.833268 16.429222
v 17.624529 0.782531 16.118938
v 17.595335 0.782528 16.412617
v 16.443316 0.947595 17.750027
v 16.759752 0.985604 17.666143
v 16.446777 1.048087 17.767546
v 16.445524 0.985595 17.761185
v 16.748909 0.907763 17.639969
v 16.439972 0.907767 17.733351
v 17.042803 0.947590 17.501719
v 17.303076 0.985602 17.303108
v 17.052725 1.048111 17.516556
v 17.049089 0.985617 17.511156
v 17.282995 0.907742 17.283068
v 17.033367 0.907727 17.487587
v 17.501675 0.947613 17.042870
v 17.666098 0.985618 16.759804
v 17.516493 1.048101 17.052795
v 17.511087 0.985593 17.049170
v 17.639915 0.907747 16.748936
v 17.487505 0.907752 17.033440
v 17.749979 0.947587 16.443373
v 17.793608 0.985636 16.118925
v 17.767467 1.048122 16.446852
v 17.761118 0.985632 16.445578
v 17.765238 0.907733 16.118906
v 17.733269 0.907744 16.440035
v 15.856119 0.769737 14.797900
v 16.118885 0.765304 15.271909
v 15.794738 0.765308 15.336389
v 15.929553 0.765326 15.167030
v 15.370557 0.769701 14.999028
v 15.519925 0.765294 15.519975
v 15.579670 0.765321 15.311957
v 14.998984 0.769717 15.370625
v 15.336310 0.765268 15.794763
v 15.311904 0.765356 15.579714
v 14.797840 0.769688 15.856165
v 15.166986 0.765323 15.929569
v 15.816157 0.803715 14.597228
v 15.510062 0.833251 14.649134
v 15.802399 0.868714 14.527831
v 16.118874 0.833278 14.528027
v 15.808577 0.833294 14.558887
v 15.542665 0.782551 14.727827
v 16.118881 0.782544 14.613229
v 15.825183 0.782543 14.642422
v 15.256907 0.803708 14.828903
v 14.993967 0.833264 14.993967
v 15.217592 0.868759 14.770089
v 15.235217 0.833253 14.796369
v 15.054186 0.782529 15.054249
v 15.282519 0.782532 14.867261
v 14.828858 0.803708 15.256961
v 14.649102 0.833300 15.510097
v 14.770036 0.868767 15.217661
v 14.796362 0.833253 15.235261
v 14.727823 0.782520 15.542741
v 14.867169 0.782505 15.282578
v 14.597193 0.803752 15.816258
v 14.527787 0.868757 15.802471
v 14.558827 0.833272 15.808627
v 14.642408 0.782494 15.825250
v 15.794451 0.947587 14.487786
v 15.477991 0.985618 14.571657
v 15.790920 1.048073 14.470300
v 16.118862 0.985632 14.444209
v 15.792192 0.985602 14.476671
v 15.488832 0.907756 14.597870
v 16.118881 0.907764 14.472556
v 15.797742 0.907752 14.504520
v 15.194946 0.947579 14.736157
v 14.934673 0.985613 14.934694
v 15.185033 1.048103 14.721285
v 15.188656 0.985615 14.726721
v 14.954730 0.907756 14.954772
v 15.204399 0.907769 14.750286
v 14.736098 0.947605 15.194998
v 14.571638 0.985618 15.478020
v 14.721245 1.048102 15.185030
v 14.726676 0.985618 15.188711
v 14.597834 0.907731 15.488917
v 14.750235 0.907731 15.204431
v 14.487779 0.947584 15.794466
v 14.470249 1.048114 15.790992
v 14.476635 0.985622 15.792242
v 14.504452 0.907758 15.797777
v 16.381624 0.769721 14.797915
v 16.443022 0.765303 15.336351
v 16.308216 0.765336 15.167049
v 16.867174 0.769739 14.999018
v 16.717798 0.765281 15.519953
v 16.658089 0.765339 15.311954
v 17.238781 0.769715 15.370609
v 16.901430 0.765295 15.794764
v 16.925852 0.765338 15.579713
v 17.439877 0.769689 15.856136
v 17.070776 0.765321 15.929558
v 16.435335 0.868727 14.527839
v 16.727690 0.833264 14.649162
v 16.421539 0.803743 14.597266
v 16.429159 0.833276 14.558898
v 16.695095 0.782554 14.727846
v 16.412544 0.782518 14.642456
v 17.020140 0.868743 14.770052
v 17.243790 0.833262 14.994000
v 16.980835 0.803721 14.828874
v 17.002562 0.833248 14.796395
v 17.183529 0.782553 15.054237
v 16.955215 0.782502 14.867236
v 17.467714 0.868754 15.217630
v 17.588661 0.833250 15.510118
v 17.408876 0.803706 15.256971
v 17.441412 0.833298 15.235237
v 17.509914 0.782543 15.542735
v 17.370529 0.782542 15.282580
v 17.709946 0.868757 15.802442
v 17.640551 0.803752 15.816225
v 17.678930 0.833273 15.808618
v 17.595348 0.782526 15.825266
v 16.446819 1.048083 14.470305
v 16.759750 0.985615 14.571691
v 16.443300 0.947608 14.487790
v 16.445526 0.985599 14.476700
v 16.748898 0.907753 14.597844
v 16.440012 0.907731 14.504512
v 17.052736 1.048062 14.721273
v 17.303053 0.985600 14.934744
v 17.042791 0.947573 14.736152
v 17.049118 0.985629 14.726710
v 17.283035 0.907756 14.954789
v 17.033354 0.907730 14.750305
v 17.516491 1.048091 15.185040
v 17.666105 0.985623 15.478052
v 17.501665 0.947602 15.194959
v 17.511070 0.985640 15.188698
v 17.639910 0.907739 15.488883
v 17.487522 0.907736 15.204431
v 17.767500 1.048122 15.790965
v 17.749964 0.947620 15.794489
v 17.761110 0.985632 15.792273
v 17.733315 0.907765 15.797803
v 16.763229 1.161345 14.563286
v 17.055603 1.274089 14.717023
v 17.309450 1.161318 14.928321
v 17.054155 1.161306 14.719194
v 17.520782 1.274114 15.182209
v 17.674480 1.161346 15.474560
v 17.518604 1.161338 15.183622
v 16.118862 1.161340 14.435115
v 16.447828 1.274070 14.465229
v 16.447302 1.161308 14.467824
v 17.772522 1.274106 15.790007
v 17.802664 1.161351 16.118929
v 17.769989 1.161352 15.790480
v 15.474528 1.161341 14.563276
v 15.789968 1.274110 14.465243
v 15.790463 1.161325 14.467780
v 17.772564 1.274086 16.447845
v 17.674467 1.161307 16.763285
v 17.769955 1.161317 16.447359
v 14.928263 1.161328 14.928329
v 15.182188 1.274079 14.717012
v 15.183615 1.161326 14.719139
v 17.520813 1.274083 17.055637
v 17.309475 1.161335 17.309559
v 17.518637 1.161343 17.054220
v 14.563279 1.161347 15.474555
v 14.716952 1.274078 15.182180
v 14.719120 1.161303 15.183643
v 17.055588 1.274108 17.520859
v 16.763222 1.161324 17.674543
v 17.054136 1.161298 17.518711
v 14.435082 1.161307 16.118904
v 14.465216 1.274098 15.789977
v 14.467766 1.161353 15.790496
v 16.447794 1.274063 17.772602
v 16.118874 1.161323 17.802727
v 16.447266 1.161328 17.770035
v 14.563241 1.161307 16.763268
v 14.465195 1.274118 16.447851
v 14.467772 1.161338 16.447359
v 15.789960 1.274058 17.772635
v 15.474548 1.161297 17.674551
v 15.790470 1.161333 17.770056
v 14.928267 1.161351 17.309570
v 14.716986 1.274068 17.055662
v 14.719153 1.161314 17.054224
v 15.182143 1.274088 17.520876
v 15.183610 1.161344 17.518688
v 14.554671 1.335158 15.471041
v 14.701501 1.367106 15.171843
v 14.921699 1.335175 14.921757
v 14.711400 1.335163 15.178482
v 14.526633 1.392359 15.459415
v 14.665504 1.411030 15.147799
v 14.900257 1.392398 14.900300
v 14.686202 1.392379 15.161640
v 14.474685 1.423036 15.437911
v 14.860514 1.423055 14.860519
v 14.639441 1.423043 15.130404
v 17.683052 1.335183 16.766804
v 17.536240 1.367085 17.066011
v 17.316034 1.335150 17.316090
v 17.526306 1.335186 17.059372
v 17.711100 1.392383 16.778452
v 17.572235 1.411064 17.090057
v 17.337509 1.392388 17.337528
v 17.551529 1.392393 17.076227
v 17.763069 1.423048 16.799942
v 17.377264 1.423042 17.377319
v 17.598297 1.423036 17.107471
v 14.425806 1.335138 16.118931
v 14.446967 1.367072 15.786390
v 14.458658 1.335173 15.788701
v 14.395494 1.392368 16.118944
v 14.404488 1.411052 15.777923
v 14.428920 1.392391 15.782760
v 14.339213 1.423044 16.118919
v 14.373784 1.423056 15.771794
v 14.554711 1.335189 16.766796
v 14.446959 1.367078 16.451448
v 14.458661 1.335182 16.449150
v 14.526676 1.392369 16.778454
v 14.404505 1.411034 16.459904
v 14.428899 1.392360 16.455078
v 14.474678 1.423088 16.799946
v 14.373751 1.423051 16.466024
v 15.470961 1.335169 17.683117
v 15.171843 1.367068 17.536312
v 14.921734 1.335184 17.316088
v 15.178478 1.335153 17.526386
v 15.459377 1.392334 17.711159
v 15.147747 1.411017 17.572323
v 14.900229 1.392375 17.337555
v 15.161590 1.392391 17.551601
v 15.437862 1.423036 17.763096
v 14.860471 1.423048 17.377314
v 15.130320 1.423043 17.598373
v 16.766792 1.335155 14.554734
v 17.065935 1.367055 14.701552
v 17.316042 1.335176 14.921779
v 17.059284 1.335172 14.711449
v 16.778362 1.392344 14.526685
v 17.089993 1.411001 14.665564
v 17.337511 1.392349 14.900295
v 17.076180 1.392360 14.686232
v 16.799887 1.423035 14.474726
v 17.377243 1.423082 14.860498
v 17.107403 1.423062 14.639510
v 16.118866 1.335175 14.425882
v 16.451410 1.367060 14.447002
v 16.449080 1.335160 14.458724
v 16.118862 1.392371 14.395517
v 16.459866 1.411017 14.404536
v 16.455036 1.392362 14.428971
v 16.118872 1.423041 14.339256
v 16.465990 1.423054 14.373809
v 15.470998 1.335167 14.554759
v 15.786306 1.367064 14.447024
v 15.788657 1.335142 14.458684
v 15.459382 1.392342 14.526707
v 15.777861 1.411026 14.404578
v 15.782731 1.392356 14.428955
v 15.437848 1.423037 14.474735
v 15.771769 1.423047 14.373820
v 17.763041 1.423068 15.437901
v 17.572243 1.411048 15.147825
v 17.598309 1.423080 15.130394
v 17.711077 1.392365 15.459393
v 17.536249 1.367094 15.171857
v 17.551569 1.392385 15.161634
v 17.683039 1.335163 15.471000
v 17.526320 1.335202 15.178518
v 17.898500 1.423064 16.118902
v 17.833225 1.411046 15.777945
v 17.863979 1.423042 15.771782
v 17.842270 1.392375 16.118929
v 17.790773 1.367063 15.786351
v 17.808828 1.392390 15.782763
v 17.811918 1.335193 16.118919
v 17.779100 1.335173 15.788670
v 17.833221 1.411038 16.459930
v 17.863981 1.423031 16.466042
v 17.790775 1.367064 16.451494
v 17.808813 1.392374 16.455097
v 17.779078 1.335204 16.449160
v 15.147784 1.411024 14.665548
v 15.130378 1.423074 14.639472
v 15.171836 1.367057 14.701547
v 15.161572 1.392386 14.686265
v 15.178427 1.335193 14.711455
v 16.799921 1.423049 17.763124
v 17.089996 1.411003 17.572290
v 17.107397 1.423062 17.598352
v 16.778385 1.392338 17.711157
v 17.065924 1.367052 17.536312
v 17.076164 1.392347 17.551630
v 16.766750 1.335159 17.683128
v 17.059278 1.335145 17.526367
v 16.118872 1.423064 17.898567
v 16.459879 1.411024 17.833263
v 16.466000 1.423054 17.864033
v 16.118862 1.392356 17.842321
v 16.451454 1.367076 17.790836
v 16.455029 1.392334 17.808887
v 16.118855 1.335159 17.811964
v 16.449110 1.335157 17.779150
v 15.777855 1.411040 17.833305
v 15.771759 1.423033 17.864044
v 15.786333 1.367046 17.790859
v 15.782740 1.392349 17.808897
v 15.788652 1.335165 17.779148
v 14.665507 1.411004 17.090054
v 14.639427 1.423043 17.107454
v 14.701483 1.367103 17.066000
v 14.686193 1.392358 17.076248
v 14.711440 1.335165 17.059368
v 18.026640 1.435600 15.739451
v 18.026962 1.435600 15.742715
v 17.736368 1.435603 15.038165
v 17.737701 1.435603 15.040651
v 17.916403 1.435606 15.374355
v 17.917295 1.435606 15.377293
v 17.852901 1.435607 15.255704
v 17.199793 1.435609 17.736694
v 17.456917 1.435604 17.526083
v 17.197838 1.435609 17.737745
v 16.975185 1.435614 17.857134
v 16.863615 1.435616 17.916952
v 16.861719 1.435616 17.917522
v 16.498436 1.435620 18.027105
v 16.496056 1.435620 18.027340
v 14.210708 1.435623 15.739401
v 14.211411 1.435623 15.737066
v 14.322335 1.435621 15.372022
v 14.321131 1.435621 15.374269
v 14.500896 1.435624 17.200054
v 14.416760 1.435627 17.042583
v 14.500129 1.435624 17.198616
v 14.320408 1.435628 16.861118
v 14.321153 1.435628 16.863567
v 15.247633 1.435609 17.849379
v 15.037800 1.435612 17.736925
v 15.036490 1.435612 17.735853
v 14.722837 1.435618 17.470364
v 14.742954 1.435617 17.494869
v 14.741368 1.435617 17.492933
v 14.210301 1.435629 16.496592
v 14.172910 1.435624 16.117056
v 14.172719 1.435625 16.118963
v 14.173691 1.435624 16.109249
v 14.215627 1.435629 16.515484
v 14.210496 1.435629 16.498549
v 15.372744 1.435612 17.916498
v 15.374035 1.435612 17.917189
v 17.051113 1.435603 14.421538
v 16.865993 1.435603 14.322655
v 16.863478 1.435603 14.321303
v 16.498497 1.435604 14.210309
v 16.499975 1.435604 14.210755
v 16.523598 1.435604 14.217936
v 15.037830 1.435612 14.501031
v 15.039465 1.435612 14.500154
v 18.064955 1.435595 16.118917
v 18.064667 1.435595 16.116070
v 18.064753 1.435595 16.120981
v 18.026609 1.435598 16.498375
v 18.025623 1.435598 16.501631
v 15.739193 1.435618 18.027637
v 15.737936 1.435618 18.027258
v 16.092655 1.435622 18.062593
v 16.118879 1.435622 18.065182
v 16.117132 1.435622 18.065008
v 15.739279 1.435606 14.210457
v 15.741112 1.435606 14.210275
v 15.376345 1.435609 14.320379
v 15.374200 1.435609 14.321026
v 17.199871 1.435599 14.501057
v 17.201347 1.435599 14.502269
v 17.467102 1.435592 14.720497
v 17.494665 1.435593 14.743100
v 17.496458 1.435593 14.745288
v 16.121216 1.435603 14.173213
v 16.118837 1.435603 14.172986
v 17.844271 1.435601 16.998520
v 17.915140 1.435600 16.866005
v 17.916477 1.435600 16.863510
v 17.736624 1.435604 17.199848
v 17.735172 1.435604 17.201622
v 17.494921 1.435605 17.494989
v 17.517637 1.435605 17.467262
v 17.493195 1.435605 17.496397
v 14.742600 1.435615 14.742637
v 14.743818 1.435615 14.741639
v 14.501188 1.435618 15.038012
v 14.502683 1.435618 15.036190
v -13.387216 0.750022 -13.422912
v -18.817244 -1.463745 -18.817282
v -13.949903 1.435618 -13.987113
v -13.387240 -1.463731 -18.817245
v -18.817282 -1.463741 -13.422881
v -17.423519 -1.463735 -18.817282
v -16.029827 -1.463748 -18.817291
v -13.646066 1.435630 -16.634466
v -16.649078 1.435597 -13.645164
v -18.817270 -1.463720 -16.107008
v -18.817259 -1.463747 -17.462139
v -13.400227 -0.343992 -17.635027
v -17.635069 -0.343989 -13.395550
v -13.387207 -0.126677 -18.062622
v -18.062513 -0.126713 -13.422894
v -13.387240 -0.241897 -18.817257
v -18.817278 -0.241860 -13.422887
v -17.442635 0.707057 -18.817257
v -18.817282 0.707070 -18.817278
v -16.068083 0.707093 -18.817253
v -18.817270 0.707041 -16.111937
v -18.817238 0.707042 -17.464569
v -13.630577 1.435614 -18.573893
v -13.630551 1.435627 -17.471579
v -16.088930 1.435635 -18.573954
v -17.453119 1.435607 -18.573921
v -18.573914 1.435636 -18.573887
v -18.573904 1.435637 -17.466078
v -18.573925 1.435597 -16.114946
v -17.470934 1.435593 -13.666253
v -18.573921 1.435636 -13.666213
v -13.387211 1.309186 -16.831841
v -13.387192 1.260339 -17.640652
v -16.831818 1.309205 -13.422894
v -17.640654 1.260346 -13.422906
v -17.449011 1.192310 -18.817249
v -18.817261 1.192295 -18.817274
v -16.080776 1.192353 -18.817282
v -18.817274 1.192281 -13.422916
v -13.387219 1.192239 -18.817247
v -18.817251 1.192269 -16.113604
v -18.817274 1.192245 -17.465416
v -13.387209 1.192267 -13.422933
v -13.672633 1.445342 -13.709144
v -13.486016 1.364238 -13.522019
v -18.745897 1.327830 -17.491924
v -18.745958 1.327845 -18.745649
v -18.745890 1.327842 -16.114151
v -17.583965 1.361870 -13.494473
v -18.745941 1.327830 -13.494473
v -16.752785 1.386301 -13.483743
v -13.466293 1.386318 -16.745056
v -13.458391 1.361909 -17.584021
v -17.477200 1.327822 -18.745628
v -16.084415 1.327857 -18.745680
v -13.458362 1.327844 -18.745676
v -16.118872 0.765073 -16.118929
v -16.118881 0.769685 -17.435158
v -15.615169 0.769717 -17.334991
v -15.188155 0.769711 -17.049667
v -14.902839 0.769687 -16.622633
v -14.802615 0.769680 -16.118940
v -16.118885 0.868780 -17.741489
v -15.497922 0.868733 -17.617998
v -15.525029 0.803765 -17.552605
v -16.118853 0.803734 -17.670736
v -14.971568 0.868765 -17.266251
v -15.021620 0.803744 -17.216232
v -14.619808 0.868755 -16.739838
v -14.685230 0.803698 -16.712780
v -14.496292 0.868745 -16.118948
v -14.567067 0.803744 -16.118935
v -16.118896 1.048067 -17.800190
v -15.475511 1.048115 -17.672209
v -15.482336 0.947607 -17.655727
v -16.118851 0.947592 -17.782333
v -14.930072 1.048078 -17.307762
v -14.942689 0.947563 -17.295130
v -14.565605 1.048089 -16.762318
v -14.582096 0.947587 -16.755482
v -14.437672 1.048109 -16.118938
v -14.455509 0.947592 -16.118912
v -16.622543 0.769718 -17.334963
v -17.049593 0.769735 -17.049660
v -17.334890 0.769709 -16.622641
v -17.435102 0.769704 -16.118944
v -16.712698 0.803743 -17.552610
v -16.739798 0.868742 -17.617964
v -17.216164 0.803730 -17.216221
v -17.266186 0.868737 -17.266266
v -17.552528 0.803754 -16.712774
v -17.617916 0.868752 -16.739864
v -17.670677 0.803740 -16.118935
v -17.741451 0.868738 -16.118948
v -16.755400 0.947577 -17.655684
v -16.762247 1.048113 -17.672167
v -17.295046 0.947584 -17.295149
v -17.307667 1.048095 -17.307734
v -17.655628 0.947623 -16.755468
v -17.672096 1.048124 -16.762291
v -17.782257 0.947581 -16.118904
v -17.800095 1.048090 -16.118946
v -15.615194 0.769692 -14.902890
v -16.118877 0.769728 -14.802696
v -15.188174 0.769692 -15.188220
v -14.902815 0.769692 -15.615223
v -15.525038 0.803705 -14.685272
v -15.497960 0.868757 -14.619895
v -16.118855 0.868750 -14.496335
v -16.118870 0.803761 -14.567110
v -15.021598 0.803739 -15.021630
v -14.971562 0.868740 -14.971581
v -14.685217 0.803745 -15.525059
v -14.619821 0.868750 -15.498021
v -15.482326 0.947559 -14.582154
v -15.475516 1.048105 -14.565633
v -16.118889 1.048078 -14.437681
v -16.118893 0.947568 -14.455549
v -14.942698 0.947586 -14.942735
v -14.930073 1.048097 -14.930116
v -14.582110 0.947610 -15.482402
v -14.565613 1.048092 -15.475525
v -16.622561 0.769693 -14.902901
v -17.049568 0.769720 -15.188181
v -17.334902 0.769695 -15.615216
v -16.739813 0.868746 -14.619848
v -16.712723 0.803730 -14.685256
v -17.266178 0.868738 -14.971600
v -17.216162 0.803740 -15.021637
v -17.617941 0.868768 -15.497993
v -17.552542 0.803703 -15.525108
v -16.762211 1.048084 -14.565669
v -16.755409 0.947591 -14.582162
v -17.307665 1.048109 -14.930106
v -17.295029 0.947603 -14.942746
v -17.672100 1.048084 -15.475554
v -17.655638 0.947576 -15.482373
v -16.764240 1.274080 -14.560888
v -17.311319 1.274089 -14.926474
v -17.676891 1.274107 -15.473547
v -16.118881 1.274101 -14.432550
v -17.805277 1.274070 -16.118942
v -15.473526 1.274065 -14.560888
v -17.676888 1.274088 -16.764244
v -14.926438 1.274079 -14.926479
v -17.311323 1.274084 -17.311378
v -14.560862 1.274091 -15.473557
v -16.764212 1.274091 -17.676977
v -14.432484 1.274113 -16.118937
v -16.118896 1.274068 -17.805330
v -14.560871 1.274120 -16.764256
v -15.473518 1.274106 -17.676979
v -14.926423 1.274118 -17.311361
v -14.543654 1.367089 -15.466455
v -14.913274 1.367082 -14.913348
v -14.503671 1.411014 -15.449903
v -14.882640 1.411037 -14.882676
v -17.694075 1.367060 -16.771397
v -17.324474 1.367073 -17.324545
v -17.734081 1.411058 -16.787943
v -17.355082 1.411050 -17.355146
v -14.413904 1.367092 -16.118958
v -14.370588 1.411040 -16.118937
v -14.543643 1.367079 -16.771378
v -14.503647 1.411041 -16.787970
v -15.466414 1.367090 -17.694178
v -14.913276 1.367066 -17.324560
v -15.449852 1.411051 -17.734152
v -14.882662 1.411039 -17.355122
v -16.771338 1.367062 -14.543743
v -17.324465 1.367072 -14.913287
v -16.787893 1.411010 -14.503683
v -17.355097 1.411043 -14.882695
v -16.118853 1.367084 -14.413921
v -16.118872 1.411021 -14.370648
v -15.466429 1.367062 -14.543717
v -15.449856 1.410994 -14.503728
v -17.734072 1.411013 -15.449909
v -17.694078 1.367054 -15.466468
v -17.867126 1.411043 -16.118938
v -17.823847 1.367089 -16.118917
v -16.787907 1.411041 -17.734121
v -16.771368 1.367067 -17.694136
v -16.118866 1.411014 -17.867201
v -16.118874 1.367081 -17.823910
v -16.118837 0.765307 -16.965982
v -15.856101 0.769722 -17.439947
v -15.794713 0.765278 -16.901455
v -15.929547 0.765320 -17.070820
v -15.370580 0.769716 -17.238806
v -15.519962 0.765319 -16.717871
v -15.579686 0.765340 -16.925915
v -14.998946 0.769701 -16.867241
v -15.336325 0.765292 -16.443054
v -15.311904 0.765321 -16.658136
v -14.797860 0.769710 -16.381676
v -15.271852 0.765287 -16.118937
v -15.166965 0.765317 -16.308250
v -16.118879 0.833289 -17.709826
v -15.802376 0.868771 -17.710011
v -15.510051 0.833278 -17.588749
v -15.816174 0.803717 -17.640619
v -15.808568 0.833260 -17.678980
v -16.118847 0.782536 -17.624647
v -15.542684 0.782525 -17.510025
v -15.825164 0.782545 -17.595432
v -15.217619 0.868747 -17.467787
v -14.993975 0.833275 -17.243853
v -15.256913 0.803701 -17.408945
v -15.235193 0.833248 -17.441454
v -15.054182 0.782521 -17.183626
v -15.282545 0.782521 -17.370630
v -14.770020 0.868762 -17.020235
v -14.649088 0.833297 -16.727734
v -14.828875 0.803700 -16.980888
v -14.796358 0.833298 -17.002602
v -14.727811 0.782552 -16.695129
v -14.867200 0.782540 -16.955307
v -14.527795 0.868783 -16.435400
v -14.527980 0.833251 -16.118948
v -14.597189 0.803698 -16.421606
v -14.558873 0.833261 -16.429234
v -14.613181 0.782536 -16.118916
v -14.642401 0.782518 -16.412634
v -16.118870 0.985612 -17.793678
v -15.790936 1.048064 -17.767557
v -15.477980 0.985612 -17.666157
v -15.794398 0.947569 -17.750057
v -15.792242 0.985582 -17.761173
v -16.118885 0.907769 -17.765297
v -15.488832 0.907741 -17.639980
v -15.797735 0.907739 -17.733334
v -15.185030 1.048110 -17.516573
v -14.934658 0.985594 -17.303144
v -15.194940 0.947602 -17.501724
v -15.188616 0.985631 -17.511156
v -14.954730 0.907771 -17.283060
v -15.204375 0.907758 -17.487570
v -14.721287 1.048116 -17.052807
v -14.571646 0.985592 -16.759802
v -14.736098 0.947611 -17.042873
v -14.726680 0.985606 -17.049150
v -14.597845 0.907773 -16.748964
v -14.750217 0.907756 -17.033428
v -14.470238 1.048121 -16.446865
v -14.444151 0.985622 -16.118904
v -14.487778 0.947598 -16.443373
v -14.476639 0.985615 -16.445564
v -14.472518 0.907730 -16.118925
v -14.504432 0.907757 -16.440048
v -16.381634 0.769712 -17.439949
v -16.443035 0.765273 -16.901491
v -16.308216 0.765331 -17.070862
v -16.867165 0.769694 -17.238811
v -16.717796 0.765303 -16.717867
v -16.658043 0.765360 -16.925915
v -17.238750 0.769695 -16.867247
v -16.901402 0.765271 -16.443075
v -16.925856 0.765322 -16.658129
v -17.439886 0.769728 -16.381706
v -16.965912 0.765278 -16.118910
v -17.070742 0.765326 -16.308275
v -16.421551 0.803722 -17.640602
v -16.727692 0.833256 -17.588724
v -16.435356 0.868752 -17.710039
v -16.429174 0.833261 -17.678986
v -16.695093 0.782520 -17.510000
v -16.412558 0.782532 -17.595413
v -16.980846 0.803756 -17.408943
v -17.243803 0.833297 -17.243843
v -17.020130 0.868767 -17.467779
v -17.002546 0.833288 -17.441450
v -17.183537 0.782543 -17.183594
v -16.955240 0.782522 -17.370651
v -17.408895 0.803719 -16.980883
v -17.588652 0.833253 -16.727736
v -17.467720 0.868766 -17.020208
v -17.441406 0.833272 -17.002598
v -17.509968 0.782507 -16.695133
v -17.370594 0.782515 -16.955284
v -17.640549 0.803733 -16.421610
v -17.709749 0.833260 -16.118914
v -17.709936 0.868726 -16.435423
v -17.678875 0.833268 -16.429222
v -17.624529 0.782531 -16.118938
v -17.595335 0.782528 -16.412617
v -16.443316 0.947595 -17.750027
v -16.759752 0.985604 -17.666143
v -16.446777 1.048087 -17.767546
v -16.445524 0.985595 -17.761185
v -16.748909 0.907763 -17.639969
v -16.439972 0.907767 -17.733351
v -17.042803 0.947590 -17.501719
v -17.303076 0.985602 -17.303108
v -17.052725 1.048111 -17.516556
v -17.049089 0.985617 -17.511156
v -17.282995 0.907742 -17.283068
v -17.033367 0.907727 -17.487587
v -17.501675 0.947613 -17.042870
v -17.666098 0.985618 -16.759804
v -17.516493 1.048101 -17.052795
v -17.511087 0.985593 -17.049170
v -17.639915 0.907747 -16.748936
v -17.487505 0.907752 -17.033440
v -17.749979 0.947587 -16.443373
v -17.793608 0.985636 -16.118925
v -17.767467 1.048122 -16.446852
v -17.761118 0.985632 -16.445578
v -17.765238 0.907733 -16.118906
v -17.733269 0.907744 -16.440035
v -15.856119 0.769737 -14.797900
v -16.118885 0.765304 -15.271909
v -15.794738 0.765308 -15.336389
v -15.929553 0.765326 -15.167030
v -15.370557 0.769701 -14.999028
v -15.519925 0.765294 -15.519975
v -15.579670 0.765321 -15.311957
v -14.998984 0.769717 -15.370625
v -15.336310 0.765268 -15.794763
v -15.311904 0.765356 -15.579714
v -14.797840 0.769688 -15.856165
v -15.166986 0.765323 -15.929569
v -15.816157 0.803715 -14.597228
v -15.510062 0.833251 -14.649134
v -15.802399 0.868714 -14.527831
v -16.118874 0.833278 -14.528027
v -15.808577 0.833294 -14.558887
v -15.542665 0.782551 -14.727827
v -16.118881 0.782544 -14.613229
v -15.825183 0.782543 -14.642422
v -15.256907 0.803708 -14.828903
v -14.993967 0.833264 -14.993967
v -15.217592 0.868759 -14.770089
v -15.235217 0.833253 -14.796369
v -15.054186 0.782529 -15.054249
v -15.282519 0.782532 -14.867261
v -14.828858 0.803708 -15.256961
v -14.649102 0.833300 -15.510097
v -14.770036 0.868767 -15.217661
v -14.796362 0.833253 -15.235261
v -14.727823 0.782520 -15.542741
v -14.867169 0.782505 -15.282578
v -14.597193 0.803752 -15.816258
v -14.527787 0.868757 -15.802471
v -14.558827 0.833272 -15.808627
v -14.642408 0.782494 -15.825250
v -15.794451 0.947587 -14.487786
v -15.477991 0.985618 -14.571657
v -15.790920 1.048073 -14.470300
v -16.118862 0.985632 -14.444209
v -15.792192 0.985602 -14.476671
v -15.488832 0.907756 -14.597870
v -16.118881 0.907764 -14.472556
v -15.797742 0.907752 -14.504520
v -15.194946 0.947579 -14.736157
v -14.934673 0.985613 -14.934694
v -15.185033 1.048103 -14.721285
v -15.188656 0.985615 -14.726721
v -14.954730 0.907756 -14.954772
v -15.204399 0.907769 -14.750286
v -14.736098 0.947605 -15.194998
v -14.571638 0.985618 -15.478020
v -14.721245 1.048102 -15.185030
v -14.726676 0.985618 -15.188711
v -14.597834 0.907731 -15.488917
v -14.750235 0.907731 -15.204431
v -14.487779 0.947584 -15.794466
v -14.470249 1.048114 -15.790992
v -14.476635 0.985622 -15.792242
v -14.504452 0.907758 -15.797777
v -16.381624 0.769721 -14.797915
v -16.443022 0.765303 -15.336351
v -16.308216 0.765336 -15.167049
v -16.867174 0.769739 -14.999018
v -16.717798 0.765281 -15.519953
v -16.658089 0.765339 -15.311954
v -17.238781 0.769715 -15.370609
v -16.901430 0.765295 -15.794764
v -16.925852 0.765338 -15.579713
v -17.439877 0.769689 -15.856136
v -17.070776 0.765321 -15.929558
v -16.435335 0.868727 -14.527839
v -16.727690 0.833264 -14.649162
v -16.421539 0.803743 -14.597266
v -16.429159 0.833276 -14.558898
v -16.695095 0.782554 -14.727846
v -16.412544 0.782518 -14.642456
v -17.020140 0.868743 -14.770052
v -17.243790 0.833262 -14.994000
v -16.980835 0.803721 -14.828874
v -17.002562 0.833248 -14.796395
v -17.183529 0.782553 -15.054237
v -16.955215 0.782502 -14.867236
v -17.467714 0.868754 -15.217630
v -17.588661 0.833250 -15.510118
v -17.408876 0.803706 -15.256971
v -17.441412 0.833298 -15.235237
v -17.509914 0.782543 -15.542735
v -17.370529 0.782542 -15.282580
v -17.709946 0.868757 -15.802442
v -17.640551 0.803752 -15.816225
v -17.678930 0.833273 -15.808618
v -17.595348 0.782526 -15.825266
v -16.446819 1.048083 -14.470305
v -16.759750 0.985615 -14.571691
v -16.443300 0.947608 -14.487790
v -16.445526 0.985599 -14.476700
v -16.748898 0.907753 -14.597844
v -16.440012 0.907731 -14.504512
v -17.052736 1.048062 -14.721273
v -17.303053 0.985600 -14.934744
v -17.042791 0.947573 -14.736152
v -17.049118 0.985629 -14.726710
v -17.283035 0.907756 -14.954789
v -17.033354 0.907730 -14.750305
v -17.516491 1.048091 -15.185040
v -17.666105 0.985623 -15.478052
v -17.501665 0.947602 -15.194959
v -17.511070 0.985640 -15.188698
v -17.639910 0.907739 -15.488883
v -17.487522 0.907736 -15.204431
v -17.767500 1.048122 -15.790965
v -17.749964 0.947620 -15.794489
v -17.761110 0.985632 -15.792273
v -17.733315 0.907765 -15.797803
v -16.763229 1.161345 -14.563286
v -17.055603 1.274089 -14.717023
v -17.309450 1.161318 -14.928321
v -17.054155 1.161306 -14.719194
v -17.520782 1.274114 -15.182209
v -17.674480 1.161346 -15.474560
v -17.518604 1.161338 -15.183622
v -16.118862 1.161340 -14.435115
v -16.447828 1.274070 -14.465229
v -16.447302 1.161308 -14.467824
v -17.772522 1.274106 -15.790007
v -17.802664 1.161351 -16.118929
v -17.769989 1.161352 -15.790480
v -15.474528 1.161341 -14.563276
v -15.789968 1.274110 -14.465243
v -15.790463 1.161325 -14.467780
v -17.772564 1.274086 -16.447845
v -17.674467 1.161307 -16.763285
v -17.769955 1.161317 -16.447359
v -14.928263 1.161328 -14.928329
v -15.182188 1.274079 -14.717012
v -15.183615 1.161326 -14.719139
v -17.520813 1.274083 -17.055637
v -17.309475 1.161335 -17.309559
v -17.518637 1.161343 -17.054220
v -14.563279 1.161347 -15.474555
v -14.716952 1.274078 -15.182180
v -14.719120 1.161303 -15.183643
v -17.055588 1.274108 -17.520859
v -16.763222 1.161324 -17.674543
v -17.054136 1.161298 -17.518711
v -14.435082 1.161307 -16.118904
v -14.465216 1.274098 -15.789977
v -14.467766 1.161353 -15.790496
v -16.447794 1.274063 -17.772602
v -16.118874 1.161323 -17.802727
v -16.447266 1.161328 -17.770035
v -14.563241 1.161307 -16.763268
v -14.465195 1.274118 -16.447851
v -14.467772 1.161338 -16.447359
v -15.789960 1.274058 -17.772635
v -15.474548 1.161297 -17.674551
v -15.790470 1.161333 -17.770056
v -14.928267 1.161351 -17.309570
v -14.716986 1.274068 -17.055662
v -14.719153 1.161314 -17.054224
v -15.182143 1.274088 -17.520876
v -15.183610 1.161344 -17.518688
v -14.554671 1.335158 -15.471041
v -14.701501 1.367106 -15.171843
v -14.921699 1.335175 -14.921757
v -14.711400 1.335163 -15.178482
v -14.526633 1.392359 -15.459415
v -14.665504 1.411030 -15.147799
v -14.900257 1.392398 -14.900300
v -14.686202 1.392379 -15.161640
v -14.474685 1.423036 -15.437911
v -14.860514 1.423055 -14.860519
v -14.639441 1.423043 -15.130404
v -17.683052 1.335183 -16.766804
v -17.536240 1.367085 -17.066011
v -17.316034 1.335150 -17.316090
v -17.526306 1.335186 -17.059372
v -17.711100 1.392383 -16.778452
v -17.572235 1.411064 -17.090057
v -17.337509 1.392388 -17.337528
v -17.551529 1.392393 -17.076227
v -17.763069 1.423048 -16.799942
v -17.377264 1.423042 -17.377319
v -17.598297 1.423036 -17.107471
v -14.425806 1.335138 -16.118931
v -14.446967 1.367072 -15.786390
v -14.458658 1.335173 -15.788701
v -14.395494 1.392368 -16.118944
v -14.404488 1.411052 -15.777923
v -14.428920 1.392391 -15.782760
v -14.339213 1.423044 -16.118919
v -14.373784 1.423056 -15.771794
v -14.554711 1.335189 -16.766796
v -14.446959 1.367078 -16.451448
v -14.458661 1.335182 -16.449150
v -14.526676 1.392369 -16.778454
v -14.404505 1.411034 -16.459904
v -14.428899 1.392360 -16.455078
v -14.474678 1.423088 -16.799946
v -14.373751 1.423051 -16.466024
v -15.470961 1.335169 -17.683117
v -15.171843 1.367068 -17.536312
v -14.921734 1.335184 -17.316088
v -15.178478 1.335153 -17.526386
v -15.459377 1.392334 -17.711159
v -15.147747 1.411017 -17.572323
v -14.900229 1.392375 -17.337555
v -15.161590 1.392391 -17.551601
v -15.437862 1.423036 -17.763096
v -14.860471 1.423048 -17.377314
v -15.130320 1.423043 -17.598373
v -16.766792 1.335155 -14.554734
v -17.065935 1.367055 -14.701552
v -17.316042 1.335176 -14.921779
v -17.059284 1.335172 -14.711449
v -16.778362 1.392344 -14.526685
v -17.089993 1.411001 -14.665564
v -17.337511 1.392349 -14.900295
v -17.076180 1.392360 -14.686232
v -16.799887 1.423035 -14.474726
v -17.377243 1.423082 -14.860498
v -17.107403 1.423062 -14.639510
v -16.118866 1.335175 -14.425882
v -16.451410 1.367060 -14.447002
v -16.449080 1.335160 -14.458724
v -16.118862 1.392371 -14.395517
v -16.459866 1.411017 -14.404536
v -16.455036 1.392362 -14.428971
v -16.118872 1.423041 -14.339256
v -16.465990 1.423054 -14.373809
v -15.470998 1.335167 -14.554759
v -15.786306 1.367064 -14.447024
v -15.788657 1.335142 -14.458684
v -15.459382 1.392342 -14.526707
v -15.777861 1.411026 -14.404578
v -15.782731 1.392356 -14.428955
v -15.437848 1.423037 -14.474735
v -15.771769 1.423047 -14.373820
v -17.763041 1.423068 -15.437901
v -17.572243 1.411048 -15.147825
v -17.598309 1.423080 -15.130394
v -17.711077 1.392365 -15.459393
v -17.536249 1.367094 -15.171857
v -17.551569 1.392385 -15.161634
v -17.683039 1.335163 -15.471000
v -17.526320 1.335202 -15.178518
v -17.898500 1.423064 -16.118902
v -17.833225 1.411046 -15.777945
v -17.863979 1.423042 -15.771782
v -17.842270 1.392375 -16.118929
v -17.790773 1.367063 -15.786351
v -17.808828 1.392390 -15.782763
v -17.811918 1.335193 -16.118919
v -17.779100 1.335173 -15.788670
v -17.833221 1.411038 -16.459930
v -17.863981 1.423031 -16.466042
v -17.790775 1.367064 -16.451494
v -17.808813 1.392374 -16.455097
v -17.779078 1.335204 -16.449160
v -15.147784 1.411024 -14.665548
v -15.130378 1.423074 -14.639472
v -15.171836 1.367057 -14.701547
v -15.161572 1.392386 -14.686265
v -15.178427 1.335193 -14.711455
v -16.799921 1.423049 -17.763124
v -17.089996 1.411003 -17.572290
v -17.107397 1.423062 -17.598352
v -16.778385 1.392338 -17.711157
v -17.065924 1.367052 -17.536312
v -17.076164 1.392347 -17.551630
v -16.766750 1.335159 -17.683128
v -17.059278 1.335145 -17.526367
v -16.118872 1.423064 -17.898567
v -16.459879 1.411024 -17.833263
v -16.466000 1.423054 -17.864033
v -16.118862 1.392356 -17.842321
v -16.451454 1.367076 -17.790836
v -16.455029 1.392334 -17.808887
v -16.118855 1.335159 -17.811964
v -16.449110 1.335157 -17.779150
v -15.777855 1.411040 -17.833305
v -15.771759 1.423033 -17.864044
v -15.786333 1.367046 -17.790859
v -15.782740 1.392349 -17.808897
v -15.788652 1.335165 -17.779148
v -14.665507 1.411004 -17.090054
v -14.639427 1.423043 -17.107454
v -14.701483 1.367103 -17.066000
v -14.686193 1.392358 -17.076248
v -14.711440 1.335165 -17.059368
v -18.026640 1.435600 -15.739451
v -18.026962 1.435600 -15.742715
v -17.736368 1.435603 -15.038165
v -17.737701 1.435603 -15.040651
v -17.916403 1.435606 -15.374355
v -17.917295 1.435606 -15.377293
v -17.852901 1.435607 -15.255704
v -17.199793 1.435609 -17.736694
v -17.456917 1.435604 -17.526083
v -17.197838 1.435609 -17.737745
v -16.975185 1.435614 -17.857134
v -16.863615 1.435616 -17.916952
v -16.861719 1.435616 -17.917522
v -16.498436 1.435620 -18.027105
v -16.496056 1.435620 -18.027340
v -14.210708 1.435623 -15.739401
v -14.211411 1.435623 -15.737066
v -14.322335 1.435621 -15.372022
v -14.321131 1.435621 -15.374269
v -14.500896 1.435624 -17.200054
v -14.416760 1.435627 -17.042583
v -14.500129 1.435624 -17.198616
v -14.320408 1.435628 -16.861118
v -14.321153 1.435628 -16.863567
v -15.247633 1.435609 -17.849379
v -15.037800 1.435612 -17.736925
v -15.036490 1.435612 -17.735853
v -14.722837 1.435618 -17.470364
v -14.742954 1.435617 -17.494869
v -14.741368 1.435617 -17.492933
v -14.210301 1.435629 -16.496592
v -14.172910 1.435624 -16.117056
v -14.172719 1.435625 -16.118963
v -14.173691 1.435624 -16.109249
v -14.215627 1.435629 -16.515484
v -14.210496 1.435629 -16.498549
v -15.372744 1.435612 -17.916498
v -15.374035 1.435612 -17.917189
v -17.051113 1.435603 -14.421538
v -16.865993 1.435603 -14.322655
v -16.863478 1.435603 -14.321303
v -16.498497 1.435604 -14.210309
v -16.499975 1.435604 -14.210755
v -16.523598 1.435604 -14.217936
v -15.037830 1.435612 -14.501031
v -15.039465 1.435612 -14.500154
v -18.064955 1.435595 -16.118917
v -18.064667 1.435595 -16.116070
v -18.064753 1.435595 -16.120981
v -18.026609 1.435598 -16.498375
v -18.025623 1.435598 -16.501631
v -15.739193 1.435618 -18.027637
v -15.737936 1.435618 -18.027258
v -16.092655 1.435622 -18.062593
v -16.118879 1.435622 -18.065182
v -16.117132 1.435622 -18.065008
v -15.739279 1.435606 -14.210457
v -15.741112 1.435606 -14.210275
v -15.376345 1.435609 -14.320379
v -15.374200 1.435609 -14.321026
v -17.199871 1.435599 -14.501057
v -17.201347 1.435599 -14.502269
v -17.467102 1.435592 -14.720497
v -17.494665 1.435593 -14.743100
v -17.496458 1.435593 -14.745288
v -16.121216 1.435603 -14.173213
v -16.118837 1.435603 -14.172986
v -17.844271 1.435601 -16.998520
v -17.915140 1.435600 -16.866005
v -17.916477 1.435600 -16.863510
v -17.736624 1.435604 -17.199848
v -17.735172 1.435604 -17.201622
v -17.494921 1.435605 -17.494989
v -17.517637 1.435605 -17.467262
v -17.493195 1.435605 -17.496397
v -14.742600 1.435615 -14.742637
v -14.743818 1.435615 -14.741639
v -14.501188 1.435618 -15.038012
v -14.502683 1.435618 -15.036190
v 13.387216 0.750022 -13.422912
v 18.817244 -1.463745 -18.817282
v 13.949903 1.435618 -13.987113
v 13.387240 -1.463731 -18.817245
v 18.817282 -1.463741 -13.422881
v 17.423519 -1.463735 -18.817282
v 16.029827 -1.463748 -18.817291
v 13.646066 1.435630 -16.634466
v 16.649078 1.435597 -13.645164
v 18.817270 -1.463720 -16.107008
v 18.817259 -1.463747 -17.462139
v 13.400227 -0.343992 -17.635027
v 17.635069 -0.343989 -13.395550
v 13.387207 -0.126677 -18.062622
v 18.062513 -0.126713 -13.422894
v 13.387240 -0.241897 -18.817257
v 18.817278 -0.241860 -13.422887
v 17.442635 0.707057 -18.817257
v 18.817282 0.707070 -18.817278
v 16.068083 0.707093 -18.817253
v 18.817270 0.707041 -16.111937
v 18.817238 0.707042 -17.464569
v 13.630577 1.435614 -18.573893
v 13.630551 1.435627 -17.471579
v 16.088930 1.435635 -18.573954
v 17.453119 1.435607 -18.573921
v 18.573914 1.435636 -18.573887
v 18.573904 1.435637 -17.466078
v 18.573925 1.435597 -16.114946
v 17.470934 1.435593 -13.666253
v 18.573921 1.435636 -13.666213
v 13.387211 1.309186 -16.831841
v 13.387192 1.260339 -17.640652
v 16.831818 1.309205 -13.422894
v 17.640654 1.260346 -13.422906
v 17.449011 1.192310 -18.817249
v 18.817261 1.192295 -18.817274
v 16.080776 1.192353 -18.817282
v 18.817274 1.192281 -13.422916
v 13.387219 1.192239 -18.817247
v 18.817251 1.192269 -16.113604
v 18.817274 1.192245 -17.465416
v 13.387209 1.192267 -13.422933
v 13.672633 1.445342 -13.709144
v 13.486016 1.364238 -13.522019
v 18.745897 1.327830 -17.491924
v 18.745958 1.327845 -18.745649
v 18.745890 1.327842 -16.114151
v 17.583965 1.361870 -13.494473
v 18.745941 1.327830 -13.494473
v 16.752785 1.386301 -13.483743
v 13.466293 1.386318 -16.745056
v 13.458391 1.361909 -17.584021
v 17.477200 1.327822 -18.745628
v 16.084415 1.327857 -18.745680
v 13.458362 1.327844 -18.745676
v 16.118872 0.765073 -16.118929
v 16.118881 0.769685 -17.435158
v 15.615169 0.769717 -17.334991
v 15.188155 0.769711 -17.049667
v 14.902839 0.769687 -16.622633
v 14.802615 0.769680 -16.118940
v 16.118885 0.868780 -17.741489
v 15.497922 0.868733 -17.617998
v 15.525029 0.803765 -17.552605
v 16.118853 0.803734 -17.670736
v 14.971568 0.868765 -17.266251
v 15.021620 0.803744 -17.216232
v 14.619808 0.868755 -16.739838
v 14.685230 0.803698 -16.712780
v 14.496292 0.868745 -16.118948
v 14.567067 0.803744 -16.118935
v 16.118896 1.048067 -17.800190
v 15.475511 1.048115 -17.672209
v 15.482336 0.947607 -17.655727
v 16.118851 0.947592 -17.782333
v 14.930072 1.048078 -17.307762
v 14.942689 0.947563 -17.295130
v 14.565605 1.048089 -16.762318
v 14.582096 0.947587 -16.755482
v 14.437672 1.048109 -16.118938
v 14.455509 0.947592 -16.118912
v 16.622543 0.769718 -17.334963
v 17.049593 0.769735 -17.049660
v 17.334890 0.769709 -16.622641
v 17.435102 0.769704 -16.118944
v 16.712698 0.803743 -17.552610
v 16.739798 0.868742 -17.617964
v 17.216164 0.803730 -17.216221
v 17.266186 0.868737 -17.266266
v 17.552528 0.803754 -16.712774
v 17.617916 0.868752 -16.739864
v 17.670677 0.803740 -16.118935
v 17.741451 0.868738 -16.118948
v 16.755400 0.947577 -17.655684
v 16.762247 1.048113 -17.672167
v 17.295046 0.947584 -17.295149
v 17.307667 1.048095 -17.307734
v 17.655628 0.947623 -16.755468
v 17.672096 1.048124 -16.762291
v 17.782257 0.947581 -16.118904
v 17.800095 1.048090 -16.118946
v 15.615194 0.769692 -14.902890
v 16.118877 0.769728 -14.802696
v 15.188174 0.769692 -15.188220
v 14.902815 0.769692 -15.615223
v 15.525038 0.803705 -14.685272
v 15.497960 0.868757 -14.619895
v 16.118855 0.868750 -14.496335
v 16.118870 0.803761 -14.567110
v 15.021598 0.803739 -15.021630
v 14.971562 0.868740 -14.971581
v 14.685217 0.803745 -15.525059
v 14.619821 0.868750 -15.498021
v 15.482326 0.947559 -14.582154
v 15.475516 1.048105 -14.565633
v 16.118889 1.048078 -14.437681
v 16.118893 0.947568 -14.455549
v 14.942698 0.947586 -14.942735
v 14.930073 1.048097 -14.930116
v 14.582110 0.947610 -15.482402
v 14.565613 1.048092 -15.475525
v 16.622561 0.769693 -14.902901
v 17.049568 0.769720 -15.188181
v 17.334902 0.769695 -15.615216
v 16.739813 0.868746 -14.619848
v 16.712723 0.803730 -14.685256
v 17.266178 0.868738 -14.971600
v 17.216162 0.803740 -15.021637
v 17.617941 0.868768 -15.497993
v 17.552542 0.803703 -15.525108
v 16.762211 1.048084 -14.565669
v 16.755409 0.947591 -14.582162
v 17.307665 1.048109 -14.930106
v 17.295029 0.947603 -14.942746
v 17.672100 1.048084 -15.475554
v 17.655638 0.947576 -15.482373
v 16.764240 1.274080 -14.560888
v 17.311319 1.274089 -14.926474
v 17.676891 1.274107 -15.473547
v 16.118881 1.274101 -14.432550
v 17.805277 1.274070 -16.118942
v 15.473526 1.274065 -14.560888
v 17.676888 1.274088 -16.764244
v 14.926438 1.274079 -14.926479
v 17.311323 1.274084 -17.311378
v 14.560862 1.274091 -15.473557
v 16.764212 1.274091 -17.676977
v 14.432484 1.274113 -16.118937
v 16.118896 1.274068 -17.805330
v 14.560871 1.274120 -16.764256
v 15.473518 1.274106 -17.676979
v 14.926423 1.274118 -17.311361
v 14.543654 1.367089 -15.466455
v 14.913274 1.367082 -14.913348
v 14.503671 1.411014 -15.449903
v 14.882640 1.411037 -14.882676
v 17.694075 1.367060 -16.771397
v 17.324474 1.367073 -17.324545
v 17.734081 1.411058 -16.787943
v 17.355082 1.411050 -17.355146
v 14.413904 1.367092 -16.118958
v 14.370588 1.411040 -16.118937
v 14.543643 1.367079 -16.771378
v 14.503647 1.411041 -16.787970
v 15.466414 1.367090 -17.694178
v 14.913276 1.367066 -17.324560
v 15.449852 1.411051 -17.734152
v 14.882662 1.411039 -17.355122
v 16.771338 1.367062 -14.543743
v 17.324465 1.367072 -14.913287
v 16.787893 1.411010 -14.503683
v 17.355097 1.411043 -14.882695
v 16.118853 1.367084 -14.413921
v 16.118872 1.411021 -14.370648
v 15.466429 1.367062 -14.543717
v 15.449856 1.410994 -14.503728
v 17.734072 1.411013 -15.449909
v 17.694078 1.367054 -15.466468
v 17.867126 1.411043 -16.118938
v 17.823847 1.367089 -16.118917
v 16.787907 1.411041 -17.734121
v 16.771368 1.367067 -17.694136
v 16.118866 1.411014 -17.867201
v 16.118874 1.367081 -17.823910
v 16.118837 0.765307 -16.965982
v 15.856101 0.769722 -17.439947
v 15.794713 0.765278 -16.901455
v 15.929547 0.765320 -17.070820
v 15.370580 0.769716 -17.238806
v 15.519962 0.765319 -16.717871
v 15.579686 0.765340 -16.925915
v 14.998946 0.769701 -16.867241
v 15.336325 0.765292 -16.443054
v 15.311904 0.765321 -16.658136
v 14.797860 0.769710 -16.381676
v 15.271852 0.765287 -16.118937
v 15.166965 0.765317 -16.308250
v 16.118879 0.833289 -17.709826
v 15.802376 0.868771 -17.710011
v 15.510051 0.833278 -17.588749
v 15.816174 0.803717 -17.640619
v 15.808568 0.833260 -17.678980
v 16.118847 0.782536 -17.624647
v 15.542684 0.782525 -17.510025
v 15.825164 0.782545 -17.595432
v 15.217619 0.868747 -17.467787
v 14.993975 0.833275 -17.243853
v 15.256913 0.803701 -17.408945
v 15.235193 0.833248 -17.441454
v 15.054182 0.782521 -17.183626
v 15.282545 0.782521 -17.370630
v 14.770020 0.868762 -17.020235
v 14.649088 0.833297 -16.727734
v 14.828875 0.803700 -16.980888
v 14.796358 0.833298 -17.002602
v 14.727811 0.782552 -16.695129
v 14.867200 0.782540 -16.955307
v 14.527795 0.868783 -16.435400
v 14.527980 0.833251 -16.118948
v 14.597189 0.803698 -16.421606
v 14.558873 0.833261 -16.429234
v 14.613181 0.782536 -16.118916
v 14.642401 0.782518 -16.412634
v 16.118870 0.985612 -17.793678
v 15.790936 1.048064 -17.767557
v 15.477980 0.985612 -17.666157
v 15.794398 0.947569 -17.750057
v 15.792242 0.985582 -17.761173
v 16.118885 0.907769 -17.765297
v 15.488832 0.907741 -17.639980
v 15.797735 0.907739 -17.733334
v 15.185030 1.048110 -17.516573
v 14.934658 0.985594 -17.303144
v 15.194940 0.947602 -17.501724
v 15.188616 0.985631 -17.511156
v 14.954730 0.907771 -17.283060
v 15.204375 0.907758 -17.487570
v 14.721287 1.048116 -17.052807
v 14.571646 0.985592 -16.759802
v 14.736098 0.947611 -17.042873
v 14.726680 0.985606 -17.049150
v 14.597845 0.907773 -16.748964
v 14.750217 0.907756 -17.033428
v 14.470238 1.048121 -16.446865
v 14.444151 0.985622 -16.118904
v 14.487778 0.947598 -16.443373
v 14.476639 0.985615 -16.445564
v 14.472518 0.907730 -16.118925
v 14.504432 0.907757 -16.440048
v 16.381634 0.769712 -17.439949
v 16.443035 0.765273 -16.901491
v 16.308216 0.765331 -17.070862
v 16.867165 0.769694 -17.238811
v 16.717796 0.765303 -16.717867
v 16.658043 0.765360 -16.925915
v 17.238750 0.769695 -16.867247
v 16.901402 0.765271 -16.443075
v 16.925856 0.765322 -16.658129
v 17.439886 0.769728 -16.381706
v 16.965912 0.765278 -16.118910
v 17.070742 0.765326 -16.308275
v 16.421551 0.803722 -17.640602
v 16.727692 0.833256 -17.588724
v 16.435356 0.868752 -17.710039
v 16.429174 0.833261 -17.678986
v 16.695093 0.782520 -17.510000
v 16.412558 0.782532 -17.595413
v 16.980846 0.803756 -17.408943
v 17.243803 0.833297 -17.243843
v 17.020130 0.868767 -17.467779
v 17.002546 0.833288 -17.441450
v 17.183537 0.782543 -17.183594
v 16.955240 0.782522 -17.370651
v 17.408895 0.803719 -16.980883
v 17.588652 0.833253 -16.727736
v 17.467720 0.868766 -17.020208
v 17.441406 0.833272 -17.002598
v 17.509968 0.782507 -16.695133
v 17.370594 0.782515 -16.955284
v 17.640549 0.803733 -16.421610
v 17.709749 0.833260 -16.118914
v 17.709936 0.868726 -16.435423
v 17.678875 0.833268 -16.429222
v 17.624529 0.782531 -16.118938
v 17.595335 0.782528 -16.412617
v 16.443316 0.947595 -17.750027
v 16.759752 0.985604 -17.666143
v 16.446777 1.048087 -17.767546
v 16.445524 0.985595 -17.761185
v 16.748909 0.907763 -17.639969
v 16.439972 0.907767 -17.733351
v 17.042803 0.947590 -17.501719
v 17.303076 0.985602 -17.303108
v 17.052725 1.048111 -17.516556
v 17.049089 0.985617 -17.511156
v 17.282995 0.907742 -17.283068
v 17.033367 0.907727 -17.487587
v 17.501675 0.947613 -17.042870
v 17.666098 0.985618 -16.759804
v 17.516493 1.048101 -17.052795
v 17.511087 0.985593 -17.049170
v 17.639915 0.907747 -16.748936
v 17.487505 0.907752 -17.033440
v 17.749979 0.947587 -16.443373
v 17.793608 0.985636 -16.118925
v 17.767467 1.048122 -16.446852
v 17.761118 0.985632 -16.445578
v 17.765238 0.907733 -16.118906
v 17.733269 0.907744 -16.440035
v 15.856119 0.769737 -14.797900
v 16.118885 0.765304 -15.271909
v 15.794738 0.765308 -15.336389
v 15.929553 0.765326 -15.167030
v 15.370557 0.769701 -14.999028
v 15.519925 0.765294 -15.519975
v 15.579670 0.765321 -15.311957
v 14.998984 0.769717 -15.370625
v 15.336310 0.765268 -15.794763
v 15.311904 0.765356 -15.579714
v 14.797840 0.769688 -15.856165
v 15.166986 0.765323 -15.929569
v 15.816157 0.803715 -14.597228
v 15.510062 0.833251 -14.649134
v 15.802399 0.868714 -14.527831
v 16.118874 0.833278 -14.528027
v 15.808577 0.833294 -14.558887
v 15.542665 0.782551 -14.727827
v 16.118881 0.782544 -14.613229
v 15.825183 0.782543 -14.642422
v 15.256907 0.803708 -14.828903
v 14.993967 0.833264 -14.993967
v 15.217592 0.868759 -14.770089
v 15.235217 0.833253 -14.796369
v 15.054186 0.782529 -15.054249
v 15.282519 0.782532 -14.867261
v 14.828858 0.803708 -15.256961
v 14.649102 0.833300 -15.510097
v 14.770036 0.868767 -15.217661
v 14.796362 0.833253 -15.235261
v 14.727823 0.782520 -15.542741
v 14.867169 0.782505 -15.282578
v 14.597193 0.803752 -15.816258
v 14.527787 0.868757 -15.802471
v 14.558827 0.833272 -15.808627
v 14.642408 0.782494 -15.825250
v 15.794451 0.947587 -14.487786
v 15.477991 0.985618 -14.571657
v 15.790920 1.048073 -14.470300
v 16.118862 0.985632 -14.444209
v 15.792192 0.985602 -14.476671
v 15.488832 0.907756 -14.597870
v 16.118881 0.907764 -14.472556
v 15.797742 0.907752 -14.504520
v 15.194946 0.947579 -14.736157
v 14.934673 0.985613 -14.934694
v 15.185033 1.048103 -14.721285
v 15.188656 0.985615 -14.726721
v 14.954730 0.907756 -14.954772
v 15.204399 0.907769 -14.750286
v 14.736098 0.947605 -15.194998
v 14.571638 0.985618 -15.478020
v 14.721245 1.048102 -15.185030
v 14.726676 0.985618 -15.188711
v 14.597834 0.907731 -15.488917
v 14.750235 0.907731 -15.204431
v 14.487779 0.947584 -15.794466
v 14.470249 1.048114 -15.790992
v 14.476635 0.985622 -15.792242
v 14.504452 0.907758 -15.797777
v 16.381624 0.769721 -14.797915
v 16.443022 0.765303 -15.336351
v 16.308216 0.765336 -15.167049
v 16.867174 0.769739 -14.999018
v 16.717798 0.765281 -15.519953
v 16.658089 0.765339 -15.311954
v 17.238781 0.769715 -15.370609
v 16.901430 0.765295 -15.794764
v 16.925852 0.765338 -15.579713
v 17.439877 0.769689 -15.856136
v 17.070776 0.765321 -15.929558
v 16.435335 0.868727 -14.527839
v 16.727690 0.833264 -14.649162
v 16.421539 0.803743 -14.597266
v 16.429159 0.833276 -14.558898
v 16.695095 0.782554 -14.727846
v 16.412544 0.782518 -14.642456
v 17.020140 0.868743 -14.770052
v 17.243790 0.833262 -14.994000
v 16.980835 0.803721 -14.828874
v 17.002562 0.833248 -14.796395
v 17.183529 0.782553 -15.054237
v 16.955215 0.782502 -14.867236
v 17.467714 0.868754 -15.217630
v 17.588661 0.833250 -15.510118
v 17.408876 0.803706 -15.256971
v 17.441412 0.833298 -15.235237
v 17.509914 0.782543 -15.542735
v 17.370529 0.782542 -15.282580
v 17.709946 0.868757 -15.802442
v 17.640551 0.803752 -15.816225
v 17.678930 0.833273 -15.808618
v 17.595348 0.782526 -15.825266
v 16.446819 1.048083 -14.470305
v 16.759750 0.985615 -14.571691
v 16.443300 0.947608 -14.487790
v 16.445526 0.985599 -14.476700
v 16.748898 0.907753 -14.597844
v 16.440012 0.907731 -14.504512
v 17.052736 1.048062 -14.721273
v 17.303053 0.985600 -14.934744
v 17.042791 0.947573 -14.736152
v 17.049118 0.985629 -14.726710
v 17.283035 0.907756 -14.954789
v 17.033354 0.907730 -14.750305
v 17.516491 1.048091 -15.185040
v 17.666105 0.985623 -15.478052
v 17.501665 0.947602 -15.194959
v 17.511070 0.985640 -15.188698
v 17.639910 0.907739 -15.488883
v 17.487522 0.907736 -15.204431
v 17.767500 1.048122 -15.790965
v 17.749964 0.947620 -15.794489
v 17.761110 0.985632 -15.792273
v 17.733315 0.907765 -15.797803
v 16.763229 1.161345 -14.563286
v 17.055603 1.274089 -14.717023
v 17.309450 1.161318 -14.928321
v 17.054155 1.161306 -14.719194
v 17.520782 1.274114 -15.182209
v 17.674480 1.161346 -15.474560
v 17.518604 1.161338 -15.183622
v 16.118862 1.161340 -14.435115
v 16.447828 1.274070 -14.465229
v 16.447302 1.161308 -14.467824
v 17.772522 1.274106 -15.790007
v 17.802664 1.161351 -16.118929
v 17.769989 1.161352 -15.790480
v 15.474528 1.161341 -14.563276
v 15.789968 1.274110 -14.465243
v 15.790463 1.161325 -14.467780
v 17.772564 1.274086 -16.447845
v 17.674467 1.161307 -16.763285
v 17.769955 1.161317 -16.447359
v 14.928263 1.161328 -14.928329
v 15.182188 1.274079 -14.717012
v 15.183615 1.161326 -14.719139
v 17.520813 1.274083 -17.055637
v 17.309475 1.161335 -17.309559
v 17.518637 1.161343 -17.054220
v 14.563279 1.161347 -15.474555
v 14.716952 1.274078 -15.182180
v 14.719120 1.161303 -15.183643
v 17.055588 1.274108 -17.520859
v 16.763222 1.161324 -17.674543
v 17.054136 1.161298 -17.518711
v 14.435082 1.161307 -16.118904
v 14.465216 1.274098 -15.789977
v 14.467766 1.161353 -15.790496
v 16.447794 1.274063 -17.772602
v 16.118874 1.161323 -17.802727
v 16.447266 1.161328 -17.770035
v 14.563241 1.161307 -16.763268
v 14.465195 1.274118 -16.447851
v 14.467772 1.161338 -16.447359
v 15.789960 1.274058 -17.772635
v 15.474548 1.161297 -17.674551
v 15.790470 1.161333 -17.770056
v 14.928267 1.161351 -17.309570
v 14.716986 1.274068 -17.055662
v 14.719153 1.161314 -17.054224
v 15.182143 1.274088 -17.520876
v 15.183610 1.161344 -17.518688
v 14.554671 1.335158 -15.471041
v 14.701501 1.367106 -15.171843
v 14.921699 1.335175 -14.921757
v 14.711400 1.335163 -15.178482
v 14.526633 1.392359 -15.459415
v 14.665504 1.411030 -15.147799
v 14.900257 1.392398 -14.900300
v 14.686202 1.392379 -15.161640
v 14.474685 1.423036 -15.437911
v 14.860514 1.423055 -14.860519
v 14.639441 1.423043 -15.130404
v 17.683052 1.335183 -16.766804
v 17.536240 1.367085 -17.066011
v 17.316034 1.335150 -17.316090
v 17.526306 1.335186 -17.059372
v 17.711100 1.392383 -16.778452
v 17.572235 1.411064 -17.090057
v 17.337509 1.392388 -17.337528
v 17.551529 1.392393 -17.076227
v 17.763069 1.423048 -16.799942
v 17.377264 1.423042 -17.377319
v 17.598297 1.423036 -17.107471
v 14.425806 1.335138 -16.118931
v 14.446967 1.367072 -15.786390
v 14.458658 1.335173 -15.788701
v 14.395494 1.392368 -16.118944
v 14.404488 1.411052 -15.777923
v 14.428920 1.392391 -15.782760
v 14.339213 1.423044 -16.118919
v 14.373784 1.423056 -15.771794
v 14.554711 1.335189 -16.766796
v 14.446959 1.367078 -16.451448
v 14.458661 1.335182 -16.449150
v 14.526676 1.392369 -16.778454
v 14.404505 1.411034 -16.459904
v 14.428899 1.392360 -16.455078
v 14.474678 1.423088 -16.799946
v 14.373751 1.423051 -16.466024
v 15.470961 1.335169 -17.683117
v 15.171843 1.367068 -17.536312
v 14.921734 1.335184 -17.316088
v 15.178478 1.335153 -17.526386
v 15.459377 1.392334 -17.711159
v 15.147747 1.411017 -17.572323
v 14.900229 1.392375 -17.337555
v 15.161590 1.392391 -17.551601
v 15.437862 1.423036 -17.763096
v 14.860471 1.423048 -17.377314
v 15.130320 1.423043 -17.598373
v 16.766792 1.335155 -14.554734
v 17.065935 1.367055 -14.701552
v 17.316042 1.335176 -14.921779
v 17.059284 1.335172 -14.711449
v 16.778362 1.392344 -14.526685
v 17.089993 1.411001 -14.665564
v 17.337511 1.392349 -14.900295
v 17.076180 1.392360 -14.686232
v 16.799887 1.423035 -14.474726
v 17.377243 1.423082 -14.860498
v 17.107403 1.423062 -14.639510
v 16.118866 1.335175 -14.425882
v 16.451410 1.367060 -14.447002
v 16.449080 1.335160 -14.458724
v 16.118862 1.392371 -14.395517
v 16.459866 1.411017 -14.404536
v 16.455036 1.392362 -14.428971
v 16.118872 1.423041 -14.339256
v 16.465990 1.423054 -14.373809
v 15.470998 1.335167 -14.554759
v 15.786306 1.367064 -14.447024
v 15.788657 1.335142 -14.458684
v 15.459382 1.392342 -14.526707
v 15.777861 1.411026 -14.404578
v 15.782731 1.392356 -14.428955
v 15.437848 1.423037 -14.474735
v 15.771769 1.423047 -14.373820
v 17.763041 1.423068 -15.437901
v 17.572243 1.411048 -15.147825
v 17.598309 1.423080 -15.130394
v 17.711077 1.392365 -15.459393
v 17.536249 1.367094 -15.171857
v 17.551569 1.392385 -15.161634
v 17.683039 1.335163 -15.471000
v 17.526320 1.335202 -15.178518
v 17.898500 1.423064 -16.118902
v 17.833225 1.411046 -15.777945
v 17.863979 1.423042 -15.771782
v 17.842270 1.392375 -16.118929
v 17.790773 1.367063 -15.786351
v 17.808828 1.392390 -15.782763
v 17.811918 1.335193 -16.118919
v 17.779100 1.335173 -15.788670
v 17.833221 1.411038 -16.459930
v 17.863981 1.423031 -16.466042
v 17.790775 1.367064 -16.451494
v 17.808813 1.392374 -16.455097
v 17.779078 1.335204 -16.449160
v 15.147784 1.411024 -14.665548
v 15.130378 1.423074 -14.639472
v 15.171836 1.367057 -14.701547
v 15.161572 1.392386 -14.686265
v 15.178427 1.335193 -14.711455
v 16.799921 1.423049 -17.763124
v 17.089996 1.411003 -17.572290
v 17.107397 1.423062 -17.598352
v 16.778385 1.392338 -17.711157
v 17.065924 1.367052 -17.536312
v 17.076164 1.392347 -17.551630
v 16.766750 1.335159 -17.683128
v 17.059278 1.335145 -17.526367
v 16.118872 1.423064 -17.898567
v 16.459879 1.411024 -17.833263
v 16.466000 1.423054 -17.864033
v 16.118862 1.392356 -17.842321
v 16.451454 1.367076 -17.790836
v 16.455029 1.392334 -17.808887
v 16.118855 1.335159 -17.811964
v 16.449110 1.335157 -17.779150
v 15.777855 1.411040 -17.833305
v 15.771759 1.423033 -17.864044
v 15.786333 1.367046 -17.790859
v 15.782740 1.392349 -17.808897
v 15.788652 1.335165 -17.779148
v 14.665507 1.411004 -17.090054
v 14.639427 1.423043 -17.107454
v 14.701483 1.367103 -17.066000
v 14.686193 1.392358 -17.076248
v 14.711440 1.335165 -17.059368
v 18.026640 1.435600 -15.739451
v 18.026962 1.435600 -15.742715
v 17.736368 1.435603 -15.038165
v 17.737701 1.435603 -15.040651
v 17.916403 1.435606 -15.374355
v 17.917295 1.435606 -15.377293
v 17.852901 1.435607 -15.255704
v 17.199793 1.435609 -17.736694
v 17.456917 1.435604 -17.526083
v 17.197838 1.435609 -17.737745
v 16.975185 1.435614 -17.857134
v 16.863615 1.435616 -17.916952
v 16.861719 1.435616 -17.917522
v 16.498436 1.435620 -18.027105
v 16.496056 1.435620 -18.027340
v 14.210708 1.435623 -15.739401
v 14.211411 1.435623 -15.737066
v 14.322335 1.435621 -15.372022
v 14.321131 1.435621 -15.374269
v 14.500896 1.435624 -17.200054
v 14.416760 1.435627 -17.042583
v 14.500129 1.435624 -17.198616
v 14.320408 1.435628 -16.861118
v 14.321153 1.435628 -16.863567
v 15.247633 1.435609 -17.849379
v 15.037800 1.435612 -17.736925
v 15.036490 1.435612 -17.735853
v 14.722837 1.435618 -17.470364
v 14.742954 1.435617 -17.494869
v 14.741368 1.435617 -17.492933
v 14.210301 1.435629 -16.496592
v 14.172910 1.435624 -16.117056
v 14.172719 1.435625 -16.118963
v 14.173691 1.435624 -16.109249
v 14.215627 1.435629 -16.515484
v 14.210496 1.435629 -16.498549
v 15.372744 1.435612 -17.916498
v 15.374035 1.435612 -17.917189
v 17.051113 1.435603 -14.421538
v 16.865993 1.435603 -14.322655
v 16.863478 1.435603 -14.321303
v 16.498497 1.435604 -14.210309
v 16.499975 1.435604 -14.210755
v 16.523598 1.435604 -14.217936
v 15.037830 1.435612 -14.501031
v 15.039465 1.435612 -14.500154
v 18.064955 1.435595 -16.118917
v 18.064667 1.435595 -16.116070
v 18.064753 1.435595 -16.120981
v 18.026609 1.435598 -16.498375
v 18.025623 1.435598 -16.501631
v 15.739193 1.435618 -18.027637
v 15.737936 1.435618 -18.027258
v 16.092655 1.435622 -18.062593
v 16.118879 1.435622 -18.065182
v 16.117132 1.435622 -18.065008
v 15.739279 1.435606 -14.210457
v 15.741112 1.435606 -14.210275
v 15.376345 1.435609 -14.320379
v 15.374200 1.435609 -14.321026
v 17.199871 1.435599 -14.501057
v 17.201347 1.435599 -14.502269
v 17.467102 1.435592 -14.720497
v 17.494665 1.435593 -14.743100
v 17.496458 1.435593 -14.745288
v 16.121216 1.435603 -14.173213
v 16.118837 1.435603 -14.172986
v 17.844271 1.435601 -16.998520
v 17.915140 1.435600 -16.866005
v 17.916477 1.435600 -16.863510
v 17.736624 1.435604 -17.199848
v 17.735172 1.435604 -17.201622
v 17.494921 1.435605 -17.494989
v 17.517637 1.435605 -17.467262
v 17.493195 1.435605 -17.496397
v 14.742600 1.435615 -14.742637
v 14.743818 1.435615 -14.741639
v 14.501188 1.435618 -15.038012
v 14.502683 1.435618 -15.036190
vt 0.028425 0.298884
vt 0.452561 0.102249
vt 0.452483 0.072412
vt 0.033168 0.283125
vt 0.453775 0.070533
vt 0.033792 0.281709
vt 0.019815 0.283943
vt 0.019864 0.300219
vt 0.020609 0.282197
vt 0.262627 0.256599
vt 0.258485 0.259577
vt 0.257938 0.258956
vt 0.262194 0.255893
vt 0.263413 0.257884
vt 0.259478 0.260708
vt 0.254946 0.263254
vt 0.254300 0.262736
vt 0.257632 0.258608
vt 0.261953 0.255499
vt 0.266925 0.253648
vt 0.267233 0.254417
vt 0.267792 0.255815
vt 0.264194 0.259164
vt 0.260468 0.261835
vt 0.256120 0.264197
vt 0.251408 0.267118
vt 0.252133 0.267516
vt 0.253940 0.262447
vt 0.257351 0.258289
vt 0.261730 0.255137
vt 0.266754 0.253219
vt 0.271969 0.252274
vt 0.272147 0.253083
vt 0.272471 0.254556
vt 0.268346 0.257209
vt 0.264627 0.259872
vt 0.261016 0.262458
vt 0.257290 0.265137
vt 0.253452 0.268242
vt 0.251003 0.266895
vt 0.253608 0.262180
vt 0.967490 0.066714
vt 0.963847 0.069108
vt 0.266596 0.252824
vt 0.271869 0.251822
vt 0.277151 0.251782
vt 0.277203 0.252611
vt 0.277294 0.254118
vt 0.272789 0.256024
vt 0.268652 0.257980
vt 0.264899 0.260319
vt 0.261362 0.262852
vt 0.257938 0.265655
vt 0.254767 0.268964
vt 0.250630 0.266689
vt 0.959679 0.070576
vt 0.271778 0.251406
vt 0.277123 0.251321
vt 0.282292 0.252124
vt 0.282228 0.252956
vt 0.282112 0.254474
vt 0.277381 0.255622
vt 0.272963 0.256831
vt 0.268845 0.258467
vt 0.265197 0.260808
vt 0.261739 0.263282
vt 0.258347 0.265983
vt 0.255496 0.269363
vt 0.271687 0.250990
vt 0.277098 0.250895
vt 0.282330 0.251661
vt 0.287217 0.253144
vt 0.287058 0.253976
vt 0.286782 0.255503
vt 0.281989 0.255990
vt 0.277427 0.256454
vt 0.273072 0.257343
vt 0.269054 0.258999
vt 0.265510 0.261323
vt 0.262137 0.263735
vt 0.258794 0.266341
vt 0.255955 0.269615
vt 0.950687 0.070086
vt 0.282366 0.251235
vt 0.287308 0.252684
vt 0.297663 0.259195
vt 0.291558 0.255338
vt 0.291215 0.256903
vt 0.286498 0.257037
vt 0.281917 0.256830
vt 0.277453 0.256980
vt 0.273190 0.257902
vt 0.269274 0.259559
vt 0.265835 0.261859
vt 0.262551 0.264206
vt 0.259264 0.266718
vt 0.256458 0.269889
vt 0.282403 0.250812
vt 0.287395 0.252264
vt 0.298073 0.258966
vt 0.299251 0.263669
vt 0.300023 0.263326
vt 0.297820 0.264288
vt 0.290869 0.258520
vt 0.286329 0.257890
vt 0.281867 0.257359
vt 0.277480 0.257553
vt 0.273313 0.258491
vt 0.269502 0.260144
vt 0.266170 0.262412
vt 0.262977 0.264692
vt 0.259755 0.267110
vt 0.256987 0.270178
vt 0.941339 0.065209
vt 0.298441 0.258745
vt 0.300449 0.263134
vt 0.296380 0.264912
vt 0.290646 0.259433
vt 0.286216 0.258428
vt 0.281809 0.257937
vt 0.277505 0.258158
vt 0.273439 0.259106
vt 0.269735 0.260745
vt 0.300838 0.262953
vt 0.295590 0.265269
vt 0.290493 0.260011
vt 0.286086 0.259014
vt 0.281744 0.258545
vt 0.277528 0.258786
vt 0.273567 0.259739
vt 0.295092 0.265501
vt 0.290316 0.260645
vt 0.285941 0.259630
vt 0.281671 0.259176
vt 0.277547 0.259433
vt 0.294552 0.265759
vt 0.290120 0.261315
vt 0.285780 0.260268
vt 0.281589 0.259825
vt 0.293985 0.266038
vt 0.289903 0.262015
vt 0.285601 0.260920
vt 0.955201 0.929984
vt 0.918916 0.917312
vt 0.918863 0.900844
vt 0.955040 0.900727
vt 0.955244 0.936524
vt 0.918979 0.936642
vt 0.557088 0.918483
vt 0.557034 0.902015
vt 0.973432 0.929926
vt 0.973304 0.900668
vt 0.955258 0.938589
vt 0.919950 0.938703
vt 0.973464 0.936465
vt 0.520886 0.931390
vt 0.520858 0.902132
vt 0.484660 0.978905
vt 0.484555 0.949646
vt 0.955278 0.941324
vt 0.922274 0.941432
vt 0.973828 0.938529
vt 0.484684 0.985444
vt 0.502655 0.931449
vt 0.502593 0.902191
vt 0.520885 0.937930
vt 0.557150 0.937813
vt 0.973489 0.941266
vt 0.485652 0.987507
vt 0.484423 0.931508
vt 0.484328 0.902250
vt 0.502665 0.937989
vt 0.520884 0.939995
vt 0.556192 0.939880
vt 0.988420 0.941218
vt 0.484444 0.938048
vt 0.502314 0.940055
vt 0.520882 0.942730
vt 0.553886 0.942624
vt 0.991490 0.889339
vt 0.502672 0.942790
vt 0.989186 0.892084
vt 0.352131 0.299211
vt 0.351638 0.298543
vt 0.355006 0.295648
vt 0.355607 0.296221
vt 0.348168 0.301525
vt 0.347795 0.300783
vt 0.351327 0.298122
vt 0.354627 0.295287
vt 0.357790 0.292192
vt 0.358481 0.292652
vt 0.353023 0.300416
vt 0.356693 0.297256
vt 0.343847 0.303096
vt 0.343602 0.302308
vt 0.347560 0.300315
vt 0.348843 0.302864
vt 0.350988 0.297662
vt 0.354213 0.294892
vt 0.357354 0.291902
vt 0.359896 0.288284
vt 0.360656 0.288616
vt 0.359730 0.293484
vt 0.353919 0.301627
vt 0.357782 0.298295
vt 0.339309 0.303902
vt 0.339190 0.303077
vt 0.343449 0.301808
vt 0.344294 0.304531
vt 0.347305 0.299804
vt 0.349523 0.304207
vt 0.350630 0.297176
vt 0.353777 0.294476
vt 0.356877 0.291585
vt 0.359416 0.288073
vt 0.362030 0.289220
vt 0.360982 0.294321
vt 0.358382 0.298866
vt 0.354412 0.302292
vt 0.339527 0.305392
vt 0.334686 0.303942
vt 0.334684 0.303099
vt 0.339117 0.302556
vt 0.343282 0.301261
vt 0.344746 0.305970
vt 0.347037 0.299264
vt 0.349897 0.304945
vt 0.350259 0.296670
vt 0.353323 0.294043
vt 0.356375 0.291251
vt 0.358891 0.287845
vt 0.363408 0.289827
vt 0.361672 0.294779
vt 0.358716 0.299185
vt 0.354687 0.302663
vt 0.334697 0.305463
vt 0.339752 0.306886
vt 0.330103 0.303297
vt 0.330196 0.302432
vt 0.334687 0.302567
vt 0.339040 0.301987
vt 0.343108 0.300685
vt 0.344995 0.306759
vt 0.346758 0.298702
vt 0.350106 0.305357
vt 0.349876 0.296149
vt 0.352856 0.293596
vt 0.355852 0.290903
vt 0.358338 0.287603
vt 0.364166 0.290160
vt 0.362056 0.295035
vt 0.359025 0.299478
vt 0.354942 0.303005
vt 0.329955 0.304850
vt 0.334715 0.306985
vt 0.339877 0.307707
vt 0.325618 0.302206
vt 0.325759 0.301277
vt 0.330261 0.301887
vt 0.334694 0.301987
vt 0.338962 0.301387
vt 0.342928 0.300084
vt 0.345135 0.307201
vt 0.346473 0.298124
vt 0.350299 0.305737
vt 0.364589 0.290346
vt 0.362410 0.295272
vt 0.359332 0.299772
vt 0.355195 0.303347
vt 0.325416 0.303847
vt 0.329814 0.306395
vt 0.334725 0.307820
vt 0.339945 0.308164
vt 0.319564 0.296326
vt 0.320320 0.295900
vt 0.325861 0.300687
vt 0.330338 0.301291
vt 0.334705 0.301376
vt 0.338883 0.300763
vt 0.342744 0.299464
vt 0.345262 0.307607
vt 0.500265 0.466186
vt 0.364979 0.290518
vt 0.318185 0.297074
vt 0.325212 0.305436
vt 0.329730 0.307239
vt 0.334728 0.308285
vt 0.340008 0.308586
vt 0.320795 0.295625
vt 0.325980 0.300041
vt 0.330428 0.300665
vt 0.334722 0.300740
vt 0.338807 0.300120
vt 0.345389 0.308013
vt 0.316815 0.297817
vt 0.318791 0.302133
vt 0.329679 0.307705
vt 0.334730 0.308712
vt 0.509260 0.466571
vt 0.321311 0.295320
vt 0.326117 0.299356
vt 0.330533 0.300015
vt 0.334747 0.300087
vt 0.316076 0.298227
vt 0.318403 0.302397
vt 0.329630 0.308130
vt 0.334731 0.309136
vt 0.321850 0.294992
vt 0.326272 0.298639
vt 0.330654 0.299350
vt 0.315669 0.298456
vt 0.318056 0.302651
vt 0.518514 0.470877
vt 0.315297 0.298671
vt 0.342066 0.255584
vt 0.346555 0.256251
vt 0.346490 0.256796
vt 0.342064 0.256115
vt 0.342064 0.254740
vt 0.346648 0.255385
vt 0.350991 0.257406
vt 0.350890 0.257995
vt 0.346413 0.257391
vt 0.342057 0.256696
vt 0.337561 0.255606
vt 0.337633 0.256127
vt 0.346796 0.253832
vt 0.342053 0.253220
vt 0.351132 0.256477
vt 0.337442 0.254781
vt 0.356431 0.262783
vt 0.355956 0.263057
vt 0.350770 0.258642
vt 0.346322 0.258017
vt 0.342046 0.257307
vt 0.337710 0.256696
vt 0.333148 0.256375
vt 0.333302 0.256876
vt 0.355849 0.257830
vt 0.337223 0.253291
vt 0.346936 0.252287
vt 0.342034 0.251698
vt 0.357187 0.262357
vt 0.332904 0.255587
vt 0.355440 0.263362
vt 0.350633 0.259327
vt 0.346218 0.258667
vt 0.342028 0.257943
vt 0.337789 0.257296
vt 0.333468 0.257422
vt 0.329190 0.258368
vt 0.328955 0.257900
vt 0.358565 0.261608
vt 0.351538 0.253246
vt 0.332456 0.254152
vt 0.336998 0.251797
vt 0.342025 0.250863
vt 0.347020 0.251444
vt 0.328582 0.257159
vt 0.354901 0.263691
vt 0.350478 0.260043
vt 0.346097 0.259332
vt 0.342004 0.258596
vt 0.337867 0.257920
vt 0.333643 0.257998
vt 0.329445 0.258879
vt 0.325424 0.260562
vt 0.325113 0.260140
vt 0.359936 0.260865
vt 0.357959 0.256549
vt 0.327907 0.255819
vt 0.332005 0.252714
vt 0.336874 0.250976
vt 0.342022 0.250399
vt 0.347071 0.250978
vt 0.324619 0.259473
vt 0.337944 0.258563
vt 0.333823 0.258599
vt 0.329714 0.259419
vt 0.325763 0.261022
vt 0.322123 0.263396
vt 0.321744 0.263034
vt 0.360675 0.260456
vt 0.358348 0.256286
vt 0.323727 0.258266
vt 0.327228 0.254476
vt 0.331755 0.251923
vt 0.336805 0.250519
vt 0.342020 0.249971
vt 0.347121 0.250552
vt 0.321144 0.262462
vt 0.334006 0.259219
vt 0.329992 0.259980
vt 0.326120 0.261507
vt 0.322538 0.263791
vt 0.319396 0.266781
vt 0.318961 0.266491
vt 0.361082 0.260226
vt 0.358694 0.256032
vt 0.320058 0.261427
vt 0.322831 0.257057
vt 0.326853 0.253738
vt 0.331616 0.251482
vt 0.336743 0.250097
vt 0.342019 0.249546
vt 0.494657 0.509823
vt 0.318269 0.266031
vt 0.330278 0.260559
vt 0.326492 0.262013
vt 0.322974 0.264208
vt 0.319873 0.267098
vt 0.317336 0.270610
vt 0.316855 0.270399
vt 0.361454 0.260012
vt 0.317021 0.265199
vt 0.318968 0.260387
vt 0.322338 0.256392
vt 0.326644 0.253326
vt 0.331489 0.251075
vt 0.336681 0.249676
vt 0.316095 0.270067
vt 0.326875 0.262534
vt 0.323427 0.264640
vt 0.320376 0.267432
vt 0.317860 0.270838
vt 0.314721 0.269463
vt 0.315768 0.264363
vt 0.318369 0.259817
vt 0.322063 0.256021
vt 0.326451 0.252946
vt 0.507395 0.514400
vt 0.323895 0.265087
vt 0.320899 0.267779
vt 0.318412 0.271079
vt 0.313343 0.268856
vt 0.315079 0.263904
vt 0.318034 0.259498
vt 0.321809 0.255679
vt 0.326260 0.252566
vt 0.312585 0.268523
vt 0.314694 0.263648
vt 0.317726 0.259204
vt 0.516775 0.513641
vt 0.312162 0.268337
vt 0.314340 0.263411
vt 0.317418 0.258911
vt 0.311772 0.268165
vt 0.081553 0.289495
vt 0.084997 0.278259
vt 0.091554 0.277880
vt 0.017506 0.100308
vt 0.075458 0.278795
vt 0.075435 0.290418
vt 0.092246 0.276976
vt 0.085448 0.277249
vt 0.076032 0.277551
vt 0.520617 0.835711
vt 0.520530 0.806453
vt 0.556706 0.806263
vt 0.556792 0.822731
vt 0.502386 0.835807
vt 0.502265 0.806549
vt 0.918531 0.804361
vt 0.918618 0.820829
vt 0.520629 0.842251
vt 0.556894 0.842060
vt 0.484155 0.835903
vt 0.484001 0.806645
vt 0.502409 0.842346
vt 0.954928 0.833428
vt 0.954708 0.804171
vt 0.520632 0.844316
vt 0.555940 0.844130
vt 0.484189 0.842443
vt 0.502063 0.844413
vt 0.954985 0.839968
vt 0.918720 0.840158
vt 0.973159 0.833332
vt 0.972972 0.804074
vt 0.520636 0.847051
vt 0.553640 0.846878
vt 0.990970 0.985690
vt 0.502426 0.847147
vt 0.955003 0.842032
vt 0.919695 0.842218
vt 0.973204 0.839871
vt 0.991390 0.833236
vt 0.991236 0.803978
vt 0.988661 0.988431
vt 0.955028 0.844768
vt 0.922024 0.844942
vt 0.973572 0.841935
vt 0.991425 0.839776
vt 0.973238 0.844673
vt 0.990470 0.841846
vt 0.988169 0.844594
vt 0.179089 0.287310
vt 0.177631 0.291304
vt 0.176938 0.290969
vt 0.178349 0.287100
vt 0.180427 0.287690
vt 0.178884 0.291908
vt 0.175473 0.294964
vt 0.174848 0.294515
vt 0.176500 0.290758
vt 0.177882 0.286968
vt 0.179802 0.283115
vt 0.179037 0.283034
vt 0.181771 0.288072
vt 0.180142 0.292513
vt 0.176604 0.295776
vt 0.181185 0.283263
vt 0.172682 0.298171
vt 0.172145 0.297619
vt 0.174454 0.294231
vt 0.176023 0.290528
vt 0.177372 0.286824
vt 0.178554 0.282983
vt 0.179754 0.278852
vt 0.178990 0.278897
vt 0.182509 0.288283
vt 0.180833 0.292847
vt 0.177739 0.296589
vt 0.182573 0.283414
vt 0.173655 0.299166
vt 0.181145 0.278771
vt 0.171806 0.297271
vt 0.174024 0.293921
vt 0.175519 0.290286
vt 0.176834 0.286673
vt 0.178027 0.282928
vt 0.178506 0.278927
vt 0.178215 0.274816
vt 0.178970 0.274650
vt 0.183336 0.283498
vt 0.182921 0.288400
vt 0.181219 0.293033
vt 0.178362 0.297037
vt 0.174632 0.300163
vt 0.182541 0.278693
vt 0.180335 0.274353
vt 0.171436 0.296891
vt 0.173569 0.293594
vt 0.174995 0.290034
vt 0.176273 0.286516
vt 0.177471 0.282872
vt 0.177977 0.278961
vt 0.177739 0.274924
vt 0.176762 0.270899
vt 0.177494 0.270625
vt 0.183308 0.278651
vt 0.183762 0.283544
vt 0.183300 0.288509
vt 0.181575 0.293205
vt 0.178710 0.297287
vt 0.175168 0.300712
vt 0.181704 0.274059
vt 0.178818 0.270138
vt 0.171046 0.296490
vt 0.173097 0.293254
vt 0.174454 0.289774
vt 0.175696 0.286354
vt 0.176893 0.282814
vt 0.177420 0.278998
vt 0.177220 0.275042
vt 0.176301 0.271076
vt 0.174716 0.267222
vt 0.175437 0.266859
vt 0.182457 0.273899
vt 0.183737 0.278628
vt 0.184155 0.283587
vt 0.496774 0.069066
vt 0.181930 0.293376
vt 0.179031 0.297518
vt 0.175468 0.301018
vt 0.180144 0.269656
vt 0.176736 0.266223
vt 0.176297 0.282755
vt 0.176840 0.279039
vt 0.176674 0.275171
vt 0.175800 0.271271
vt 0.174264 0.267457
vt 0.172264 0.263750
vt 0.170028 0.261188
vt 0.180872 0.269392
vt 0.182877 0.273810
vt 0.184131 0.278605
vt 0.501184 0.070937
vt 0.175745 0.301300
vt 0.178031 0.265596
vt 0.174382 0.262612
vt 0.176242 0.279082
vt 0.176107 0.275307
vt 0.175273 0.271481
vt 0.173773 0.267719
vt 0.171785 0.264031
vt 0.165820 0.260787
vt 0.165942 0.259992
vt 0.178735 0.265248
vt 0.181276 0.269243
vt 0.183263 0.273726
vt 0.505760 0.071083
vt 0.170574 0.258202
vt 0.166142 0.258551
vt 0.175524 0.275450
vt 0.174727 0.271703
vt 0.173259 0.268002
vt 0.171264 0.264346
vt 0.165737 0.261290
vt 0.170730 0.257424
vt 0.179123 0.265051
vt 0.181647 0.269105
vt 0.510399 0.070120
vt 0.166338 0.257119
vt 0.174168 0.271938
vt 0.172729 0.268305
vt 0.169469 0.263797
vt 0.165641 0.261836
vt 0.166452 0.256344
vt 0.170832 0.257000
vt 0.179476 0.264869
vt 0.514948 0.068163
vt 0.172192 0.268627
vt 0.170142 0.265057
vt 0.165533 0.262412
vt 0.166518 0.255916
vt 0.170938 0.256616
vt 0.519275 0.065353
vt 0.166583 0.255523
vt 0.137942 0.292834
vt 0.138402 0.292658
vt 0.140440 0.296277
vt 0.139988 0.296511
vt 0.136489 0.288917
vt 0.136965 0.288810
vt 0.138904 0.292463
vt 0.140931 0.296015
vt 0.142919 0.299703
vt 0.142440 0.299983
vt 0.137209 0.293108
vt 0.139267 0.296875
vt 0.135714 0.284837
vt 0.136199 0.284806
vt 0.137484 0.288691
vt 0.135734 0.289084
vt 0.139431 0.292253
vt 0.141445 0.295732
vt 0.143441 0.299388
vt 0.148967 0.302444
vt 0.148884 0.302946
vt 0.144676 0.302546
vt 0.137968 0.297511
vt 0.135887 0.293595
vt 0.135667 0.280700
vt 0.136150 0.280751
vt 0.136727 0.284772
vt 0.134950 0.284882
vt 0.138030 0.288563
vt 0.134370 0.289381
vt 0.139977 0.292030
vt 0.141974 0.295429
vt 0.145235 0.299937
vt 0.149063 0.301897
vt 0.148761 0.303742
vt 0.144396 0.304060
vt 0.136673 0.298137
vt 0.134559 0.294077
vt 0.134902 0.280618
vt 0.136355 0.276633
vt 0.136823 0.276765
vt 0.136677 0.280805
vt 0.137284 0.284736
vt 0.133559 0.284963
vt 0.138597 0.288427
vt 0.133000 0.289674
vt 0.140536 0.291795
vt 0.142512 0.295107
vt 0.144561 0.298676
vt 0.149172 0.301322
vt 0.148562 0.305182
vt 0.144130 0.305532
vt 0.133832 0.294342
vt 0.135969 0.298486
vt 0.133519 0.280470
vt 0.135615 0.276423
vt 0.137766 0.272764
vt 0.138204 0.272975
vt 0.137333 0.276909
vt 0.137233 0.280862
vt 0.137865 0.284695
vt 0.132163 0.285041
vt 0.139180 0.288283
vt 0.132247 0.289834
vt 0.148365 0.306615
vt 0.143974 0.306310
vt 0.133428 0.294490
vt 0.135581 0.298683
vt 0.132131 0.280320
vt 0.134276 0.276043
vt 0.137073 0.272430
vt 0.139856 0.269219
vt 0.140250 0.269503
vt 0.138682 0.273206
vt 0.137870 0.277061
vt 0.137811 0.280920
vt 0.138462 0.284652
vt 0.131395 0.285083
vt 0.131828 0.289924
vt 0.148252 0.307389
vt 0.143872 0.306733
vt 0.133056 0.294629
vt 0.135228 0.298865
vt 0.131368 0.280235
vt 0.132934 0.275661
vt 0.135820 0.271826
vt 0.139231 0.268769
vt 0.142559 0.266114
vt 0.142899 0.266463
vt 0.140681 0.269813
vt 0.139186 0.273448
vt 0.138431 0.277218
vt 0.138407 0.280978
vt 0.130967 0.285106
vt 0.131441 0.290008
vt 0.148185 0.307818
vt 0.143765 0.307117
vt 0.499092 0.025112
vt 0.495646 0.027340
vt 0.130943 0.280189
vt 0.132196 0.275450
vt 0.134562 0.271221
vt 0.138101 0.267958
vt 0.142022 0.265564
vt 0.143269 0.266843
vt 0.141135 0.270139
vt 0.139709 0.273700
vt 0.139008 0.277380
vt 0.130573 0.285129
vt 0.131056 0.290091
vt 0.148122 0.308211
vt 0.130549 0.280146
vt 0.131784 0.275333
vt 0.133871 0.270887
vt 0.136966 0.267144
vt 0.141049 0.264569
vt 0.143658 0.267244
vt 0.141607 0.270480
vt 0.140250 0.273960
vt 0.130179 0.285151
vt 0.130158 0.280104
vt 0.131404 0.275224
vt 0.133485 0.270700
vt 0.136342 0.266697
vt 0.140072 0.263571
vt 0.131025 0.275117
vt 0.133129 0.270529
vt 0.135994 0.266446
vt 0.139536 0.263022
vt 0.132774 0.270358
vt 0.135673 0.266216
vt 0.139236 0.262716
vt 0.138959 0.262434
vt 0.035363 0.271008
vt 0.039764 0.258260
vt 0.017299 0.188051
vt 0.016997 0.218042
vt 0.028803 0.258492
vt 0.028310 0.271820
vt 0.016014 0.186153
vt 0.040321 0.257120
vt 0.029510 0.257088
vt 0.467045 0.975891
vt 0.021076 0.984615
vt 0.022678 0.981408
vt 0.456686 0.981443
vt 0.022679 0.974259
vt 0.456686 0.974293
vt 0.453520 0.044076
vt 0.015966 0.042200
vt 0.015648 0.012179
vt 0.097904 0.256325
vt 0.014662 0.010372
vt 0.098587 0.255459
vt 0.236562 0.287245
vt 0.234760 0.291107
vt 0.234097 0.290716
vt 0.235843 0.286974
vt 0.237863 0.287736
vt 0.235958 0.291813
vt 0.232289 0.294578
vt 0.231704 0.294078
vt 0.233679 0.290469
vt 0.235388 0.286803
vt 0.237639 0.283119
vt 0.236884 0.282973
vt 0.239170 0.288229
vt 0.237161 0.292520
vt 0.233349 0.295479
vt 0.239004 0.283383
vt 0.229227 0.297543
vt 0.228737 0.296951
vt 0.231334 0.293763
vt 0.233223 0.290200
vt 0.234892 0.286617
vt 0.236407 0.282882
vt 0.237963 0.278860
vt 0.237198 0.278840
vt 0.239887 0.288501
vt 0.237822 0.292911
vt 0.234413 0.296383
vt 0.240374 0.283650
vt 0.230116 0.298613
vt 0.239355 0.278896
vt 0.228427 0.296576
vt 0.230932 0.293419
vt 0.232741 0.289917
vt 0.234369 0.286421
vt 0.235887 0.282783
vt 0.236713 0.278829
vt 0.236781 0.274699
vt 0.237547 0.274598
vt 0.241127 0.283797
vt 0.240288 0.288652
vt 0.238191 0.293128
vt 0.234997 0.296880
vt 0.231009 0.299686
vt 0.240753 0.278936
vt 0.238932 0.274417
vt 0.228090 0.296167
vt 0.230506 0.293056
vt 0.232240 0.289622
vt 0.233825 0.286217
vt 0.235339 0.282680
vt 0.236184 0.278818
vt 0.236298 0.274766
vt 0.235673 0.270664
vt 0.236425 0.270453
vt 0.241520 0.278959
vt 0.241548 0.283879
vt 0.240657 0.288792
vt 0.238531 0.293329
vt 0.235323 0.297158
vt 0.231499 0.300276
vt 0.240321 0.274241
vt 0.237785 0.270080
vt 0.227734 0.295736
vt 0.230064 0.292678
vt 0.231724 0.289318
vt 0.233263 0.286008
vt 0.234767 0.282574
vt 0.235626 0.278808
vt 0.235772 0.274840
vt 0.235200 0.270801
vt 0.233952 0.266818
vt 0.234700 0.266517
vt 0.241084 0.274145
vt 0.241949 0.278972
vt 0.241935 0.283955
vt 0.963955 0.468135
vt 0.238871 0.293529
vt 0.235625 0.297414
vt 0.231773 0.300605
vt 0.239147 0.269713
vt 0.236047 0.265995
vt 0.234179 0.282465
vt 0.235045 0.278799
vt 0.235217 0.274922
vt 0.234684 0.270953
vt 0.233482 0.267013
vt 0.231805 0.263144
vt 0.229801 0.260361
vt 0.239894 0.269511
vt 0.241510 0.274091
vt 0.242344 0.278983
vt 0.959789 0.466597
vt 0.232027 0.300909
vt 0.237390 0.265481
vt 0.234009 0.262194
vt 0.234446 0.278792
vt 0.234641 0.275009
vt 0.234142 0.271117
vt 0.232971 0.267231
vt 0.231305 0.263382
vt 0.225642 0.259606
vt 0.225830 0.258822
vt 0.238121 0.265193
vt 0.240309 0.269397
vt 0.241902 0.274040
vt 0.955370 0.466262
vt 0.230594 0.257425
vt 0.226149 0.257401
vt 0.234049 0.275103
vt 0.233580 0.271292
vt 0.232436 0.267469
vt 0.230759 0.263650
vt 0.225518 0.260100
vt 0.230814 0.256661
vt 0.238524 0.265030
vt 0.240691 0.269291
vt 0.950696 0.466956
vt 0.226464 0.255989
vt 0.233003 0.271478
vt 0.231883 0.267725
vt 0.229025 0.262924
vt 0.225377 0.260638
vt 0.226642 0.255225
vt 0.230951 0.256248
vt 0.238891 0.264879
vt 0.945794 0.468943
vt 0.231321 0.268000
vt 0.229584 0.264258
vt 0.225221 0.261204
vt 0.226743 0.254804
vt 0.231089 0.255874
vt 0.941236 0.471763
vt 0.226840 0.254418
vt 0.195347 0.289036
vt 0.195810 0.288881
vt 0.197639 0.292553
vt 0.197199 0.292776
vt 0.194158 0.285060
vt 0.194639 0.284981
vt 0.196315 0.288709
vt 0.198118 0.292306
vt 0.200044 0.295941
vt 0.199618 0.296221
vt 0.194612 0.289280
vt 0.196499 0.293125
vt 0.193686 0.280955
vt 0.194171 0.280957
vt 0.195162 0.284893
vt 0.193398 0.285184
vt 0.196846 0.288527
vt 0.198620 0.292042
vt 0.200504 0.295630
vt 0.202876 0.299066
vt 0.204915 0.300784
vt 0.198940 0.296657
vt 0.195233 0.293748
vt 0.193285 0.289715
vt 0.193958 0.276844
vt 0.194436 0.276929
vt 0.194700 0.280959
vt 0.192921 0.280951
vt 0.195714 0.284800
vt 0.192023 0.285405
vt 0.197397 0.288334
vt 0.199139 0.291762
vt 0.200986 0.295297
vt 0.205062 0.299640
vt 0.204830 0.301642
vt 0.197716 0.297426
vt 0.193964 0.294365
vt 0.191952 0.290147
vt 0.193200 0.276708
vt 0.194966 0.272858
vt 0.195423 0.273025
vt 0.194958 0.277022
vt 0.195259 0.280961
vt 0.191528 0.280941
vt 0.196287 0.284700
vt 0.190643 0.285624
vt 0.197964 0.288133
vt 0.199671 0.291469
vt 0.201481 0.294942
vt 0.205157 0.299005
vt 0.204685 0.303171
vt 0.196494 0.298186
vt 0.191219 0.290384
vt 0.193268 0.294705
vt 0.191831 0.276463
vt 0.194244 0.272593
vt 0.196687 0.269127
vt 0.197107 0.269370
vt 0.195922 0.273207
vt 0.195509 0.277119
vt 0.195841 0.280961
vt 0.190131 0.280931
vt 0.196877 0.284596
vt 0.189884 0.285743
vt 0.204551 0.304658
vt 0.195831 0.298606
vt 0.190811 0.290517
vt 0.192882 0.294895
vt 0.190457 0.276217
vt 0.192937 0.272115
vt 0.196021 0.268740
vt 0.199061 0.265773
vt 0.199432 0.266087
vt 0.197566 0.269637
vt 0.196447 0.273398
vt 0.196082 0.277220
vt 0.196440 0.280960
vt 0.189363 0.280923
vt 0.189461 0.285810
vt 0.198566 0.302057
vt 0.195466 0.298843
vt 0.190435 0.290640
vt 0.192527 0.295072
vt 0.189702 0.276079
vt 0.191625 0.271635
vt 0.194817 0.268042
vt 0.198472 0.265276
vt 0.202013 0.262911
vt 0.202324 0.263286
vt 0.199837 0.266430
vt 0.198051 0.269918
vt 0.196995 0.273598
vt 0.196672 0.277322
vt 0.188935 0.280919
vt 0.189070 0.285872
vt 0.198221 0.302324
vt 0.195133 0.299061
vt 0.961586 0.512733
vt 0.965457 0.510597
vt 0.189281 0.276003
vt 0.190905 0.271371
vt 0.193608 0.267342
vt 0.197409 0.264379
vt 0.201521 0.262319
vt 0.202663 0.263695
vt 0.200265 0.266792
vt 0.198554 0.270210
vt 0.197558 0.273804
vt 0.188539 0.280916
vt 0.188681 0.285934
vt 0.197914 0.302578
vt 0.188891 0.275933
vt 0.190503 0.271224
vt 0.192944 0.266957
vt 0.196340 0.263479
vt 0.200630 0.261250
vt 0.203019 0.264125
vt 0.200709 0.267169
vt 0.199073 0.270512
vt 0.188145 0.280913
vt 0.188503 0.275864
vt 0.190131 0.271088
vt 0.192574 0.266742
vt 0.195753 0.262984
vt 0.199735 0.260178
vt 0.189761 0.270953
vt 0.192232 0.266544
vt 0.195426 0.262708
vt 0.199243 0.259588
vt 0.191891 0.266347
vt 0.195124 0.262453
vt 0.198969 0.259260
vt 0.198715 0.258956
vt 0.102657 0.286940
vt 0.105739 0.288850
vt 0.112845 0.276914
vt 0.106722 0.276761
vt 0.113557 0.276126
vt 0.107218 0.275858
vt 0.097815 0.276526
vt 0.096900 0.287327
vt 0.098444 0.275414
vt 0.458324 0.531084
vt 0.456722 0.534290
vt 0.022713 0.534256
vt 0.021112 0.531049
vt 0.022713 0.541405
vt 0.456721 0.541440
vt 0.020933 0.158946
vt 0.020572 0.129343
vt 0.452930 0.130510
vt 0.452410 0.160110
vt 0.072870 0.257758
vt 0.453915 0.128734
vt 0.270369 0.303509
vt 0.265957 0.302448
vt 0.266070 0.301911
vt 0.270419 0.302979
vt 0.270297 0.304349
vt 0.265788 0.303302
vt 0.261641 0.300906
vt 0.261793 0.300327
vt 0.266200 0.301324
vt 0.270477 0.302401
vt 0.274859 0.303884
vt 0.274833 0.303358
vt 0.265503 0.304836
vt 0.270174 0.305864
vt 0.261417 0.301818
vt 0.274905 0.304717
vt 0.256696 0.295069
vt 0.257194 0.294838
vt 0.261969 0.299694
vt 0.266345 0.300709
vt 0.270542 0.301794
vt 0.274806 0.302785
vt 0.279323 0.303508
vt 0.279214 0.302995
vt 0.256839 0.300054
vt 0.274991 0.306220
vt 0.265228 0.306363
vt 0.270058 0.307382
vt 0.255906 0.295427
vt 0.279497 0.304314
vt 0.257735 0.294580
vt 0.262167 0.299024
vt 0.266506 0.300071
vt 0.270615 0.301162
vt 0.274781 0.302181
vt 0.279096 0.302436
vt 0.283441 0.301872
vt 0.283633 0.302359
vt 0.254467 0.296051
vt 0.260728 0.305001
vt 0.279815 0.305783
vt 0.275083 0.307728
vt 0.269993 0.308215
vt 0.265069 0.307195
vt 0.283940 0.303130
vt 0.258301 0.294300
vt 0.262384 0.298324
vt 0.266686 0.299419
vt 0.270698 0.300513
vt 0.274758 0.301552
vt 0.278973 0.301847
vt 0.283232 0.301340
vt 0.287386 0.300019
vt 0.287659 0.300467
vt 0.253035 0.296670
vt 0.260522 0.305835
vt 0.284494 0.304524
vt 0.280138 0.307255
vt 0.275135 0.308557
vt 0.269955 0.308677
vt 0.264977 0.307654
vt 0.288091 0.301175
vt 0.274739 0.300905
vt 0.278847 0.301232
vt 0.283012 0.300779
vt 0.287089 0.299531
vt 0.290924 0.297487
vt 0.291270 0.297881
vt 0.252264 0.297012
vt 0.260392 0.306287
vt 0.288874 0.302455
vt 0.285052 0.305922
vt 0.280317 0.308065
vt 0.275163 0.309018
vt 0.269920 0.309104
vt 0.264890 0.308074
vt 0.291817 0.298504
vt 0.278718 0.300599
vt 0.282784 0.300195
vt 0.286776 0.299016
vt 0.290546 0.297057
vt 0.293939 0.294356
vt 0.294348 0.294684
vt 0.251838 0.297206
vt 0.260260 0.306696
vt 0.292808 0.299631
vt 0.289659 0.303739
vt 0.285360 0.306690
vt 0.280416 0.308517
vt 0.275188 0.309444
vt 0.269883 0.309527
vt 0.965885 0.026687
vt 0.294996 0.295203
vt 0.282551 0.299594
vt 0.286450 0.298479
vt 0.290149 0.296604
vt 0.293492 0.293998
vt 0.296330 0.290724
vt 0.296790 0.290976
vt 0.251448 0.297386
vt 0.296166 0.296142
vt 0.293801 0.300763
vt 0.290092 0.304445
vt 0.285532 0.307119
vt 0.280508 0.308933
vt 0.275212 0.309868
vt 0.297518 0.291375
vt 0.286115 0.297927
vt 0.289735 0.296133
vt 0.293021 0.293621
vt 0.295828 0.290450
vt 0.298833 0.292098
vt 0.297339 0.297085
vt 0.294348 0.301384
vt 0.290333 0.304839
vt 0.285690 0.307515
vt 0.953190 0.022306
vt 0.289309 0.295646
vt 0.292531 0.293229
vt 0.295299 0.290161
vt 0.300152 0.292824
vt 0.297985 0.297603
vt 0.294653 0.301731
vt 0.290556 0.305202
vt 0.285847 0.307910
vt 0.300878 0.293222
vt 0.298346 0.297892
vt 0.294934 0.302051
vt 0.943900 0.022890
vt 0.301282 0.293445
vt 0.298678 0.298159
vt 0.295215 0.302370
vt 0.301656 0.293651
vt 0.977969 0.045862
vt 0.977967 0.045885
vt 0.975309 0.050757
vt 0.522003 0.894532
vt 0.977651 0.050735
vt 0.975830 0.046028
vt 0.977711 0.040962
vt 0.977946 0.046199
vt 0.977648 0.050751
vt 0.977713 0.040993
vt 0.974844 0.050834
vt 0.975432 0.046212
vt 0.976594 0.036342
vt 0.974685 0.055001
vt 0.975550 0.041410
vt 0.247326 0.276934
vt 0.247090 0.282322
vt 0.975163 0.041639
vt 0.974275 0.055135
vt 0.976586 0.036316
vt 0.976864 0.055416
vt 0.247747 0.277002
vt 0.247516 0.282318
vt 0.247788 0.287640
vt 0.248513 0.271663
vt 0.248905 0.292841
vt 0.974396 0.036969
vt 0.973244 0.059321
vt 0.972829 0.059375
vt 0.975913 0.034915
vt 0.976857 0.055434
vt 0.248208 0.287568
vt 0.248915 0.271801
vt 0.249309 0.292709
vt 0.972110 0.033195
vt 0.972418 0.032854
vt 0.971001 0.063513
vt 0.253276 0.261914
vt 0.503616 0.894628
vt 0.974571 0.032120
vt 0.976178 0.057140
vt 0.249715 0.292578
vt 0.260116 0.307096
vt 0.969550 0.029248
vt 0.975240 0.060146
vt 0.967882 0.067025
vt 0.503277 0.891898
vt 0.522049 0.891799
vt 0.555136 0.894359
vt 0.966043 0.026281
vt 0.971447 0.027996
vt 0.974558 0.032094
vt 0.975249 0.060125
vt 0.972949 0.064883
vt 0.964128 0.069546
vt 0.987535 0.013695
vt 0.486177 0.891987
vt 0.557443 0.891613
vt 0.967717 0.024863
vt 0.962195 0.024062
vt 0.971464 0.028023
vt 0.971820 0.028586
vt 0.972930 0.064910
vt 0.969691 0.068724
vt 0.959798 0.071181
vt 0.972625 0.013586
vt 0.108156 0.274498
vt 0.967695 0.024844
vt 0.963760 0.022301
vt 0.957843 0.022689
vt 0.971095 0.027699
vt 0.972705 0.065237
vt 0.969708 0.068709
vt 0.965364 0.071750
vt 0.955373 0.071361
vt 0.962883 0.082443
vt 0.965290 0.023207
vt 0.959197 0.020815
vt 0.963788 0.022318
vt 0.953132 0.021964
vt 0.967676 0.070133
vt 0.965333 0.071764
vt 0.960287 0.074088
vt 0.950725 0.070554
vt 0.960547 0.073987
vt 0.963467 0.454666
vt 0.956308 0.013866
vt 0.959156 0.020802
vt 0.948457 0.021707
vt 0.953978 0.020515
vt 0.960313 0.074096
vt 0.955256 0.073906
vt 0.945773 0.068517
vt 0.041394 0.255395
vt 0.474838 0.983391
vt 0.926571 0.072851
vt 0.943835 0.022417
vt 0.949006 0.019535
vt 0.953933 0.020528
vt 0.954007 0.020517
vt 0.955232 0.073902
vt 0.949763 0.072478
vt 0.941240 0.065612
vt 0.031142 0.255228
vt 0.960782 0.463176
vt 0.949893 0.464520
vt 0.461349 0.527794
vt 0.470341 0.978908
vt 0.949799 0.072492
vt 0.939261 0.024147
vt 0.943951 0.020015
vt 0.948963 0.019525
vt 0.955127 0.073881
vt 0.944483 0.070242
vt 0.937118 0.062084
vt 0.937280 0.061720
vt 0.955619 0.889527
vt 0.955694 0.892259
vt 0.972789 0.472155
vt 0.965519 0.465508
vt 0.960550 0.463062
vt 0.955316 0.463201
vt 0.949857 0.464534
vt 0.018087 0.527760
vt 0.534366 0.072837
vt 0.013556 0.992389
vt 0.018050 0.987904
vt 0.935438 0.027068
vt 0.935162 0.026668
vt 0.939128 0.021902
vt 0.943993 0.020013
vt 0.052081 0.256483
vt 0.944450 0.070221
vt 0.939781 0.067007
vt 0.301223 0.262773
vt 0.933541 0.058001
vt 0.974390 0.889428
vt 0.974080 0.892162
vt 0.976152 0.480289
vt 0.973010 0.472485
vt 0.969846 0.468639
vt 0.965550 0.465523
vt 0.960523 0.463070
vt 0.955423 0.463181
vt 0.950745 0.466491
vt 0.944464 0.466747
vt 0.456519 0.126892
vt 0.915940 0.034841
vt 0.915818 0.502164
vt 0.544064 0.500960
vt 0.931635 0.030003
vt 0.932015 0.030360
vt 0.934096 0.024561
vt 0.939089 0.021911
vt 0.942236 0.020686
vt 0.939808 0.067031
vt 0.935443 0.063162
vt 0.303381 0.267498
vt 0.930605 0.053551
vt 0.975568 0.502522
vt 0.976804 0.482012
vt 0.975268 0.477296
vt 0.973029 0.472514
vt 0.967978 0.470288
vt 0.969829 0.468624
vt 0.967836 0.467179
vt 0.959928 0.465992
vt 0.955448 0.463177
vt 0.945731 0.468488
vt 0.944430 0.466768
vt 0.456702 0.068581
vt 0.497998 0.082345
vt 0.535853 0.043866
vt 0.924832 0.043303
vt 0.924647 0.493606
vt 0.535081 0.492961
vt 0.930039 0.028075
vt 0.928862 0.034151
vt 0.304176 0.288814
vt 0.933681 0.024863
vt 0.934130 0.024543
vt 0.302978 0.267630
vt 0.935428 0.063143
vt 0.931561 0.058834
vt 0.928472 0.048704
vt 0.928869 0.048509
vt 0.971942 0.523823
vt 0.974190 0.505297
vt 0.976258 0.501132
vt 0.976811 0.482030
vt 0.973245 0.478068
vt 0.975259 0.477275
vt 0.964252 0.467705
vt 0.955463 0.465745
vt 0.941125 0.471362
vt 0.939680 0.469930
vt 0.511100 0.072551
vt 0.509999 0.464030
vt 0.534619 0.049244
vt 0.535856 0.043831
vt 0.064616 0.255994
vt 0.063419 0.258172
vt 0.061478 0.280586
vt 0.060154 0.282782
vt 0.924829 0.043268
vt 0.926094 0.048792
vt 0.925864 0.488114
vt 0.924644 0.493641
vt 0.115078 0.256884
vt 0.114088 0.258206
vt 0.092261 0.253982
vt 0.091309 0.255641
vt 0.535083 0.492996
vt 0.533876 0.487567
vt 0.303773 0.288676
vt 0.930016 0.028091
vt 0.926499 0.032805
vt 0.927171 0.038718
vt 0.927656 0.038894
vt 0.302572 0.267762
vt 0.304498 0.272700
vt 0.931576 0.058858
vt 0.928412 0.054013
vt 0.927289 0.043687
vt 0.305621 0.278013
vt 0.971404 0.508789
vt 0.974176 0.505323
vt 0.976266 0.501106
vt 0.977524 0.486714
vt 0.971054 0.473849
vt 0.939652 0.469954
vt 0.035016 0.279552
vt 0.086329 0.275714
vt 0.505734 0.073995
vt 0.511135 0.072537
vt 0.504612 0.462714
vt 0.510035 0.464044
vt 0.534613 0.049270
vt 0.533491 0.044214
vt 0.533670 0.039249
vt 0.536087 0.038461
vt 0.926520 0.032772
vt 0.062814 0.259603
vt 0.050212 0.258858
vt 0.532868 0.006626
vt 0.046506 0.282941
vt 0.059471 0.284232
vt 0.534575 0.033202
vt 0.924745 0.037887
vt 0.926100 0.048819
vt 0.925870 0.488088
vt 0.927075 0.493189
vt 0.926940 0.498148
vt 0.924544 0.499024
vt 0.533868 0.503497
vt 0.113557 0.259092
vt 0.105333 0.257432
vt 0.106784 0.256043
vt 0.928027 0.531042
vt 0.081136 0.255978
vt 0.090823 0.256733
vt 0.926295 0.504138
vt 0.532596 0.497662
vt 0.535208 0.498326
vt 0.532563 0.492722
vt 0.533870 0.487541
vt 0.303370 0.288539
vt 0.304960 0.283405
vt 0.924748 0.037865
vt 0.304078 0.272771
vt 0.305196 0.278017
vt 0.928399 0.053982
vt 0.971042 0.509350
vt 0.972049 0.504534
vt 0.974079 0.500445
vt 0.975291 0.496018
vt 0.977443 0.496503
vt 0.977526 0.486730
vt 0.974625 0.482403
vt 0.235925 0.297669
vt 0.231237 0.255508
vt 0.936952 0.474866
vt 0.935247 0.473780
vt 0.499231 0.462753
vt 0.554607 0.989992
vt 0.556919 0.987250
vt 0.077396 0.275881
vt 0.500186 0.074077
vt 0.505627 0.074018
vt 0.510327 0.070592
vt 0.516358 0.070295
vt 0.504505 0.462694
vt 0.509208 0.466086
vt 0.515423 0.466236
vt 0.532313 0.054302
vt 0.532232 0.049070
vt 0.536084 0.038439
vt 0.928458 0.030176
vt 0.049445 0.260621
vt 0.526898 0.024960
vt 0.045642 0.284726
vt 0.532687 0.030566
vt 0.534593 0.033237
vt 0.928153 0.482935
vt 0.928252 0.488187
vt 0.924547 0.499045
vt 0.532074 0.506080
vt 0.533885 0.503463
vt 0.104665 0.258521
vt 0.526630 0.511762
vt 0.933806 0.512398
vt 0.080520 0.257323
vt 0.928203 0.506741
vt 0.926275 0.504105
vt 0.535205 0.498347
vt 0.531481 0.487780
vt 0.531598 0.482424
vt 0.304539 0.283338
vt 0.924861 0.037537
vt 0.304770 0.278021
vt 0.971024 0.509377
vt 0.977763 0.491603
vt 0.977746 0.491266
vt 0.975183 0.486648
vt 0.974214 0.482263
vt 0.972828 0.478009
vt 0.226937 0.254036
vt 0.933337 0.478931
vt 0.935232 0.473798
vt 0.499461 0.462638
vt 0.494547 0.465100
vt 0.487252 0.471710
vt 0.521474 0.990111
vt 0.521525 0.987378
vt 0.955098 0.985819
vt 0.955168 0.988551
vt 0.487759 0.064292
vt 0.495239 0.071570
vt 0.500428 0.074200
vt 0.505604 0.074022
vt 0.515022 0.068624
vt 0.516390 0.070274
vt 0.504481 0.462691
vt 0.514124 0.467877
vt 0.515456 0.466256
vt 0.532299 0.054333
vt 0.531839 0.048863
vt 0.533048 0.044099
vt 0.533172 0.039353
vt 0.535988 0.038101
vt 0.526932 0.024978
vt 0.521874 0.022396
vt 0.531169 0.028448
vt 0.529687 0.030357
vt 0.928166 0.482904
vt 0.928656 0.488375
vt 0.927536 0.493285
vt 0.927420 0.497965
vt 0.924660 0.499374
vt 0.530632 0.508156
vt 0.535120 0.498679
vt 0.529204 0.506247
vt 0.521686 0.514535
vt 0.526662 0.511743
vt 0.933773 0.512379
vt 0.938721 0.515071
vt 0.929737 0.508831
vt 0.931358 0.506923
vt 0.532058 0.497566
vt 0.309202 0.284091
vt 0.531091 0.488006
vt 0.531585 0.482393
vt 0.970670 0.509666
vt 0.208738 0.307361
vt 0.197619 0.302839
vt 0.213556 0.307662
vt 0.977445 0.496472
vt 0.977761 0.491580
vt 0.223415 0.306082
vt 0.227863 0.303704
vt 0.930735 0.483613
vt 0.930386 0.483361
vt 0.931340 0.478068
vt 0.499487 0.462646
vt 0.494517 0.465115
vt 0.490209 0.468225
vt 0.487034 0.472036
vt 0.483668 0.479829
vt 0.503087 0.990177
vt 0.502753 0.987446
vt 0.973870 0.985751
vt 0.973555 0.988485
vt 0.484332 0.055793
vt 0.487537 0.063943
vt 0.490769 0.068136
vt 0.495207 0.071553
vt 0.500455 0.074193
vt 0.519397 0.065756
vt 0.520942 0.067097
vt 0.518627 0.470509
vt 0.520176 0.469366
vt 0.529140 0.059063
vt 0.530086 0.053794
vt 0.529749 0.053525
vt 0.156965 0.254679
vt 0.152042 0.255380
vt 0.147288 0.256932
vt 0.531859 0.034779
vt 0.532329 0.034555
vt 0.527364 0.025272
vt 0.521628 0.024544
vt 0.521834 0.022388
vt 0.531145 0.028432
vt 0.931325 0.478092
vt 0.217324 0.252756
vt 0.212356 0.253033
vt 0.207484 0.254176
vt 0.929112 0.502553
vt 0.928615 0.502744
vt 0.530610 0.508172
vt 0.531479 0.502184
vt 0.521422 0.512299
vt 0.521647 0.514545
vt 0.527061 0.511429
vt 0.933361 0.512076
vt 0.938913 0.512839
vt 0.938760 0.515080
vt 0.929759 0.508848
vt 0.309689 0.273205
vt 0.309385 0.278662
vt 0.309625 0.284050
vt 0.310790 0.289285
vt 0.529359 0.482846
vt 0.312362 0.294368
vt 0.528454 0.477550
vt 0.967235 0.512462
vt 0.967259 0.512443
vt 0.969146 0.508093
vt 0.194806 0.299280
vt 0.208769 0.306968
vt 0.218517 0.307282
vt 0.975634 0.491396
vt 0.213538 0.307268
vt 0.223278 0.305712
vt 0.227666 0.303362
vt 0.222208 0.253272
vt 0.500119 0.465582
vt 0.492224 0.466768
vt 0.492007 0.469982
vt 0.490226 0.468210
vt 0.487015 0.472064
vt 0.484742 0.476856
vt 0.482917 0.481570
vt 0.484220 0.502110
vt 0.473094 0.523431
vt 0.485999 0.034674
vt 0.483626 0.054052
vt 0.485291 0.058885
vt 0.487518 0.063914
vt 0.492526 0.066488
vt 0.490786 0.068153
vt 0.492845 0.069737
vt 0.501036 0.071487
vt 0.505652 0.071573
vt 0.520968 0.067073
vt 0.504535 0.465324
vt 0.520203 0.469390
vt 0.529125 0.059086
vt 0.527122 0.058221
vt 0.166648 0.255134
vt 0.161872 0.254776
vt 0.157006 0.255073
vt 0.152145 0.255761
vt 0.147453 0.257291
vt 0.142875 0.259304
vt 0.529336 0.030716
vt 0.525967 0.027028
vt 0.518692 0.021193
vt 0.217333 0.253151
vt 0.212427 0.253422
vt 0.207619 0.254547
vt 0.202883 0.256166
vt 0.931737 0.506567
vt 0.528890 0.505863
vt 0.518517 0.515811
vt 0.525599 0.509652
vt 0.934850 0.510285
vt 0.941836 0.516328
vt 0.310102 0.273307
vt 0.309810 0.278692
vt 0.310050 0.284009
vt 0.311202 0.289177
vt 0.312753 0.294200
vt 0.314929 0.298884
vt 0.526421 0.478282
vt 0.528439 0.477526
vt 0.955752 0.523270
vt 0.965610 0.511005
vt 0.208797 0.306572
vt 0.218441 0.306896
vt 0.213517 0.306873
vt 0.223140 0.305342
vt 0.222159 0.253665
vt 0.495786 0.467337
vt 0.484752 0.476834
vt 0.486957 0.477344
vt 0.482909 0.481588
vt 0.483473 0.500735
vt 0.485713 0.504854
vt 0.488051 0.523226
vt 0.489401 0.013822
vt 0.487623 0.032204
vt 0.485186 0.035911
vt 0.483619 0.054034
vt 0.487192 0.057982
vt 0.485300 0.058907
vt 0.496494 0.069475
vt 0.171056 0.256240
vt 0.523494 0.062256
vt 0.525253 0.063289
vt 0.522810 0.474136
vt 0.522626 0.474473
vt 0.524569 0.473209
vt 0.525269 0.063271
vt 0.161856 0.255171
vt 0.143098 0.259630
vt 0.135353 0.265986
vt 0.516933 0.022882
vt 0.516958 0.020535
vt 0.203079 0.256509
vt 0.194822 0.262199
vt 0.525334 0.509262
vt 0.516847 0.514112
vt 0.516791 0.516509
vt 0.943448 0.514610
vt 0.943534 0.517016
vt 0.310516 0.273408
vt 0.313145 0.294034
vt 0.524584 0.473228
vt 0.964818 0.514068
vt 0.961746 0.513164
vt 0.218364 0.306508
vt 0.489030 0.473398
vt 0.481831 0.486442
vt 0.483463 0.500709
vt 0.485728 0.504879
vt 0.488600 0.508267
vt 0.490166 0.028923
vt 0.487637 0.032181
vt 0.485175 0.035935
vt 0.482708 0.049253
vt 0.489404 0.062563
vt 0.516915 0.020532
vt 0.516748 0.516512
vt 0.943576 0.517018
vt 0.963282 0.514950
vt 0.957392 0.514472
vt 0.489498 0.473532
vt 0.485043 0.481963
vt 0.481828 0.486458
vt 0.482108 0.496158
vt 0.484284 0.495764
vt 0.485661 0.500082
vt 0.487861 0.504061
vt 0.488972 0.508813
vt 0.490505 0.028390
vt 0.489916 0.033191
vt 0.487528 0.036699
vt 0.485793 0.040511
vt 0.483586 0.040055
vt 0.482705 0.049237
vt 0.485668 0.053400
vt 0.179351 0.297747
vt 0.512307 0.022146
vt 0.511932 0.019999
vt 0.512209 0.514910
vt 0.511735 0.517099
vt 0.948038 0.515363
vt 0.948512 0.517552
vt 0.963310 0.514934
vt 0.958676 0.516379
vt 0.958717 0.516366
vt 0.952690 0.515147
vt 0.487406 0.477371
vt 0.367062 0.285478
vt 0.483973 0.486625
vt 0.481598 0.491006
vt 0.481582 0.491343
vt 0.488989 0.508839
vt 0.490521 0.028365
vt 0.482729 0.044562
vt 0.482727 0.044885
vt 0.484894 0.048938
vt 0.486085 0.053390
vt 0.487584 0.057936
vt 0.507624 0.022438
vt 0.511888 0.020008
vt 0.507453 0.514744
vt 0.511691 0.517091
vt 0.948555 0.517543
vt 0.953542 0.516596
vt 0.953513 0.516598
vt 0.366649 0.285376
vt 0.367790 0.280051
vt 0.481583 0.491321
vt 0.482105 0.496127
vt 0.366371 0.269289
vt 0.485985 0.499769
vt 0.361821 0.259798
vt 0.489351 0.509120
vt 0.490847 0.028075
vt 0.152814 0.309351
vt 0.148056 0.308599
vt 0.157779 0.309446
vt 0.483581 0.040083
vt 0.482729 0.044583
vt 0.167581 0.307160
vt 0.171829 0.304429
vt 0.503087 0.023140
vt 0.506995 0.020841
vt 0.502657 0.514086
vt 0.506708 0.516228
vt 0.953468 0.516584
vt 0.366236 0.285275
vt 0.367365 0.280020
vt 0.484107 0.491060
vt 0.483721 0.491252
vt 0.365961 0.269398
vt 0.363998 0.264482
vt 0.491108 0.507111
vt 0.490873 0.507496
vt 0.492817 0.511805
vt 0.492840 0.511823
vt 0.493991 0.025281
vt 0.493970 0.025300
vt 0.492459 0.030137
vt 0.143648 0.307494
vt 0.152832 0.308958
vt 0.162764 0.308735
vt 0.484924 0.044601
vt 0.157739 0.309054
vt 0.167416 0.306802
vt 0.171606 0.304104
vt 0.499007 0.024661
vt 0.506953 0.020830
vt 0.505182 0.013914
vt 0.506663 0.516241
vt 0.498328 0.512589
vt 0.504380 0.522901
vt 0.366940 0.279991
vt 0.367125 0.274633
vt 0.365549 0.269506
vt 0.363605 0.264648
vt 0.494499 0.510252
vt 0.495521 0.026897
vt 0.152847 0.308562
vt 0.162662 0.308354
vt 0.157697 0.308661
vt 0.167251 0.306443
vt 0.501958 0.021247
vt 0.506925 0.020833
vt 0.506633 0.516239
vt 0.501379 0.515930
vt 0.366701 0.274674
vt 0.495262 0.513462
vt 0.496309 0.023627
vt 0.162559 0.307972
vt 0.497696 0.022740
vt 0.501997 0.021234
vt 0.501420 0.515944
vt 0.496803 0.514384
vt 0.497671 0.022757
vt 0.496775 0.514367
vt 0.351152 0.279137
vt 0.349261 0.281311
vt 0.338375 0.279341
vt 0.349380 0.276870
vt 0.356096 0.279306
vt 0.355279 0.282637
vt 0.350084 0.284064
vt 0.347539 0.285396
vt 0.347863 0.272709
vt 0.350357 0.274127
vt 0.355487 0.275894
vt 0.357713 0.283203
vt 0.358189 0.279415
vt 0.354632 0.286000
vt 0.352674 0.288795
vt 0.347303 0.288257
vt 0.344443 0.288576
vt 0.344862 0.269553
vt 0.347742 0.269751
vt 0.353229 0.269366
vt 0.355045 0.272429
vt 0.357964 0.275576
vt 0.356557 0.286830
vt 0.358364 0.283357
vt 0.358856 0.279452
vt 0.354756 0.290176
vt 0.350860 0.291687
vt 0.348012 0.293591
vt 0.343178 0.291163
vt 0.340397 0.290419
vt 0.340780 0.268031
vt 0.343552 0.266983
vt 0.348558 0.263961
vt 0.351506 0.266151
vt 0.355464 0.268186
vt 0.357053 0.271806
vt 0.358628 0.275497
vt 0.357170 0.287096
vt 0.358993 0.283507
vt 0.359501 0.279489
vt 0.352373 0.293134
vt 0.355314 0.290545
vt 0.349481 0.295610
vt 0.345262 0.295643
vt 0.341883 0.296417
vt 0.335971 0.290653
vt 0.338251 0.292390
vt 0.336354 0.268263
vt 0.338500 0.266293
vt 0.341760 0.261788
vt 0.345391 0.262111
vt 0.350134 0.261568
vt 0.353213 0.264811
vt 0.356072 0.267891
vt 0.357695 0.271614
vt 0.359270 0.275423
vt 0.357763 0.287353
vt 0.359603 0.283653
vt 0.360127 0.279526
vt 0.346179 0.297525
vt 0.342556 0.298822
vt 0.338520 0.297365
vt 0.331888 0.289130
vt 0.333198 0.291699
vt 0.334991 0.296895
vt 0.333572 0.267520
vt 0.332307 0.270107
vt 0.334868 0.262266
vt 0.338230 0.261318
vt 0.341970 0.259271
vt 0.345955 0.260015
vt 0.350311 0.260787
vt 0.353783 0.264413
vt 0.356662 0.267611
vt 0.358317 0.271432
vt 0.359894 0.275353
vt 0.360190 0.283794
vt 0.360729 0.279564
vt 0.338732 0.299454
vt 0.328888 0.285973
vt 0.329009 0.288932
vt 0.331360 0.296571
vt 0.328193 0.294721
vt 0.334781 0.299411
vt 0.331488 0.263040
vt 0.329447 0.270425
vt 0.329212 0.273286
vt 0.328738 0.265091
vt 0.334195 0.259861
vt 0.338018 0.259228
vt 0.354346 0.264041
vt 0.357239 0.267344
vt 0.358922 0.271259
vt 0.360495 0.275287
vt 0.327371 0.281813
vt 0.326394 0.284556
vt 0.325245 0.292532
vt 0.323522 0.289317
vt 0.330796 0.298668
vt 0.326617 0.297115
vt 0.330572 0.261158
vt 0.325891 0.266996
vt 0.326667 0.274618
vt 0.327489 0.277373
vt 0.324077 0.269888
vt 0.327270 0.263073
vt 0.357796 0.267093
vt 0.359505 0.271096
vt 0.325599 0.279546
vt 0.321706 0.286254
vt 0.321264 0.282788
vt 0.323539 0.293871
vt 0.321287 0.290496
vt 0.326440 0.297895
vt 0.324378 0.265549
vt 0.322118 0.272683
vt 0.321472 0.276046
vt 0.321995 0.268507
vt 0.320655 0.279377
vt 0.319697 0.286877
vt 0.318787 0.283107
vt 0.322968 0.294269
vt 0.320680 0.290792
vt 0.320194 0.271853
vt 0.319038 0.275480
vt 0.321437 0.268137
vt 0.318562 0.279268
vt 0.319056 0.287069
vt 0.318123 0.283186
vt 0.322405 0.294641
vt 0.320089 0.291072
vt 0.319580 0.271587
vt 0.318387 0.275326
vt 0.317895 0.279231
vt 0.318434 0.287251
vt 0.317481 0.283260
vt 0.319512 0.291338
vt 0.318988 0.271330
vt 0.317758 0.275176
vt 0.317250 0.279194
vt 0.317829 0.287423
vt 0.316857 0.283330
vt 0.318955 0.291589
vt 0.317147 0.275030
vt 0.316624 0.279157
vt 0.317246 0.287587
vt 0.316256 0.283395
vt 0.316560 0.274889
vt 0.316022 0.279119
vt 0.452315 0.110034
vt 0.017683 0.108095
vt 0.452260 0.122426
vt 0.017627 0.120487
vt 0.161350 0.293021
vt 0.158804 0.292224
vt 0.157352 0.281867
vt 0.162619 0.290670
vt 0.163113 0.297256
vt 0.159953 0.297842
vt 0.156743 0.293968
vt 0.154698 0.292267
vt 0.165277 0.290484
vt 0.165601 0.287839
vt 0.165736 0.295459
vt 0.163891 0.299036
vt 0.160486 0.300096
vt 0.156801 0.298591
vt 0.153550 0.298017
vt 0.152091 0.293129
vt 0.150978 0.290695
vt 0.168443 0.293798
vt 0.168007 0.286700
vt 0.167349 0.284114
vt 0.170228 0.291185
vt 0.167022 0.297386
vt 0.164141 0.299603
vt 0.160635 0.300697
vt 0.156917 0.300537
vt 0.153257 0.300341
vt 0.150197 0.297572
vt 0.147334 0.295730
vt 0.148320 0.290398
vt 0.148323 0.287650
vt 0.169792 0.295197
vt 0.172145 0.288666
vt 0.169180 0.282171
vt 0.167626 0.280001
vt 0.172867 0.285572
vt 0.172107 0.292541
vt 0.167369 0.297900
vt 0.164384 0.300151
vt 0.160780 0.301279
vt 0.156960 0.301157
vt 0.149593 0.299491
vt 0.153199 0.300965
vt 0.145772 0.297879
vt 0.144693 0.293586
vt 0.143226 0.290541
vt 0.146070 0.286239
vt 0.147078 0.283733
vt 0.170224 0.295642
vt 0.173896 0.289506
vt 0.173749 0.282516
vt 0.166382 0.276084
vt 0.168635 0.277495
vt 0.173316 0.279330
vt 0.175099 0.286187
vt 0.172610 0.292904
vt 0.167705 0.298397
vt 0.164621 0.300682
vt 0.160923 0.301844
vt 0.157006 0.301756
vt 0.149433 0.300116
vt 0.153149 0.301569
vt 0.143058 0.294760
vt 0.145152 0.298288
vt 0.141111 0.291545
vt 0.141665 0.287632
vt 0.141388 0.284404
vt 0.145524 0.281562
vt 0.147355 0.279619
vt 0.170640 0.296072
vt 0.175681 0.282696
vt 0.171479 0.273193
vt 0.173039 0.276102
vt 0.163726 0.273039
vt 0.166384 0.273336
vt 0.175623 0.279128
vt 0.168031 0.298879
vt 0.164850 0.301192
vt 0.161063 0.302387
vt 0.157053 0.302338
vt 0.149294 0.300726
vt 0.153106 0.302157
vt 0.139782 0.288131
vt 0.139081 0.284605
vt 0.140955 0.281218
vt 0.141837 0.278161
vt 0.146697 0.277033
vt 0.149103 0.275894
vt 0.170011 0.270148
vt 0.174922 0.275603
vt 0.173593 0.272189
vt 0.167370 0.268004
vt 0.160006 0.271467
vt 0.162614 0.270605
vt 0.168345 0.299342
vt 0.157102 0.302897
vt 0.153071 0.302723
vt 0.139023 0.281038
vt 0.139605 0.277546
vt 0.142559 0.275068
vt 0.144476 0.272549
vt 0.149427 0.273250
vt 0.152086 0.273063
vt 0.171646 0.268973
vt 0.164507 0.266162
vt 0.168933 0.265854
vt 0.161154 0.265717
vt 0.155900 0.271510
vt 0.157961 0.269766
vt 0.140808 0.274228
vt 0.142597 0.271193
vt 0.146261 0.269936
vt 0.148968 0.268276
vt 0.153354 0.270713
vt 0.165112 0.264243
vt 0.169551 0.265446
vt 0.157902 0.265142
vt 0.161447 0.263393
vt 0.154751 0.265892
vt 0.142093 0.270830
vt 0.144912 0.268538
vt 0.147681 0.266348
vt 0.151591 0.266478
vt 0.165271 0.263618
vt 0.157787 0.263196
vt 0.161505 0.262769
vt 0.154218 0.263638
vt 0.144480 0.268091
vt 0.147335 0.265834
vt 0.150813 0.264698
vt 0.165409 0.263008
vt 0.157744 0.262576
vt 0.161555 0.262165
vt 0.154070 0.263036
vt 0.144063 0.267662
vt 0.146999 0.265337
vt 0.150563 0.264131
vt 0.157698 0.261977
vt 0.161597 0.261577
vt 0.153924 0.262455
vt 0.146673 0.264855
vt 0.150320 0.263583
vt 0.157651 0.261396
vt 0.161633 0.261011
vt 0.153781 0.261890
vt 0.146359 0.264391
vt 0.150083 0.263052
vt 0.157602 0.260837
vt 0.153641 0.261347
vt 0.149854 0.262542
vt 0.015486 0.050029
vt 0.453933 0.051908
vt 0.453880 0.064378
vt 0.015433 0.062498
vt 0.218358 0.291476
vt 0.215900 0.290460
vt 0.215452 0.279921
vt 0.219843 0.289229
vt 0.219722 0.295860
vt 0.216490 0.296195
vt 0.213664 0.292029
vt 0.211831 0.290116
vt 0.222510 0.289265
vt 0.223074 0.286647
vt 0.222513 0.294277
vt 0.220349 0.297699
vt 0.216833 0.298490
vt 0.213232 0.296690
vt 0.209982 0.295834
vt 0.209158 0.290707
vt 0.208344 0.288109
vt 0.225368 0.292839
vt 0.225573 0.285709
vt 0.225152 0.283067
vt 0.227384 0.290377
vt 0.223631 0.296303
vt 0.220553 0.298284
vt 0.216934 0.299102
vt 0.213184 0.298656
vt 0.209430 0.298179
vt 0.206622 0.295041
vt 0.204268 0.292536
vt 0.205760 0.287477
vt 0.206012 0.284775
vt 0.226593 0.294344
vt 0.229520 0.288020
vt 0.227148 0.281278
vt 0.225796 0.278973
vt 0.230514 0.284991
vt 0.229139 0.291885
vt 0.223934 0.296844
vt 0.220751 0.298850
vt 0.217035 0.299695
vt 0.213180 0.299282
vt 0.205515 0.296925
vt 0.209334 0.298813
vt 0.202491 0.294172
vt 0.201908 0.290150
vt 0.200719 0.287089
vt 0.203894 0.283155
vt 0.205102 0.280773
vt 0.226986 0.294823
vt 0.231191 0.289004
vt 0.231663 0.282011
vt 0.224905 0.274945
vt 0.227019 0.276553
vt 0.231513 0.278791
vt 0.232683 0.285792
vt 0.229609 0.292288
vt 0.224227 0.297367
vt 0.220946 0.299398
vt 0.217137 0.300269
vt 0.213185 0.299888
vt 0.204945 0.297405
vt 0.209254 0.299429
vt 0.200216 0.291159
vt 0.201982 0.294569
vt 0.198548 0.287920
vt 0.199398 0.284128
vt 0.199379 0.280935
vt 0.203729 0.278487
vt 0.205711 0.276723
vt 0.227365 0.295286
vt 0.233571 0.282354
vt 0.230220 0.272499
vt 0.231520 0.275541
vt 0.222529 0.271665
vt 0.225144 0.272197
vt 0.233826 0.278786
vt 0.224513 0.297873
vt 0.221135 0.299924
vt 0.217237 0.300822
vt 0.213195 0.300476
vt 0.205266 0.298340
vt 0.209188 0.300031
vt 0.197487 0.284485
vt 0.197061 0.280958
vt 0.199199 0.277757
vt 0.200322 0.274805
vt 0.205263 0.274103
vt 0.207753 0.273185
vt 0.229022 0.269328
vt 0.233436 0.275204
vt 0.232409 0.271679
vt 0.226579 0.266954
vt 0.218964 0.269763
vt 0.221629 0.269133
vt 0.224789 0.298359
vt 0.213211 0.301042
vt 0.209133 0.300611
vt 0.197283 0.277429
vt 0.198142 0.274016
vt 0.201291 0.271800
vt 0.203407 0.269463
vt 0.208290 0.270589
vt 0.210954 0.270641
vt 0.230748 0.268298
vt 0.223886 0.264861
vt 0.228316 0.264942
vt 0.220586 0.264124
vt 0.214878 0.269438
vt 0.217073 0.267882
vt 0.199609 0.270823
vt 0.201640 0.267959
vt 0.205400 0.267020
vt 0.208236 0.265604
vt 0.212409 0.268416
vt 0.224649 0.262998
vt 0.228965 0.264592
vt 0.217396 0.263266
vt 0.221071 0.261829
vt 0.214195 0.263736
vt 0.201166 0.267557
vt 0.204166 0.265517
vt 0.207108 0.263577
vt 0.210998 0.264044
vt 0.224859 0.262386
vt 0.217441 0.261315
vt 0.221181 0.261212
vt 0.213849 0.261445
vt 0.203772 0.265037
vt 0.206805 0.263035
vt 0.210367 0.262204
vt 0.225048 0.261789
vt 0.217450 0.260693
vt 0.221280 0.260614
vt 0.213750 0.260832
vt 0.203390 0.264575
vt 0.206510 0.262513
vt 0.210164 0.261619
vt 0.217454 0.260092
vt 0.221371 0.260031
vt 0.213653 0.260241
vt 0.206224 0.262005
vt 0.209967 0.261052
vt 0.217454 0.259509
vt 0.221454 0.259470
vt 0.213556 0.259666
vt 0.205948 0.261518
vt 0.209773 0.260503
vt 0.217452 0.258947
vt 0.213461 0.259113
vt 0.209586 0.259976
vt 0.017187 0.225869
vt 0.454082 0.227162
vt 0.017149 0.238326
vt 0.454045 0.239619
vt 0.452829 0.167834
vt 0.452796 0.180130
vt 0.020438 0.178963
vt 0.020472 0.166667
vt 0.263398 0.279245
vt 0.265473 0.277247
vt 0.276143 0.280169
vt 0.264963 0.281660
vt 0.258488 0.278640
vt 0.259596 0.275395
vt 0.264897 0.274431
vt 0.267550 0.273329
vt 0.266107 0.285938
vt 0.263748 0.284306
vt 0.258794 0.282093
vt 0.257222 0.274617
vt 0.256413 0.278347
vt 0.260538 0.272102
vt 0.262735 0.269491
vt 0.268037 0.270500
vt 0.270914 0.270435
vt 0.268818 0.289347
vt 0.265966 0.288896
vt 0.260467 0.288795
vt 0.258929 0.285584
vt 0.256299 0.282191
vt 0.258694 0.271105
vt 0.256586 0.274405
vt 0.255752 0.278252
vt 0.260782 0.267931
vt 0.264797 0.266770
vt 0.267801 0.265124
vt 0.272403 0.267970
vt 0.275107 0.268956
vt 0.272750 0.291224
vt 0.269896 0.292022
vt 0.264642 0.294590
vt 0.261900 0.292149
vt 0.258137 0.289772
vt 0.256873 0.286027
vt 0.255631 0.282211
vt 0.258106 0.270786
vt 0.255973 0.274201
vt 0.255113 0.278158
vt 0.263417 0.265195
vt 0.260259 0.267514
vt 0.266516 0.262984
vt 0.270722 0.263324
vt 0.274156 0.262850
vt 0.279536 0.269115
vt 0.277418 0.267183
vt 0.277179 0.291383
vt 0.274868 0.293156
vt 0.271222 0.297355
vt 0.267634 0.296713
vt 0.262861 0.296836
vt 0.260081 0.293333
vt 0.257505 0.290013
vt 0.256217 0.286162
vt 0.254984 0.282229
vt 0.257538 0.270478
vt 0.255378 0.274001
vt 0.254492 0.278065
vt 0.269975 0.261368
vt 0.273698 0.260396
vt 0.277589 0.262203
vt 0.283469 0.270991
vt 0.282391 0.268316
vt 0.281063 0.262983
vt 0.279884 0.292369
vt 0.281373 0.289904
vt 0.278129 0.297488
vt 0.274696 0.298135
vt 0.270791 0.299844
vt 0.266887 0.298751
vt 0.262617 0.297597
vt 0.259478 0.293679
vt 0.256892 0.290240
vt 0.255581 0.286288
vt 0.254356 0.282244
vt 0.254806 0.273809
vt 0.253896 0.277975
vt 0.277563 0.260103
vt 0.286178 0.274401
vt 0.286319 0.271443
vt 0.284652 0.263625
vt 0.287644 0.265749
vt 0.281495 0.260495
vt 0.281565 0.297015
vt 0.284249 0.289839
vt 0.284736 0.287010
vt 0.284485 0.295214
vt 0.278588 0.299942
vt 0.274723 0.300236
vt 0.258884 0.294000
vt 0.256294 0.290454
vt 0.254963 0.286407
vt 0.253752 0.282256
vt 0.287322 0.278679
vt 0.288538 0.276033
vt 0.290387 0.268189
vt 0.291819 0.271544
vt 0.285399 0.261588
vt 0.289425 0.263503
vt 0.282310 0.298971
vt 0.287489 0.293568
vt 0.287389 0.285908
vt 0.286813 0.283091
vt 0.289551 0.290848
vt 0.285769 0.297354
vt 0.255717 0.290656
vt 0.254368 0.286518
vt 0.288887 0.281094
vt 0.293358 0.274755
vt 0.293492 0.278246
vt 0.292204 0.267006
vt 0.294150 0.270567
vt 0.289670 0.262742
vt 0.288868 0.295144
vt 0.291749 0.288237
vt 0.292689 0.284944
vt 0.291503 0.292407
vt 0.293797 0.281698
vt 0.295413 0.274312
vt 0.295987 0.278148
vt 0.292808 0.266660
vt 0.294780 0.270325
vt 0.293592 0.289234
vt 0.295064 0.285723
vt 0.292026 0.292825
vt 0.295872 0.281991
vt 0.296069 0.274177
vt 0.296655 0.278127
vt 0.293402 0.266339
vt 0.295394 0.270099
vt 0.294180 0.289553
vt 0.295699 0.285934
vt 0.296533 0.282087
vt 0.296705 0.274051
vt 0.297302 0.278110
vt 0.295992 0.269884
vt 0.294747 0.289861
vt 0.296312 0.286138
vt 0.297173 0.282181
vt 0.297322 0.273932
vt 0.297930 0.278095
vt 0.296569 0.269683
vt 0.296908 0.286338
vt 0.297793 0.282273
vt 0.297917 0.273821
vt 0.298534 0.278083
vt 0.297480 0.286530
vt 0.298390 0.282364
vt 0.249483 0.287354
vt 0.250952 0.292185
vt 0.250157 0.292436
vt 0.248664 0.287491
vt 0.250975 0.287107
vt 0.252409 0.291730
vt 0.248807 0.282308
vt 0.247978 0.282314
vt 0.250314 0.282298
vt 0.252464 0.286857
vt 0.253863 0.291271
vt 0.249021 0.277206
vt 0.248203 0.277075
vt 0.250508 0.277444
vt 0.251817 0.282286
vt 0.253285 0.286714
vt 0.254664 0.291010
vt 0.250136 0.272218
vt 0.249353 0.271950
vt 0.251561 0.272707
vt 0.251992 0.277680
vt 0.252652 0.282274
vt 0.253804 0.286621
vt 0.255168 0.290842
vt 0.252981 0.273191
vt 0.252812 0.277809
vt 0.253178 0.282265
vt 0.253768 0.273458
vt 0.253330 0.277888
vt 0.254264 0.273626
vt 0.109107 0.269109
vt 0.103339 0.269277
vt 0.503187 0.978838
vt 0.503340 0.949579
vt 0.503125 0.985378
vt 0.521714 0.978771
vt 0.522124 0.949511
vt 0.521566 0.985312
vt 0.557800 0.965851
vt 0.557741 0.949383
vt 0.557870 0.985180
vt 0.918609 0.948085
vt 0.918668 0.964553
vt 0.954226 0.947957
vt 0.954847 0.977214
vt 0.973010 0.947890
vt 0.973373 0.977147
vt 0.918737 0.983883
vt 0.955041 0.983754
vt 0.973482 0.983687
vt 0.361824 0.279634
vt 0.361300 0.279600
vt 0.361066 0.275227
vt 0.361589 0.275172
vt 0.361256 0.284052
vt 0.360747 0.283928
vt 0.360566 0.270805
vt 0.360058 0.270943
vt 0.362652 0.279690
vt 0.362420 0.275086
vt 0.362063 0.284248
vt 0.361372 0.270590
vt 0.358814 0.266647
vt 0.358326 0.266859
vt 0.364151 0.279793
vt 0.363916 0.274942
vt 0.363520 0.284605
vt 0.362833 0.270209
vt 0.359589 0.266316
vt 0.365654 0.279900
vt 0.365416 0.274798
vt 0.364983 0.284967
vt 0.360997 0.265731
vt 0.364298 0.269832
vt 0.366241 0.274719
vt 0.366480 0.279958
vt 0.365787 0.285164
vt 0.362408 0.265150
vt 0.365101 0.269623
vt 0.363178 0.264829
vt 0.316185 0.287878
vt 0.315162 0.283511
vt 0.315686 0.283456
vt 0.316692 0.287739
vt 0.315379 0.288094
vt 0.314330 0.283596
vt 0.314927 0.279049
vt 0.315450 0.279083
vt 0.317937 0.292036
vt 0.318425 0.291824
vt 0.312835 0.283741
vt 0.313918 0.288473
vt 0.314098 0.278993
vt 0.317162 0.292366
vt 0.315495 0.274631
vt 0.316004 0.274755
vt 0.312600 0.278889
vt 0.315754 0.292951
vt 0.311334 0.283884
vt 0.312452 0.288851
vt 0.314688 0.274435
vt 0.313230 0.274077
vt 0.311097 0.278782
vt 0.314343 0.293533
vt 0.311650 0.289059
vt 0.310510 0.283964
vt 0.311768 0.273716
vt 0.310271 0.278725
vt 0.313573 0.293854
vt 0.310964 0.273518
vt 0.015563 0.541405
vt 0.015529 0.974258
vt 0.054145 0.300399
vt 0.045258 0.301551
vt 0.165269 0.302119
vt 0.161320 0.303373
vt 0.161197 0.302901
vt 0.165069 0.301676
vt 0.165588 0.302820
vt 0.161518 0.304123
vt 0.157197 0.303913
vt 0.157151 0.303427
vt 0.168917 0.300182
vt 0.168643 0.299781
vt 0.166168 0.304087
vt 0.161881 0.305468
vt 0.157273 0.304683
vt 0.169351 0.300819
vt 0.153016 0.303751
vt 0.153041 0.303259
vt 0.166752 0.305355
vt 0.162247 0.306817
vt 0.157421 0.306075
vt 0.170138 0.301966
vt 0.152982 0.304532
vt 0.167072 0.306053
vt 0.162448 0.307558
vt 0.157572 0.307469
vt 0.170929 0.303118
vt 0.152935 0.305945
vt 0.171363 0.303750
vt 0.157653 0.308235
vt 0.152891 0.307360
vt 0.152864 0.308132
vt 0.157507 0.259821
vt 0.157553 0.260306
vt 0.153507 0.260833
vt 0.153384 0.260360
vt 0.161688 0.259982
vt 0.161664 0.260475
vt 0.149435 0.261615
vt 0.149636 0.262057
vt 0.157431 0.259051
vt 0.153186 0.259611
vt 0.161722 0.259202
vt 0.149116 0.260914
vt 0.145787 0.263551
vt 0.146061 0.263953
vt 0.152823 0.258266
vt 0.157283 0.257659
vt 0.161769 0.257788
vt 0.148536 0.259648
vt 0.145353 0.262915
vt 0.152456 0.256917
vt 0.157132 0.256264
vt 0.161813 0.256374
vt 0.147952 0.258378
vt 0.144566 0.261767
vt 0.157051 0.255499
vt 0.152256 0.256175
vt 0.161840 0.255601
vt 0.147632 0.257680
vt 0.143775 0.260616
vt 0.143341 0.259984
vt 0.087110 0.268872
vt 0.080503 0.269873
vt 0.973879 0.880825
vt 0.973469 0.851568
vt 0.955353 0.880922
vt 0.954684 0.851666
vt 0.974000 0.887364
vt 0.919154 0.868321
vt 0.919068 0.851853
vt 0.955559 0.887461
vt 0.558289 0.870213
vt 0.558203 0.853745
vt 0.919255 0.887650
vt 0.522224 0.883192
vt 0.522586 0.853931
vt 0.920225 0.889712
vt 0.558391 0.889542
vt 0.522087 0.889734
vt 0.503698 0.883289
vt 0.503802 0.854030
vt 0.503646 0.889830
vt 0.485171 0.883387
vt 0.485018 0.854128
vt 0.485205 0.889926
vt 0.221482 0.300880
vt 0.217426 0.301827
vt 0.217335 0.301346
vt 0.221316 0.300423
vt 0.221748 0.301604
vt 0.217573 0.302589
vt 0.213249 0.302071
vt 0.213229 0.301579
vt 0.225292 0.299242
vt 0.225051 0.298821
vt 0.222233 0.302911
vt 0.217849 0.303959
vt 0.213286 0.302850
vt 0.225675 0.299911
vt 0.209052 0.301667
vt 0.209088 0.301162
vt 0.222722 0.304220
vt 0.218128 0.305333
vt 0.213367 0.304261
vt 0.226369 0.301116
vt 0.209003 0.302468
vt 0.222991 0.304940
vt 0.218280 0.306087
vt 0.213452 0.305672
vt 0.227068 0.302326
vt 0.208935 0.303917
vt 0.227452 0.302991
vt 0.213495 0.306444
vt 0.208869 0.305358
vt 0.208826 0.306139
vt 0.217441 0.257926
vt 0.217447 0.258414
vt 0.213370 0.258589
vt 0.213286 0.258108
vt 0.221594 0.258448
vt 0.221528 0.258937
vt 0.209244 0.259018
vt 0.209408 0.259475
vt 0.217429 0.257152
vt 0.213150 0.257345
vt 0.221692 0.257672
vt 0.208982 0.258293
vt 0.205445 0.260634
vt 0.205686 0.261057
vt 0.212898 0.255974
vt 0.217396 0.255752
vt 0.221856 0.256267
vt 0.208507 0.256984
vt 0.205064 0.259965
vt 0.212643 0.254599
vt 0.217360 0.254349
vt 0.222017 0.254860
vt 0.208028 0.255671
vt 0.204371 0.258757
vt 0.217342 0.253580
vt 0.212504 0.253844
vt 0.222107 0.254092
vt 0.207766 0.254949
vt 0.203675 0.257546
vt 0.203292 0.256881
vt 0.463870 0.541440
vt 0.463836 0.974294
vt 0.058288 0.275463
vt 0.049729 0.276925
vt 0.299001 0.273625
vt 0.299634 0.278065
vt 0.299107 0.278074
vt 0.298483 0.273718
vt 0.299822 0.273481
vt 0.300470 0.278054
vt 0.299474 0.282531
vt 0.298956 0.282450
vt 0.297622 0.269329
vt 0.297118 0.269497
vt 0.301972 0.278041
vt 0.301311 0.273232
vt 0.300294 0.282659
vt 0.298423 0.269068
vt 0.298518 0.286881
vt 0.298022 0.286713
vt 0.301778 0.282895
vt 0.299878 0.268609
vt 0.303480 0.278032
vt 0.302804 0.272985
vt 0.299305 0.287147
vt 0.300725 0.287633
vt 0.303265 0.283134
vt 0.301334 0.268155
vt 0.303622 0.272848
vt 0.304308 0.278025
vt 0.302150 0.288121
vt 0.304083 0.283264
vt 0.302130 0.267903
vt 0.302933 0.288389
vt 0.922035 0.988671
vt 0.919704 0.985946
vt 0.475825 0.028436
vt 0.474747 0.013368
vt 0.476142 0.044020
vt 0.468738 0.464603
vt 0.474027 0.508280
vt 0.475167 0.491730
vt 0.922560 0.892433
vt 0.985911 0.508698
vt 0.986835 0.523978
vt 0.984107 0.492223
vt 0.990726 0.938474
vt 0.487981 0.990232
vt 0.991684 0.936406
vt 0.991664 0.929867
vt 0.991569 0.900608
vt 0.991335 0.072132
vt 0.488510 0.894708
vt 0.986356 0.028954
vt 0.984338 0.045386
vt 0.099840 0.273967
vt 0.977744 0.079119
vt 0.458429 0.185486
vt 0.049180 0.255360
vt 0.082609 0.254177
vt 0.920446 0.517235
vt 0.457741 0.010396
vt 0.099454 0.253957
vt 0.978137 0.458416
vt 0.991575 0.465676
vt 0.455097 0.012260
vt 0.121246 0.257614
vt 0.012034 0.008486
vt 0.482751 0.078414
vt 0.469285 0.071348
vt 0.093110 0.275446
vt 0.013666 0.066604
vt 0.016575 0.068583
vt 0.044509 0.279130
vt 0.496518 0.454104
vt 0.120346 0.258811
vt 0.043310 0.281278
vt 0.540103 0.516373
vt 0.532777 0.530370
vt 0.022508 0.279849
vt 0.482100 0.457775
vt 0.920730 0.019669
vt 0.928448 0.005853
vt 0.073959 0.255786
vt 0.017002 0.125706
vt 0.071122 0.280759
vt 0.544663 0.035853
vt 0.019597 0.127563
vt 0.069917 0.282748
vt 0.048532 0.280569
vt 0.540389 0.020238
vt 0.013086 0.184169
vt 0.048128 0.257079
vt 0.114478 0.274771
vt 0.455490 0.187454
vt 0.465843 0.523310
vt 0.004562 0.532307
vt 0.926108 0.464136
vt 0.533777 0.463978
vt 0.467079 0.539843
vt 0.470376 0.536827
vt 0.474873 0.532344
vt 0.461313 0.987939
vt 0.465806 0.992425
vt 0.458288 0.984649
vt 0.009058 0.536790
vt 0.012355 0.539807
vt 0.012320 0.975855
vt 0.009023 0.978872
vt 0.013593 0.523274
vt 0.004526 0.983354
vt 0.487740 0.942838
vt 0.485417 0.940109
vt 0.992441 0.887267
vt 0.992407 0.880728
vt 0.992253 0.851470
vt 0.487495 0.847226
vt 0.485165 0.844502
vt 0.991924 0.983620
vt 0.991900 0.977080
vt 0.991795 0.947822
vt 0.970600 0.474002
vt 0.967577 0.470590
vt 0.241027 0.288931
vt 0.975241 0.491202
vt 0.974721 0.486557
vt 0.228060 0.304046
vt 0.973755 0.500127
vt 0.974908 0.495780
vt 0.968908 0.507720
vt 0.971746 0.504189
vt 0.937130 0.475226
vt 0.933614 0.479235
vt 0.222258 0.252881
vt 0.952753 0.514808
vt 0.957294 0.514040
vt 0.190060 0.290763
vt 0.943516 0.514138
vt 0.948087 0.514917
vt 0.935127 0.509888
vt 0.939083 0.512412
vt 0.212285 0.252645
vt 0.217317 0.252362
vt 0.202686 0.255824
vt 0.207349 0.253805
vt 0.198463 0.258654
vt 0.232279 0.301212
vt 0.242738 0.278994
vt 0.242322 0.284030
vt 0.241070 0.269184
vt 0.242293 0.273989
vt 0.192175 0.295248
vt 0.239254 0.264726
vt 0.204465 0.305446
vt 0.199214 0.301593
vt 0.204401 0.305876
vt 0.204329 0.306268
vt 0.204245 0.306653
vt 0.236838 0.260894
vt 0.237178 0.260694
vt 0.236489 0.261085
vt 0.236099 0.261281
vt 0.235375 0.261613
vt 0.200446 0.300760
vt 0.201720 0.299905
vt 0.230207 0.258871
vt 0.232597 0.262786
vt 0.229410 0.261726
vt 0.229228 0.262308
vt 0.230184 0.263943
vt 0.229570 0.261196
vt 0.228565 0.264238
vt 0.228803 0.263568
vt 0.203361 0.298695
vt 0.204981 0.300239
vt 0.203871 0.298292
vt 0.202430 0.299398
vt 0.205386 0.297649
vt 0.204399 0.297860
vt 0.492408 0.470302
vt 0.362764 0.295508
vt 0.496069 0.467781
vt 0.484379 0.486498
vt 0.367548 0.274592
vt 0.485465 0.481871
vt 0.484682 0.495558
vt 0.364389 0.264315
vt 0.488155 0.503707
vt 0.351963 0.251105
vt 0.526151 0.478577
vt 0.324787 0.307577
vt 0.529016 0.483100
vt 0.502754 0.513662
vt 0.331362 0.250670
vt 0.498488 0.512155
vt 0.512158 0.514466
vt 0.321556 0.255336
vt 0.521243 0.511873
vt 0.313986 0.263175
vt 0.310379 0.289394
vt 0.532094 0.492857
vt 0.308961 0.278633
vt 0.530971 0.501977
vt 0.311383 0.267994
vt 0.365368 0.290689
vt 0.350490 0.306117
vt 0.504630 0.465853
vt 0.340070 0.309007
vt 0.514072 0.468324
vt 0.347172 0.250130
vt 0.329578 0.308552
vt 0.359030 0.255770
vt 0.351855 0.251516
vt 0.351760 0.251935
vt 0.351670 0.252397
vt 0.357232 0.257002
vt 0.317720 0.302912
vt 0.324895 0.307166
vt 0.324991 0.306747
vt 0.325080 0.306286
vt 0.319518 0.301680
vt 0.351335 0.254836
vt 0.354427 0.258688
vt 0.320902 0.300853
vt 0.322324 0.299994
vt 0.324168 0.298829
vt 0.323621 0.299188
vt 0.324745 0.298438
vt 0.323120 0.299509
vt 0.325965 0.297579
vt 0.325344 0.298020
vt 0.352582 0.259854
vt 0.353130 0.259494
vt 0.352006 0.260244
vt 0.353630 0.259173
vt 0.350785 0.261104
vt 0.351406 0.260662
vt 0.489817 0.062364
vt 0.492911 0.066203
vt 0.183680 0.288617
vt 0.485354 0.044705
vt 0.485326 0.048965
vt 0.172053 0.304755
vt 0.487878 0.037020
vt 0.486205 0.040700
vt 0.137291 0.302886
vt 0.492743 0.030334
vt 0.491893 0.030818
vt 0.490500 0.033608
vt 0.177413 0.260847
vt 0.523305 0.061902
vt 0.526855 0.057912
vt 0.161890 0.254383
vt 0.507529 0.022791
vt 0.503111 0.023571
vt 0.132687 0.294767
vt 0.516827 0.023329
vt 0.512224 0.022576
vt 0.525707 0.027411
vt 0.521432 0.024941
vt 0.151940 0.254999
vt 0.156925 0.254288
vt 0.142652 0.258979
vt 0.147124 0.256573
vt 0.138683 0.262152
vt 0.176021 0.301582
vt 0.184525 0.278583
vt 0.184546 0.283629
vt 0.182016 0.268967
vt 0.183649 0.273642
vt 0.134878 0.299048
vt 0.137612 0.302658
vt 0.137944 0.302438
vt 0.138316 0.302210
vt 0.139009 0.301818
vt 0.179825 0.264686
vt 0.177092 0.261075
vt 0.176760 0.261296
vt 0.176388 0.261524
vt 0.175694 0.261916
vt 0.141680 0.300410
vt 0.140322 0.301122
vt 0.170309 0.259674
vt 0.173024 0.263324
vt 0.169753 0.262577
vt 0.169620 0.263169
vt 0.170714 0.264689
vt 0.169867 0.262038
vt 0.169122 0.265137
vt 0.169302 0.264454
vt 0.144951 0.301157
vt 0.145084 0.300564
vt 0.143990 0.299045
vt 0.144836 0.301696
vt 0.145582 0.298596
vt 0.145401 0.299279
vt 0.933802 0.057690
vt 0.292171 0.253243
vt 0.298798 0.258514
vt 0.930942 0.053292
vt 0.957744 0.023120
vt 0.280598 0.309348
vt 0.962030 0.024492
vt 0.948502 0.022153
vt 0.290777 0.305565
vt 0.939432 0.024574
vt 0.299010 0.298426
vt 0.304917 0.272628
vt 0.927755 0.043588
vt 0.305380 0.283472
vt 0.929362 0.034344
vt 0.302028 0.293855
vt 0.250257 0.266484
vt 0.970551 0.063350
vt 0.248110 0.271525
vt 0.266438 0.252429
vt 0.955297 0.070844
vt 0.261508 0.254773
vt 0.277073 0.250470
vt 0.945836 0.068061
vt 0.264802 0.308490
vt 0.253489 0.301825
vt 0.969309 0.029618
vt 0.292027 0.253643
vt 0.287484 0.251849
vt 0.291894 0.254051
vt 0.291764 0.254503
vt 0.296899 0.259582
vt 0.261071 0.303435
vt 0.258331 0.299325
vt 0.255387 0.300757
vt 0.295447 0.260284
vt 0.293955 0.261014
vt 0.292015 0.262012
vt 0.292592 0.261702
vt 0.291407 0.262350
vt 0.293119 0.261427
vt 0.290115 0.263098
vt 0.290772 0.262714
vt 0.260271 0.298327
vt 0.259694 0.298637
vt 0.260880 0.297989
vt 0.259168 0.298912
vt 0.262171 0.297240
vt 0.261514 0.297626
vt 0.251064 0.297567
vt 0.253846 0.301594
vt 0.974066 0.037282
vt 0.254213 0.301372
vt 0.254624 0.301144
vt 0.246665 0.282326
vt 0.246906 0.276867
vt 0.257071 0.257969
vt 0.247369 0.287712
vt 0.072003 0.258900
vt 0.063197 0.277853
vt 0.454194 0.189345
vt 0.454317 0.219337
vt 0.090853 0.270782
vt 0.454095 0.014059
vt 0.047299 0.258089
vt 0.039263 0.273176
vt 0.059107 0.303067
vt 0.068976 0.283889
vt 0.085016 0.291264
vt 0.017851 0.070473
vt 0.119670 0.259482
vt 0.112116 0.271137
vt 0.033286 0.301337
vt 0.042347 0.282549
vn -0.000513 0.999719 0.023715
vn 0.004196 0.999088 0.042495
vn 0.028759 0.988910 0.145704
vn 0.002704 0.999624 0.027271
vn -0.000008 1.000000 0.000026
vn -0.194802 0.053514 0.979382
vn -0.382117 0.053479 0.922565
vn -0.375072 0.198053 0.905592
vn -0.191184 0.197895 0.961398
vn -0.000057 0.053417 0.998572
vn 0.000009 0.197890 0.980224
vn -0.171910 0.472625 0.864334
vn -0.000049 0.472782 0.881180
vn -0.337260 0.472926 0.814000
vn -0.270669 0.706792 0.653593
vn -0.138012 0.706706 0.693916
vn 0.000014 0.706970 0.707244
vn -0.092048 0.881691 0.462762
vn -0.000025 0.881844 0.471542
vn -0.180473 0.881793 0.435742
vn -0.056989 0.988913 0.137123
vn -0.029232 0.988831 0.146148
vn -0.000235 0.988916 0.148474
vn -0.007487 0.997134 0.075290
vn 0.999988 -0.003159 -0.003662
vn 0.999923 -0.008091 -0.009442
vn 0.994112 0.108292 -0.003648
vn 0.998379 0.056883 -0.002028
vn 0.830297 0.053338 0.554763
vn 0.706142 0.053328 0.706060
vn 0.693077 0.198253 0.693066
vn 0.814946 0.198364 0.544532
vn 0.922551 0.053379 0.382166
vn 0.905505 0.198390 0.375104
vn -0.019809 0.016977 -0.999660
vn -0.007724 0.006628 -0.999948
vn -0.012408 0.067402 -0.997649
vn -0.022503 0.117414 -0.992828
vn 0.732587 0.473027 0.489452
vn 0.814000 0.473025 0.337124
vn -0.007571 0.999952 -0.006183
vn -0.001780 0.999997 -0.001441
vn 0.122017 0.992522 0.003527
vn -0.019057 0.999767 -0.010155
vn -0.000008 1.000000 0.000007
vn -0.026385 0.999585 -0.011567
vn -0.003216 0.999994 -0.000970
vn -0.000003 1.000000 0.000003
vn 0.000406 0.999980 0.006306
vn -0.060418 0.998006 -0.018250
vn -0.014428 0.999895 -0.001448
vn -0.032964 0.999456 -0.000690
vn -0.009608 0.999953 0.000924
vn -0.004951 0.999988 0.000491
vn 0.000927 0.999955 0.009416
vn -0.000084 0.999993 0.003839
vn -0.006427 0.999979 -0.000400
vn 0.001466 0.999890 0.014768
vn 0.017113 0.998249 0.056615
vn -0.000005 1.000000 -0.000010
vn -0.002199 0.999998 0.000218
vn -0.000935 0.999999 0.000930
vn -0.029254 0.999533 0.008821
vn -0.012026 0.999917 0.004690
vn -0.005978 0.999977 0.003194
vn -0.006904 0.999969 0.003700
vn -0.009026 0.999932 0.007385
vn -0.009944 0.999905 0.009523
vn -0.001824 0.999996 0.002216
vn -0.007942 0.999921 0.009711
vn -0.003524 0.999972 0.006549
vn -0.011004 0.999625 0.025089
vn -0.000821 0.999996 0.002683
vn -0.009640 0.999444 0.031910
vn -0.001259 0.999920 0.012592
vn 0.622920 0.473064 0.623042
vn 0.000003 0.000008 1.000000
vn 0.000010 0.000008 1.000000
vn 0.000009 0.000007 1.000000
vn 0.000003 0.000011 1.000000
vn 0.000003 0.000003 1.000000
vn 0.000004 0.000011 1.000000
vn 0.000001 -0.000007 1.000000
vn 0.000001 -0.000007 1.000000
vn 0.500057 0.707004 0.500089
vn 0.588053 0.706946 0.392965
vn -1.000000 0.000004 0.000007
vn -1.000000 0.000003 0.000001
vn -1.000000 0.000003 0.000000
vn -1.000000 0.000003 0.000008
vn -1.000000 -0.000003 0.000002
vn -1.000000 0.000000 0.000003
vn -1.000000 -0.000007 -0.000011
vn -1.000000 -0.000004 -0.000011
vn -0.002704 0.999624 -0.027271
vn 0.000008 1.000000 -0.000026
vn -0.000003 0.956466 0.291843
vn -0.004039 0.999902 -0.013403
vn -0.018535 0.998697 -0.047545
vn -0.003498 0.999972 -0.006565
vn -0.000751 0.999999 -0.001436
vn 0.092601 0.962263 0.255882
vn -0.002750 0.999983 -0.005087
vn -0.005256 0.999966 -0.006391
vn -0.007016 0.999949 -0.007286
vn -0.002260 0.999996 -0.001837
vn 0.006379 0.999949 -0.007836
vn 0.001050 0.999999 -0.001256
vn 0.000001 0.980660 0.195721
vn 0.008134 0.999851 -0.015197
vn -0.000020 1.000000 -0.000003
vn 0.006533 0.999744 -0.021685
vn 0.019945 0.998766 -0.045481
vn 0.003188 0.999938 -0.010648
vn 0.000513 0.999719 -0.023715
vn 0.007487 0.997134 -0.075290
vn -0.004196 0.999088 -0.042495
vn -0.180155 0.983638 -0.000014
vn -0.148541 0.977404 0.150391
vn 0.045771 0.997985 -0.043934
vn 0.000032 1.000000 -0.000026
vn 0.002550 0.999992 -0.003085
vn 0.058546 0.997132 -0.047950
vn 0.001912 0.999998 -0.001041
vn -0.256744 0.966480 0.000003
vn 0.023611 0.999641 -0.012636
vn 0.066737 0.997132 -0.035703
vn 0.033436 0.999356 -0.013039
vn 0.010893 0.999940 -0.001128
vn 0.072628 0.997117 -0.021973
vn 0.070302 0.997503 -0.006741
vn 0.003733 0.999993 0.000392
vn 0.005956 0.999982 -0.000609
vn 0.011069 0.999724 0.020707
vn -0.000012 1.000000 -0.000001
vn -0.005329 0.992902 -0.118820
vn 0.006471 0.999948 0.007915
vn 0.011950 0.999822 0.014573
vn 0.001179 0.999997 0.002207
vn 0.011809 0.999476 0.030150
vn 0.032826 0.999357 0.014412
vn 0.000023 1.000000 0.000012
vn -0.278359 0.955124 -0.101263
vn 0.001894 0.999998 0.000586
vn 0.020256 0.999776 0.006094
vn 0.007679 0.999970 0.000776
vn 0.039979 0.998608 0.034421
vn 0.000883 0.999999 0.000692
vn 0.006764 0.999962 0.005493
vn 0.007414 0.999965 0.003955
vn -0.000001 0.113417 0.993547
vn 0.000017 0.085594 0.996330
vn 0.000000 0.077067 0.997026
vn 0.000005 0.048491 0.998824
vn -0.000002 0.000015 -1.000000
vn -0.001698 0.038863 -0.999243
vn 0.999255 0.038568 0.001714
vn 1.000000 -0.000009 0.000031
vn -0.997126 0.075762 0.000004
vn -0.998843 0.048087 0.000005
vn -0.993573 0.113192 -0.000006
vn -0.996359 0.085260 -0.000014
vn 0.653275 0.707111 0.270604
vn -0.788359 0.615215 -0.000026
vn -0.711813 0.702369 -0.000015
vn -0.709836 0.704367 0.000005
vn -0.020113 0.681380 -0.731653
vn -0.020394 0.805981 -0.591590
vn 0.582704 0.812500 0.017304
vn 0.420454 0.907224 0.012788
vn -0.023402 0.898977 -0.437370
vn 0.000016 0.615710 0.787973
vn -0.000010 0.702445 0.711738
vn -0.000003 0.705180 0.709029
vn 0.000016 0.620660 0.784080
vn 0.732191 0.680803 0.020080
vn -0.784443 0.620201 0.000012
vn 0.392132 0.881813 0.261988
vn 0.435621 0.881867 0.180400
vn 0.333160 0.882048 0.333162
vn 0.104969 0.988897 0.105183
vn 0.125704 0.988514 0.083900
vn 0.137268 0.988890 0.057042
vn 0.019057 0.999767 0.010155
vn 0.007571 0.999952 0.006183
vn 0.026385 0.999585 0.011567
vn 0.000008 1.000000 -0.000007
vn 0.007016 0.999949 0.007286
vn 0.002260 0.999996 0.001837
vn -0.001177 0.999981 -0.006030
vn -0.001030 0.999997 -0.002434
vn -0.000001 1.000000 0.000002
vn -0.000004 0.999996 -0.002653
vn -0.006979 0.999363 -0.035006
vn -0.000004 0.999487 -0.032025
vn -0.012260 0.999487 -0.029584
vn -0.003464 0.999981 -0.005067
vn -0.001885 0.999996 -0.001878
vn -0.019809 0.999365 -0.029620
vn -0.022604 0.999488 -0.022640
vn -0.005046 0.999981 -0.003452
vn -0.002419 0.999997 -0.001041
vn -0.029665 0.999363 -0.019851
vn -0.029611 0.999486 -0.012267
vn -0.006007 0.999981 -0.001210
vn -0.002639 0.999997 -0.000030
vn -0.035008 0.999363 -0.006983
vn -0.032021 0.999487 -0.000023
vn -0.132748 0.732485 -0.667716
vn -0.101062 0.855437 -0.507951
vn 0.000002 0.855391 -0.517982
vn -0.000009 0.732433 -0.680839
vn -0.156921 0.593799 -0.789163
vn -0.000017 0.593801 -0.804612
vn -0.307920 0.593842 -0.743329
vn -0.260452 0.732652 -0.628797
vn -0.198196 0.855440 -0.478479
vn -0.032205 0.986296 -0.161813
vn -0.000011 0.986175 -0.165706
vn -0.063391 0.986176 -0.153096
vn -0.378220 0.732582 -0.565928
vn -0.287748 0.855427 -0.430635
vn -0.447053 0.593845 -0.668948
vn -0.568842 0.593967 -0.568878
vn -0.481393 0.732512 -0.481339
vn -0.366390 0.855301 -0.366358
vn -0.091625 0.986302 -0.137159
vn -0.117160 0.986179 -0.117151
vn -0.566003 0.732542 -0.378185
vn -0.430794 0.855309 -0.287861
vn -0.668817 0.594064 -0.446959
vn -0.743192 0.594083 -0.307784
vn -0.628979 0.732465 -0.260539
vn -0.478626 0.855333 -0.198302
vn -0.137143 0.986304 -0.091634
vn -0.152989 0.986193 -0.063385
vn -0.667748 0.732431 -0.132882
vn -0.508021 0.855395 -0.101066
vn -0.788978 0.594032 -0.156970
vn -0.804498 0.593956 -0.000035
vn -0.680686 0.732575 -0.000037
vn -0.517943 0.855415 0.000030
vn -0.161759 0.986305 -0.032190
vn -0.165828 0.986155 -0.000010
vn -0.192122 0.173523 -0.965908
vn -0.183458 0.340976 -0.921997
vn -0.000018 0.341200 -0.939991
vn 0.000004 0.173643 -0.984809
vn -0.194872 0.051286 -0.979487
vn 0.000032 0.051206 -0.998688
vn -0.382168 0.051301 -0.922668
vn -0.376933 0.173509 -0.909844
vn -0.359770 0.340794 -0.868576
vn -0.173427 0.457765 -0.871994
vn 0.000034 0.457704 -0.889105
vn -0.340307 0.457556 -0.821483
vn -0.547145 0.173554 -0.818848
vn -0.522260 0.340928 -0.781673
vn -0.554820 0.051259 -0.830390
vn -0.706189 0.051307 -0.706162
vn -0.696419 0.173565 -0.696330
vn -0.664710 0.341023 -0.664729
vn -0.494057 0.457536 -0.739303
vn -0.628726 0.457632 -0.628710
vn -0.818886 0.173511 -0.547101
vn -0.781709 0.340729 -0.522335
vn -0.830359 0.051376 -0.554855
vn -0.922634 0.051389 -0.382237
vn -0.909835 0.173636 -0.376896
vn -0.868593 0.340727 -0.359794
vn -0.739376 0.457465 -0.494013
vn -0.821510 0.457509 -0.340303
vn -0.965890 0.173686 -0.192068
vn -0.922098 0.340733 -0.183404
vn -0.979498 0.051308 -0.194810
vn -0.998684 0.051281 -0.000019
vn -0.984814 0.173615 0.000029
vn -0.940129 0.340820 0.000010
vn -0.872163 0.457422 -0.173484
vn -0.889298 0.457328 0.000013
vn 0.001168 0.999981 -0.006024
vn 0.001017 0.999997 -0.002446
vn 0.012253 0.999488 -0.029569
vn 0.006974 0.999363 -0.034991
vn 0.003462 0.999981 -0.005062
vn 0.001878 0.999996 -0.001902
vn 0.022611 0.999488 -0.022659
vn 0.019837 0.999365 -0.029607
vn 0.005059 0.999981 -0.003474
vn 0.002435 0.999996 -0.001031
vn 0.029584 0.999488 -0.012212
vn 0.029606 0.999364 -0.019857
vn 0.006048 0.999981 -0.001196
vn 0.002647 0.999997 0.000017
vn 0.032035 0.999487 -0.000041
vn 0.034987 0.999364 -0.006951
vn 0.132758 0.732575 -0.667614
vn 0.101023 0.855465 -0.507911
vn 0.260538 0.732601 -0.628821
vn 0.198228 0.855405 -0.478527
vn 0.307901 0.593867 -0.743316
vn 0.156995 0.593708 -0.789217
vn 0.032197 0.986295 -0.161819
vn 0.063421 0.986169 -0.153126
vn 0.378186 0.732572 -0.565962
vn 0.287879 0.855313 -0.430774
vn 0.481336 0.732554 -0.481332
vn 0.366358 0.855294 -0.366408
vn 0.568793 0.594076 -0.568813
vn 0.446892 0.594087 -0.668841
vn 0.091719 0.986285 -0.137223
vn 0.117150 0.986178 -0.117171
vn 0.566002 0.732544 -0.378182
vn 0.430762 0.855330 -0.287844
vn 0.628812 0.732635 -0.260462
vn 0.478671 0.855319 -0.198249
vn 0.743271 0.593926 -0.307896
vn 0.668932 0.593924 -0.446972
vn 0.137166 0.986295 -0.091696
vn 0.153154 0.986167 -0.063393
vn 0.667482 0.732693 -0.132773
vn 0.508008 0.855404 -0.101057
vn 0.680566 0.732687 0.000012
vn 0.517865 0.855462 -0.000011
vn 0.804477 0.593984 -0.000057
vn 0.789027 0.593957 -0.157005
vn 0.161837 0.986293 -0.032173
vn 0.165753 0.986167 -0.000022
vn 0.192214 0.173630 -0.965871
vn 0.183455 0.341060 -0.921967
vn 0.376910 0.173554 -0.909845
vn 0.359759 0.340790 -0.868583
vn 0.382160 0.051354 -0.922668
vn 0.194894 0.051201 -0.979487
vn 0.173472 0.457405 -0.872175
vn 0.340277 0.457469 -0.821543
vn 0.547114 0.173462 -0.818888
vn 0.522344 0.340622 -0.781751
vn 0.696408 0.173409 -0.696380
vn 0.664725 0.340804 -0.664826
vn 0.706167 0.051437 -0.706175
vn 0.554844 0.051446 -0.830362
vn 0.494002 0.457571 -0.739318
vn 0.628749 0.457606 -0.628706
vn 0.818886 0.173400 -0.547136
vn 0.781715 0.340824 -0.522265
vn 0.909895 0.173374 -0.376872
vn 0.868552 0.340875 -0.359754
vn 0.922673 0.051287 -0.382156
vn 0.830377 0.051395 -0.554827
vn 0.739350 0.457479 -0.494039
vn 0.821570 0.457445 -0.340244
vn 0.965928 0.173369 -0.192164
vn 0.922012 0.340948 -0.183436
vn 0.984826 0.173543 -0.000010
vn 0.940099 0.340902 0.000019
vn 0.998688 0.051216 -0.000048
vn 0.979493 0.051165 -0.194872
vn 0.872160 0.457425 -0.173492
vn 0.889251 0.457421 0.000014
vn -0.001177 0.999981 0.006035
vn -0.000993 0.999996 0.002452
vn -0.012223 0.999487 0.029613
vn -0.006928 0.999363 0.035008
vn -0.000005 0.999996 0.002659
vn -0.000012 0.999487 0.032017
vn -0.003377 0.999981 0.005096
vn -0.001854 0.999997 0.001896
vn -0.022650 0.999488 0.022601
vn -0.019819 0.999363 0.029690
vn -0.005079 0.999981 0.003449
vn -0.002432 0.999996 0.001037
vn -0.029537 0.999488 0.012297
vn -0.029623 0.999365 0.019816
vn -0.006006 0.999981 0.001171
vn -0.034978 0.999364 0.006955
vn -0.132784 0.732610 0.667571
vn 0.000029 0.732781 0.680464
vn 0.000025 0.855373 0.518012
vn -0.101041 0.855398 0.508021
vn -0.260565 0.732421 0.629020
vn -0.198151 0.855480 0.478424
vn -0.307924 0.593851 0.743320
vn -0.156981 0.593882 0.789089
vn -0.000025 0.593919 0.804525
vn -0.032133 0.986314 0.161715
vn -0.000009 0.986179 0.165685
vn -0.063351 0.986194 0.153000
vn -0.378208 0.732423 0.566141
vn -0.287656 0.855549 0.430452
vn -0.481382 0.732498 0.481370
vn -0.366225 0.855432 0.366218
vn -0.568914 0.593852 0.568926
vn -0.447067 0.593725 0.669046
vn -0.091630 0.986304 0.137144
vn -0.117165 0.986175 0.117180
vn -0.566080 0.732476 0.378197
vn -0.430755 0.855350 0.287796
vn -0.628879 0.732553 0.260534
vn -0.478716 0.855292 0.198261
vn -0.743160 0.594107 0.307815
vn -0.668858 0.594049 0.446918
vn -0.137182 0.986296 0.091662
vn -0.153187 0.986158 0.063457
vn -0.667506 0.732661 0.132833
vn -0.508041 0.855379 0.101102
vn -0.789051 0.593946 0.156931
vn -0.162013 0.986262 0.032226
vn -0.192125 0.173614 0.965891
vn -0.000011 0.173592 0.984818
vn 0.000045 0.340893 0.940102
vn -0.183304 0.341051 0.922000
vn -0.376937 0.173685 0.909809
vn -0.359799 0.340998 0.868484
vn -0.382190 0.051376 0.922655
vn -0.194826 0.051346 0.979493
vn 0.000050 0.051385 0.998679
vn -0.173505 0.457550 0.872092
vn 0.000007 0.457437 0.889242
vn -0.340262 0.457731 0.821404
vn -0.547133 0.173687 0.818828
vn -0.522332 0.340856 0.781657
vn -0.696333 0.173724 0.696376
vn -0.664776 0.340840 0.664756
vn -0.706158 0.051343 0.706190
vn -0.554870 0.051385 0.830349
vn -0.494002 0.457537 0.739339
vn -0.628793 0.457433 0.628788
vn -0.818821 0.173830 0.547097
vn -0.781742 0.340680 0.522318
vn -0.909795 0.173821 0.376908
vn -0.868573 0.340790 0.359783
vn -0.922665 0.051280 0.382177
vn -0.830349 0.051350 0.554873
vn -0.739390 0.457416 0.494037
vn -0.821537 0.457460 0.340304
vn -0.965888 0.173642 0.192118
vn -0.922053 0.340857 0.183398
vn -0.979501 0.051229 0.194818
vn -0.872187 0.457358 0.173533
vn 0.001168 0.999981 0.006025
vn 0.000998 0.999996 0.002463
vn 0.006924 0.999364 0.034981
vn 0.012258 0.999488 0.029562
vn 0.003408 0.999981 0.005129
vn 0.001868 0.999996 0.001889
vn 0.019823 0.999364 0.029635
vn 0.022642 0.999487 0.022657
vn 0.005109 0.999981 0.003409
vn 0.002443 0.999997 0.001029
vn 0.029677 0.999362 0.019858
vn 0.029585 0.999487 0.012301
vn 0.005998 0.999981 0.001217
vn 0.035009 0.999363 0.006971
vn 0.132753 0.732813 0.667354
vn 0.101043 0.855414 0.507994
vn 0.156903 0.594075 0.788959
vn 0.307833 0.594093 0.743164
vn 0.260412 0.732716 0.628740
vn 0.198146 0.855410 0.478553
vn 0.032175 0.986292 0.161843
vn 0.063396 0.986177 0.153087
vn 0.378182 0.732579 0.565956
vn 0.287691 0.855477 0.430572
vn 0.446995 0.593881 0.668955
vn 0.568866 0.593920 0.568903
vn 0.481358 0.732561 0.481300
vn 0.366192 0.855489 0.366117
vn 0.091624 0.986312 0.137092
vn 0.117125 0.986189 0.117104
vn 0.566015 0.732532 0.378185
vn 0.430468 0.855542 0.287656
vn 0.668851 0.594015 0.446972
vn 0.743273 0.593946 0.307854
vn 0.628918 0.732516 0.260542
vn 0.478309 0.855555 0.198108
vn 0.137077 0.986314 0.091628
vn 0.153047 0.986182 0.063418
vn 0.667607 0.732576 0.132788
vn 0.507789 0.855540 0.101004
vn 0.789083 0.593889 0.156981
vn 0.161897 0.986282 0.032192
vn 0.192136 0.173562 0.965899
vn 0.183374 0.340632 0.922141
vn 0.194865 0.051369 0.979484
vn 0.382148 0.051373 0.922672
vn 0.376894 0.173648 0.909834
vn 0.359842 0.340638 0.868608
vn 0.173519 0.457382 0.872177
vn 0.340310 0.457284 0.821633
vn 0.547142 0.173820 0.818794
vn 0.522339 0.340708 0.781716
vn 0.554839 0.051322 0.830373
vn 0.706177 0.051337 0.706171
vn 0.696370 0.173798 0.696321
vn 0.664779 0.340624 0.664864
vn 0.494162 0.457204 0.739437
vn 0.628845 0.457323 0.628816
vn 0.818864 0.173515 0.547133
vn 0.781780 0.340413 0.522435
vn 0.830361 0.051387 0.554851
vn 0.922647 0.051370 0.382210
vn 0.909865 0.173511 0.376881
vn 0.868648 0.340573 0.359806
vn 0.739363 0.457451 0.494046
vn 0.821531 0.457494 0.340273
vn 0.965888 0.173630 0.192130
vn 0.922108 0.340693 0.183429
vn 0.979486 0.051300 0.194872
vn 0.872200 0.457351 0.173487
vn 0.555467 0.022781 0.831227
vn 0.382605 0.022879 0.923629
vn 0.554840 0.053528 0.830234
vn 0.382168 0.053485 0.922544
vn 0.706097 0.053505 0.706091
vn 0.706918 0.022750 0.706930
vn 0.831233 0.022811 0.555456
vn 0.830262 0.053433 0.554806
vn 0.922551 0.053480 0.382152
vn 0.923632 0.022831 0.382600
vn 0.195029 0.022857 0.980531
vn 0.000010 0.022769 0.999741
vn 0.194795 0.053395 0.979390
vn 0.000036 0.053377 0.998574
vn 0.980526 0.022777 0.195066
vn 0.979383 0.053491 0.194800
vn 0.998568 0.053488 -0.000013
vn 0.999739 0.022863 -0.000011
vn -0.195003 0.022740 0.980539
vn -0.382586 0.022747 0.923640
vn -0.194782 0.053349 0.979395
vn -0.382163 0.053326 0.922555
vn 0.980517 0.022948 -0.195090
vn 0.979375 0.053526 -0.194832
vn 0.922576 0.053473 -0.382093
vn 0.923648 0.022913 -0.382558
vn -0.555468 0.022732 0.831227
vn -0.706913 0.022745 0.706935
vn -0.554802 0.053415 0.830266
vn -0.706059 0.053552 0.706125
vn 0.831261 0.022868 -0.555412
vn 0.830319 0.053351 -0.554729
vn 0.706099 0.053327 -0.706103
vn 0.706910 0.022859 -0.706934
vn -0.831249 0.022770 0.555434
vn -0.923647 0.022760 0.382568
vn -0.830256 0.053560 0.554803
vn -0.922555 0.053591 0.382126
vn 0.555419 0.022885 -0.831256
vn 0.554797 0.053313 -0.830276
vn 0.382117 0.053479 -0.922565
vn 0.382549 0.022919 -0.923651
vn -0.980530 0.022780 0.195044
vn -0.999739 0.022839 0.000024
vn -0.979373 0.053548 0.194835
vn -0.998566 0.053532 -0.000007
vn 0.195057 0.022842 -0.980526
vn 0.194802 0.053514 -0.979382
vn 0.000057 0.053417 -0.998572
vn 0.000017 0.022797 -0.999740
vn -0.980533 0.022760 -0.195033
vn -0.923633 0.022709 -0.382605
vn -0.979378 0.053456 -0.194836
vn -0.922551 0.053379 -0.382166
vn -0.195031 0.022836 -0.980531
vn -0.194794 0.053433 -0.979388
vn -0.382132 0.053498 -0.922558
vn -0.382571 0.022883 -0.923643
vn -0.831254 0.022744 -0.555427
vn -0.706931 0.022778 -0.706915
vn -0.830297 0.053338 -0.554763
vn -0.706142 0.053328 -0.706060
vn -0.555428 0.022843 -0.831251
vn -0.554810 0.053374 -0.830264
vn -0.815013 0.197936 0.544588
vn -0.693093 0.198022 0.693116
vn -0.905591 0.198098 0.375050
vn -0.814188 0.472599 0.337265
vn -0.732841 0.472301 0.489771
vn -0.623265 0.472372 0.623222
vn -0.587878 0.707154 0.392852
vn -0.499806 0.707348 0.499853
vn -0.653237 0.707169 0.270541
vn -0.435344 0.882023 0.180310
vn -0.391861 0.881967 0.261876
vn -0.333120 0.882066 0.333152
vn -0.124058 0.988824 0.082679
vn -0.105058 0.988926 0.104828
vn -0.137451 0.988882 0.056740
vn 0.814987 0.198054 -0.544583
vn 0.693098 0.198119 -0.693083
vn 0.905572 0.198087 -0.375100
vn 0.814058 0.472841 -0.337242
vn 0.732761 0.472561 -0.489641
vn 0.623107 0.472704 -0.623128
vn 0.588330 0.706628 -0.393122
vn 0.500255 0.706868 -0.500082
vn 0.653583 0.706765 -0.270764
vn 0.435050 0.882190 -0.180202
vn 0.391635 0.882126 -0.261678
vn 0.333097 0.882092 -0.333108
vn 0.132129 0.987200 -0.089322
vn 0.105044 0.988926 -0.104840
vn 0.137301 0.988907 -0.056666
vn -0.961368 0.198017 0.191211
vn -0.980206 0.197978 0.000031
vn -0.881388 0.472392 -0.000005
vn -0.864517 0.472307 0.171862
vn -0.693647 0.706981 0.137960
vn -0.707072 0.707142 0.000046
vn -0.471096 0.882082 0.000014
vn -0.462291 0.881952 0.091906
vn -0.146685 0.988757 0.029032
vn -0.148420 0.988925 -0.000162
vn -0.961344 0.198070 -0.191274
vn -0.905505 0.198390 -0.375104
vn -0.814000 0.473025 -0.337124
vn -0.864357 0.472604 -0.171850
vn -0.693690 0.706927 -0.138017
vn -0.653275 0.707111 -0.270604
vn -0.435621 0.881867 -0.180400
vn -0.462461 0.881853 -0.092001
vn -0.146041 0.988845 -0.029287
vn -0.137268 0.988890 -0.057042
vn -0.544610 0.197945 -0.814996
vn -0.693077 0.198253 -0.693066
vn -0.375145 0.198007 -0.905571
vn -0.337240 0.472759 -0.814106
vn -0.489610 0.472654 -0.732721
vn -0.622920 0.473064 -0.623042
vn -0.393000 0.706909 -0.588074
vn -0.500057 0.707004 -0.500089
vn -0.270674 0.706921 -0.653451
vn -0.180350 0.881965 -0.435444
vn -0.261824 0.881988 -0.391848
vn -0.333160 0.882048 -0.333162
vn -0.088944 0.987303 -0.131611
vn -0.104969 0.988897 -0.105183
vn -0.056524 0.988968 -0.136918
vn 0.544568 0.198013 0.815007
vn 0.693124 0.198264 0.693015
vn 0.375124 0.197816 0.905622
vn 0.337210 0.472819 0.814084
vn 0.489556 0.472829 0.732644
vn 0.622912 0.473161 0.622976
vn 0.392924 0.707002 0.588014
vn 0.500166 0.706956 0.500048
vn 0.270466 0.707324 0.653101
vn 0.180429 0.881877 0.435591
vn 0.262236 0.881642 0.392353
vn 0.333629 0.881720 0.333559
vn 0.082661 0.988832 0.124011
vn 0.109205 0.988061 0.108669
vn 0.056837 0.988868 0.137510
vn 0.191174 0.197863 0.961407
vn 0.000026 0.198163 0.980169
vn -0.000017 0.472747 0.881198
vn 0.171880 0.472673 0.864313
vn 0.137983 0.707054 0.693568
vn -0.000009 0.707018 0.707195
vn -0.000007 0.882028 0.471197
vn 0.091933 0.881880 0.462424
vn 0.028793 0.988878 0.145917
vn -0.000151 0.988903 0.148566
vn -0.191206 0.197995 0.961373
vn -0.375127 0.197988 0.905583
vn -0.337231 0.472730 0.814126
vn -0.171972 0.472542 0.864367
vn -0.137959 0.706828 0.693803
vn -0.270630 0.707061 0.653318
vn -0.180399 0.881936 0.435482
vn -0.091998 0.881855 0.462459
vn -0.029229 0.988866 0.145909
vn -0.057045 0.988891 0.137264
vn 0.123955 0.988805 0.083068
vn 0.137393 0.988867 0.057138
vn 0.435513 0.881923 0.180390
vn 0.392310 0.881687 0.262148
vn 0.588211 0.706784 0.393020
vn 0.653468 0.706894 0.270705
vn 0.814157 0.472714 0.337178
vn 0.732582 0.472965 0.489518
vn 0.814977 0.198141 0.544567
vn 0.905536 0.198156 0.375152
vn 0.146455 0.988783 0.029318
vn 0.148820 0.988864 0.000203
vn 0.471133 0.882062 -0.000011
vn 0.462322 0.881937 0.091904
vn 0.693950 0.706670 0.138024
vn 0.707370 0.706844 0.000003
vn 0.881219 0.472708 0.000016
vn 0.864459 0.472388 0.171933
vn 0.961359 0.198046 0.191222
vn 0.980222 0.197900 0.000008
vn 0.146340 0.988811 -0.028937
vn 0.462181 0.882011 -0.091901
vn 0.693964 0.706649 -0.138064
vn 0.864299 0.472693 -0.171897
vn 0.961399 0.197844 -0.191233
vn -0.082845 0.988869 0.123588
vn -0.261934 0.881883 0.392012
vn -0.392985 0.707031 0.587938
vn -0.489649 0.472439 0.732833
vn -0.544611 0.198004 0.814980
vn 0.084595 0.988305 -0.126873
vn 0.056989 0.988913 -0.137123
vn 0.180473 0.881793 -0.435742
vn 0.262094 0.881747 -0.392211
vn 0.393085 0.706740 -0.588220
vn 0.270669 0.706792 -0.653593
vn 0.337260 0.472926 -0.814000
vn 0.489589 0.472830 -0.732622
vn 0.544598 0.198040 -0.814981
vn 0.375072 0.198053 -0.905592
vn 0.029232 0.988831 -0.146148
vn 0.000235 0.988916 -0.148474
vn 0.000025 0.881844 -0.471542
vn 0.092048 0.881691 -0.462762
vn 0.138012 0.706706 -0.693916
vn -0.000014 0.706970 -0.707244
vn 0.000049 0.472781 -0.881180
vn 0.171910 0.472625 -0.864334
vn 0.191184 0.197895 -0.961398
vn -0.000009 0.197890 -0.980224
vn -0.028759 0.988910 -0.145704
vn -0.092026 0.881797 -0.462563
vn -0.138006 0.706683 -0.693940
vn -0.171851 0.472649 -0.864332
vn -0.191198 0.197906 -0.961393
vn -0.125704 0.988514 -0.083900
vn -0.392132 0.881813 -0.261988
vn -0.588053 0.706946 -0.392965
vn -0.732587 0.473027 -0.489451
vn -0.814946 0.198364 -0.544532
vn 0.000000 0.436998 0.899462
vn 0.000000 0.436998 0.899462
vn 0.000000 0.464459 0.885595
vn 0.000000 0.464459 0.885595
vn 0.000000 0.891475 -0.453071
vn 0.000000 0.891475 -0.453071
vn 0.000000 0.891475 -0.453071
vn 0.000000 0.891475 -0.453071
vn -0.000001 -0.000007 1.000000
vn -0.000001 -0.000007 1.000000
vn 0.000000 0.988544 0.150934
vn 0.000000 0.988544 0.150934
vn 0.000000 0.988544 0.150934
vn 0.000000 0.988544 0.150934
vn -0.026711 0.999285 -0.026778
vn 0.026711 0.999285 -0.026778
vn 0.000935 0.999999 0.000930
vn 0.000000 0.821177 -0.570674
vn 0.000000 0.821177 -0.570674
vn 0.000000 0.189866 -0.981810
vn 0.000000 0.189866 -0.981810
vn 0.000000 0.000047 -1.000000
vn 0.000000 0.000047 -1.000000
vn -0.000406 0.999980 0.006306
vn 0.000000 0.877241 0.480051
vn 0.000000 0.877241 0.480051
vn -0.999988 -0.003160 -0.003662
vn -0.998379 0.056883 -0.002028
vn -0.994113 0.108291 -0.003648
vn -0.999923 -0.008092 -0.009442
vn 0.001780 0.999997 0.001441
vn 0.019810 0.016977 -0.999660
vn 0.022503 0.117414 -0.992828
vn 0.012408 0.067402 -0.997649
vn 0.007724 0.006628 -0.999948
vn 0.194794 0.053433 0.979388
vn 0.191198 0.197906 0.961393
vn -0.122018 0.992522 0.003527
vn 0.001780 0.999997 -0.001441
vn 0.007571 0.999952 -0.006183
vn 0.019057 0.999767 -0.010155
vn 0.000008 1.000000 0.000007
vn 0.026386 0.999585 -0.011567
vn 0.003217 0.999994 -0.000970
vn 0.000003 1.000000 0.000003
vn 0.060418 0.998006 -0.018250
vn 0.014428 0.999895 -0.001448
vn 0.032964 0.999456 -0.000690
vn 0.009604 0.999953 0.000924
vn 0.004951 0.999988 0.000491
vn 0.006427 0.999979 -0.000400
vn 0.000084 0.999993 0.003839
vn -0.000927 0.999955 0.009416
vn -0.001466 0.999890 0.014768
vn -0.017113 0.998249 0.056615
vn 0.000005 1.000000 -0.000010
vn 0.002199 0.999998 0.000218
vn 0.029253 0.999533 0.008821
vn 0.012027 0.999917 0.004690
vn 0.005978 0.999977 0.003194
vn 0.006904 0.999969 0.003700
vn 0.009026 0.999932 0.007385
vn 0.009944 0.999905 0.009523
vn 0.001824 0.999996 0.002216
vn 0.007942 0.999921 0.009711
vn 0.003524 0.999972 0.006549
vn 0.011004 0.999625 0.025089
vn 0.000821 0.999996 0.002683
vn 0.009640 0.999444 0.031910
vn 0.001259 0.999920 0.012592
vn 0.382132 0.053498 0.922558
vn 0.375145 0.198007 0.905571
vn -0.000003 0.000008 1.000000
vn -0.000003 0.000011 1.000000
vn -0.000008 0.000007 1.000000
vn -0.000010 0.000008 1.000000
vn -0.000003 0.000003 1.000000
vn -0.000004 0.000011 1.000000
vn 0.171851 0.472649 0.864332
vn 0.337240 0.472759 0.814106
vn 1.000000 0.000004 0.000007
vn 1.000000 0.000003 0.000008
vn 1.000000 0.000003 0.000000
vn 1.000000 0.000004 0.000001
vn 1.000000 -0.000003 0.000002
vn 1.000000 0.000000 0.000003
vn 1.000000 -0.000007 -0.000011
vn 1.000000 -0.000005 -0.000011
vn 0.000003 0.956466 0.291843
vn -0.000008 1.000000 -0.000026
vn 0.002704 0.999624 -0.027271
vn 0.004039 0.999902 -0.013403
vn 0.018535 0.998697 -0.047544
vn 0.003498 0.999972 -0.006566
vn 0.000751 0.999999 -0.001436
vn -0.092601 0.962263 0.255882
vn 0.002750 0.999983 -0.005087
vn 0.005256 0.999966 -0.006391
vn 0.007016 0.999949 -0.007286
vn 0.002260 0.999996 -0.001837
vn -0.000002 0.980660 0.195721
vn -0.001050 0.999999 -0.001256
vn -0.006379 0.999949 -0.007836
vn -0.008134 0.999851 -0.015197
vn 0.000020 1.000000 -0.000003
vn -0.019945 0.998766 -0.045481
vn -0.006533 0.999744 -0.021685
vn -0.003188 0.999938 -0.010648
vn -0.000513 0.999719 -0.023715
vn -0.007487 0.997134 -0.075290
vn 0.004196 0.999088 -0.042495
vn 0.148541 0.977404 0.150391
vn 0.180155 0.983638 -0.000014
vn -0.000032 1.000000 -0.000026
vn -0.045771 0.997985 -0.043934
vn -0.002550 0.999992 -0.003085
vn -0.001912 0.999998 -0.001041
vn -0.058545 0.997132 -0.047963
vn 0.256743 0.966480 0.000003
vn -0.023611 0.999641 -0.012636
vn -0.033436 0.999356 -0.013039
vn -0.066737 0.997132 -0.035703
vn -0.010893 0.999940 -0.001128
vn -0.072629 0.997117 -0.021973
vn -0.003733 0.999993 0.000392
vn -0.070302 0.997503 -0.006741
vn -0.005956 0.999982 -0.000609
vn 0.005329 0.992902 -0.118820
vn 0.000012 1.000000 -0.000001
vn -0.011069 0.999724 0.020707
vn -0.006471 0.999948 0.007916
vn -0.011950 0.999822 0.014573
vn -0.001179 0.999997 0.002207
vn -0.011809 0.999476 0.030150
vn 0.278358 0.955124 -0.101263
vn -0.000023 1.000000 0.000012
vn -0.032827 0.999357 0.014412
vn -0.001894 0.999998 0.000586
vn -0.020256 0.999776 0.006094
vn -0.007679 0.999970 0.000776
vn -0.039980 0.998607 0.034422
vn -0.000883 0.999999 0.000692
vn -0.006764 0.999962 0.005493
vn -0.007414 0.999965 0.003955
vn 0.000001 0.113417 0.993547
vn -0.000018 0.085594 0.996330
vn -0.000000 0.077067 0.997026
vn -0.000005 0.048491 0.998824
vn 0.001698 0.038863 -0.999243
vn 0.000001 0.000015 -1.000000
vn -0.999255 0.038568 0.001714
vn -1.000000 -0.000009 0.000031
vn 0.997126 0.075762 0.000004
vn 0.998843 0.048087 0.000005
vn 0.993573 0.113193 -0.000006
vn 0.996359 0.085260 -0.000014
vn 0.711812 0.702370 -0.000015
vn 0.788358 0.615217 -0.000026
vn 0.709835 0.704368 0.000005
vn 0.020394 0.805981 -0.591590
vn 0.020114 0.681380 -0.731653
vn -0.420456 0.907223 0.012788
vn -0.582706 0.812499 0.017304
vn 0.023402 0.898977 -0.437370
vn 0.000010 0.702445 0.711738
vn -0.000016 0.615710 0.787973
vn 0.000003 0.705180 0.709029
vn -0.000016 0.620660 0.784080
vn -0.732191 0.680803 0.020080
vn 0.784443 0.620201 0.000012
vn 0.138006 0.706683 0.693940
vn 0.270674 0.706921 0.653451
vn 0.092026 0.881797 0.462563
vn 0.180350 0.881965 0.435444
vn 0.056524 0.988968 0.136918
vn 0.004039 0.999902 0.013403
vn 0.018535 0.998697 0.047545
vn 0.001177 0.999981 -0.006030
vn 0.000004 0.999996 -0.002653
vn 0.000001 1.000000 0.000002
vn 0.001030 0.999997 -0.002434
vn 0.006979 0.999363 -0.035006
vn 0.000004 0.999487 -0.032025
vn 0.012260 0.999487 -0.029584
vn 0.003464 0.999981 -0.005067
vn 0.001885 0.999996 -0.001878
vn 0.019809 0.999365 -0.029620
vn 0.022604 0.999488 -0.022640
vn 0.005046 0.999981 -0.003452
vn 0.002419 0.999997 -0.001041
vn 0.029665 0.999363 -0.019851
vn 0.029611 0.999486 -0.012267
vn 0.006007 0.999981 -0.001210
vn 0.002639 0.999997 -0.000030
vn 0.035008 0.999363 -0.006983
vn 0.032021 0.999487 -0.000023
vn 0.132748 0.732485 -0.667715
vn 0.000008 0.732433 -0.680839
vn -0.000002 0.855391 -0.517983
vn 0.101062 0.855437 -0.507950
vn 0.156921 0.593800 -0.789163
vn 0.000017 0.593801 -0.804612
vn 0.307919 0.593845 -0.743327
vn 0.260453 0.732653 -0.628796
vn 0.198195 0.855441 -0.478477
vn 0.032205 0.986296 -0.161813
vn 0.000011 0.986175 -0.165706
vn 0.063391 0.986176 -0.153095
vn 0.378221 0.732580 -0.565929
vn 0.287749 0.855427 -0.430634
vn 0.447052 0.593847 -0.668947
vn 0.568841 0.593968 -0.568878
vn 0.481393 0.732512 -0.481339
vn 0.366391 0.855301 -0.366358
vn 0.091625 0.986302 -0.137159
vn 0.117160 0.986179 -0.117151
vn 0.566000 0.732545 -0.378182
vn 0.430795 0.855308 -0.287860
vn 0.668814 0.594068 -0.446957
vn 0.743192 0.594084 -0.307783
vn 0.628980 0.732465 -0.260538
vn 0.478627 0.855332 -0.198302
vn 0.137143 0.986304 -0.091634
vn 0.152990 0.986193 -0.063385
vn 0.667752 0.732427 -0.132883
vn 0.508022 0.855394 -0.101066
vn 0.788979 0.594031 -0.156970
vn 0.804496 0.593958 -0.000035
vn 0.680689 0.732573 -0.000037
vn 0.517944 0.855415 0.000031
vn 0.161759 0.986305 -0.032190
vn 0.165826 0.986155 -0.000010
vn 0.192122 0.173523 -0.965908
vn -0.000003 0.173644 -0.984808
vn 0.000017 0.341200 -0.939991
vn 0.183457 0.340980 -0.921996
vn 0.194873 0.051285 -0.979487
vn -0.000031 0.051206 -0.998688
vn 0.382169 0.051301 -0.922668
vn 0.376933 0.173510 -0.909844
vn 0.359770 0.340797 -0.868576
vn 0.173427 0.457768 -0.871993
vn -0.000035 0.457703 -0.889105
vn 0.340306 0.457560 -0.821481
vn 0.547146 0.173554 -0.818847
vn 0.522260 0.340929 -0.781672
vn 0.554820 0.051260 -0.830390
vn 0.706189 0.051307 -0.706162
vn 0.696420 0.173564 -0.696330
vn 0.664709 0.341027 -0.664727
vn 0.494056 0.457540 -0.739301
vn 0.628724 0.457638 -0.628708
vn 0.818887 0.173507 -0.547101
vn 0.781709 0.340731 -0.522334
vn 0.830360 0.051374 -0.554855
vn 0.922634 0.051389 -0.382237
vn 0.909836 0.173634 -0.376896
vn 0.868594 0.340725 -0.359794
vn 0.739374 0.457471 -0.494011
vn 0.821509 0.457512 -0.340302
vn 0.965889 0.173691 -0.192068
vn 0.922097 0.340734 -0.183403
vn 0.979498 0.051313 -0.194810
vn 0.998684 0.051283 -0.000019
vn 0.984813 0.173621 0.000030
vn 0.940127 0.340823 0.000010
vn 0.872162 0.457424 -0.173484
vn 0.889297 0.457330 0.000013
vn -0.001168 0.999981 -0.006024
vn -0.006974 0.999363 -0.034991
vn -0.012253 0.999488 -0.029569
vn -0.001017 0.999997 -0.002446
vn -0.003462 0.999981 -0.005062
vn -0.019837 0.999365 -0.029607
vn -0.022611 0.999488 -0.022659
vn -0.001878 0.999996 -0.001902
vn -0.005059 0.999981 -0.003474
vn -0.029606 0.999364 -0.019857
vn -0.029584 0.999488 -0.012212
vn -0.002435 0.999996 -0.001032
vn -0.006048 0.999981 -0.001197
vn -0.034987 0.999364 -0.006951
vn -0.032035 0.999487 -0.000041
vn -0.002647 0.999996 0.000017
vn -0.132759 0.732576 -0.667613
vn -0.101024 0.855465 -0.507910
vn -0.260539 0.732601 -0.628821
vn -0.198227 0.855406 -0.478525
vn -0.307902 0.593866 -0.743317
vn -0.156995 0.593709 -0.789216
vn -0.032197 0.986295 -0.161819
vn -0.063421 0.986170 -0.153126
vn -0.378187 0.732572 -0.565962
vn -0.287878 0.855314 -0.430772
vn -0.481335 0.732555 -0.481331
vn -0.366357 0.855294 -0.366407
vn -0.568792 0.594079 -0.568811
vn -0.446893 0.594086 -0.668842
vn -0.091719 0.986285 -0.137223
vn -0.117150 0.986178 -0.117171
vn -0.566002 0.732544 -0.378181
vn -0.430761 0.855331 -0.287843
vn -0.628812 0.732636 -0.260461
vn -0.478671 0.855320 -0.198248
vn -0.743275 0.593921 -0.307898
vn -0.668934 0.593922 -0.446972
vn -0.137165 0.986295 -0.091696
vn -0.153155 0.986167 -0.063393
vn -0.667481 0.732694 -0.132772
vn -0.508006 0.855405 -0.101057
vn -0.680566 0.732687 0.000012
vn -0.517861 0.855464 -0.000010
vn -0.804476 0.593985 -0.000056
vn -0.789029 0.593955 -0.157005
vn -0.161837 0.986293 -0.032173
vn -0.165752 0.986167 -0.000022
vn -0.192215 0.173632 -0.965870
vn -0.183456 0.341058 -0.921967
vn -0.376910 0.173556 -0.909845
vn -0.359759 0.340788 -0.868583
vn -0.382161 0.051355 -0.922668
vn -0.194895 0.051202 -0.979487
vn -0.173473 0.457403 -0.872175
vn -0.340278 0.457466 -0.821545
vn -0.547113 0.173463 -0.818888
vn -0.522343 0.340621 -0.781751
vn -0.696408 0.173408 -0.696380
vn -0.664725 0.340801 -0.664828
vn -0.706167 0.051437 -0.706175
vn -0.554845 0.051446 -0.830362
vn -0.494002 0.457569 -0.739319
vn -0.628749 0.457607 -0.628706
vn -0.818886 0.173402 -0.547136
vn -0.781715 0.340821 -0.522266
vn -0.909894 0.173378 -0.376872
vn -0.868552 0.340875 -0.359753
vn -0.922674 0.051283 -0.382156
vn -0.830377 0.051393 -0.554827
vn -0.739353 0.457474 -0.494040
vn -0.821576 0.457434 -0.340247
vn -0.965927 0.173372 -0.192163
vn -0.922011 0.340951 -0.183436
vn -0.984826 0.173547 -0.000010
vn -0.940096 0.340909 0.000019
vn -0.998688 0.051215 -0.000048
vn -0.979493 0.051164 -0.194872
vn -0.872161 0.457423 -0.173493
vn -0.889248 0.457425 0.000014
vn 0.001177 0.999981 0.006035
vn 0.006928 0.999363 0.035008
vn 0.012223 0.999487 0.029613
vn 0.000993 0.999996 0.002452
vn 0.000005 0.999996 0.002659
vn 0.000012 0.999487 0.032017
vn 0.003377 0.999981 0.005096
vn 0.019819 0.999363 0.029690
vn 0.022650 0.999488 0.022601
vn 0.001854 0.999996 0.001896
vn 0.005079 0.999981 0.003449
vn 0.029623 0.999365 0.019816
vn 0.029537 0.999488 0.012297
vn 0.002432 0.999996 0.001037
vn 0.006006 0.999981 0.001171
vn 0.034978 0.999364 0.006955
vn 0.132785 0.732610 0.667571
vn 0.101042 0.855398 0.508021
vn -0.000025 0.855373 0.518012
vn -0.000028 0.732781 0.680464
vn 0.260565 0.732420 0.629020
vn 0.198152 0.855479 0.478425
vn 0.307924 0.593851 0.743319
vn 0.156982 0.593881 0.789089
vn 0.000024 0.593918 0.804526
vn 0.032133 0.986314 0.161715
vn 0.000008 0.986179 0.165685
vn 0.063351 0.986194 0.153000
vn 0.378209 0.732422 0.566142
vn 0.287657 0.855549 0.430454
vn 0.481384 0.732496 0.481371
vn 0.366226 0.855431 0.366218
vn 0.568915 0.593851 0.568926
vn 0.447068 0.593724 0.669046
vn 0.091631 0.986304 0.137144
vn 0.117165 0.986175 0.117180
vn 0.566080 0.732476 0.378197
vn 0.430755 0.855350 0.287795
vn 0.628876 0.732556 0.260533
vn 0.478713 0.855294 0.198259
vn 0.743159 0.594108 0.307815
vn 0.668856 0.594051 0.446917
vn 0.137182 0.986296 0.091662
vn 0.153187 0.986158 0.063457
vn 0.667504 0.732662 0.132832
vn 0.508040 0.855380 0.101101
vn 0.789050 0.593946 0.156931
vn 0.162013 0.986262 0.032226
vn 0.192125 0.173615 0.965891
vn 0.183304 0.341051 0.922000
vn -0.000046 0.340894 0.940102
vn 0.000011 0.173593 0.984818
vn 0.376937 0.173686 0.909808
vn 0.359800 0.340998 0.868484
vn 0.382190 0.051376 0.922655
vn 0.194826 0.051347 0.979493
vn -0.000050 0.051385 0.998679
vn 0.173505 0.457549 0.872092
vn -0.000008 0.457436 0.889242
vn 0.340262 0.457729 0.821404
vn 0.547133 0.173687 0.818827
vn 0.522333 0.340852 0.781657
vn 0.696333 0.173723 0.696377
vn 0.664777 0.340835 0.664758
vn 0.706158 0.051344 0.706190
vn 0.554870 0.051386 0.830348
vn 0.494004 0.457534 0.739340
vn 0.628794 0.457431 0.628789
vn 0.818820 0.173834 0.547097
vn 0.781741 0.340686 0.522317
vn 0.909794 0.173827 0.376908
vn 0.868571 0.340797 0.359781
vn 0.922665 0.051283 0.382177
vn 0.830349 0.051352 0.554873
vn 0.739388 0.457420 0.494036
vn 0.821536 0.457462 0.340303
vn 0.965887 0.173648 0.192118
vn 0.922052 0.340859 0.183398
vn 0.979501 0.051231 0.194818
vn 0.872187 0.457358 0.173534
vn -0.001168 0.999981 0.006025
vn -0.000998 0.999996 0.002463
vn -0.006924 0.999364 0.034981
vn -0.012258 0.999488 0.029562
vn -0.003408 0.999981 0.005129
vn -0.001868 0.999997 0.001889
vn -0.019822 0.999364 0.029635
vn -0.022642 0.999487 0.022657
vn -0.005109 0.999981 0.003409
vn -0.002443 0.999996 0.001029
vn -0.029677 0.999362 0.019858
vn -0.029585 0.999487 0.012301
vn -0.005998 0.999981 0.001217
vn -0.035009 0.999363 0.006970
vn -0.132753 0.732813 0.667354
vn -0.101043 0.855414 0.507994
vn -0.156904 0.594075 0.788959
vn -0.307834 0.594094 0.743162
vn -0.260412 0.732716 0.628739
vn -0.198146 0.855410 0.478553
vn -0.032175 0.986292 0.161843
vn -0.063396 0.986177 0.153087
vn -0.378182 0.732580 0.565955
vn -0.287692 0.855477 0.430572
vn -0.446995 0.593883 0.668953
vn -0.568864 0.593923 0.568902
vn -0.481358 0.732561 0.481300
vn -0.366194 0.855488 0.366118
vn -0.091624 0.986312 0.137092
vn -0.117125 0.986189 0.117105
vn -0.566018 0.732529 0.378186
vn -0.430469 0.855541 0.287656
vn -0.668852 0.594015 0.446971
vn -0.743272 0.593946 0.307854
vn -0.628917 0.732517 0.260542
vn -0.478305 0.855557 0.198107
vn -0.137077 0.986313 0.091628
vn -0.153046 0.986182 0.063418
vn -0.667604 0.732580 0.132787
vn -0.507783 0.855543 0.101003
vn -0.789082 0.593892 0.156980
vn -0.161897 0.986283 0.032192
vn -0.192135 0.173563 0.965899
vn -0.183375 0.340634 0.922140
vn -0.194864 0.051369 0.979484
vn -0.382148 0.051373 0.922672
vn -0.376893 0.173649 0.909834
vn -0.359842 0.340640 0.868607
vn -0.173520 0.457382 0.872177
vn -0.340310 0.457285 0.821632
vn -0.547142 0.173820 0.818794
vn -0.522339 0.340707 0.781717
vn -0.554839 0.051324 0.830373
vn -0.706177 0.051337 0.706171
vn -0.696371 0.173792 0.696321
vn -0.664780 0.340617 0.664867
vn -0.494162 0.457204 0.739438
vn -0.628845 0.457322 0.628817
vn -0.818865 0.173509 0.547133
vn -0.781782 0.340408 0.522436
vn -0.830361 0.051388 0.554851
vn -0.922647 0.051369 0.382210
vn -0.909866 0.173506 0.376880
vn -0.868647 0.340576 0.359806
vn -0.739362 0.457454 0.494045
vn -0.821528 0.457500 0.340272
vn -0.965888 0.173628 0.192131
vn -0.922106 0.340697 0.183429
vn -0.979486 0.051296 0.194873
vn -0.872197 0.457356 0.173487
vn -0.555466 0.022781 0.831227
vn -0.382604 0.022879 0.923629
vn -0.554839 0.053526 0.830234
vn -0.382167 0.053484 0.922544
vn -0.706098 0.053501 0.706090
vn -0.706917 0.022752 0.706930
vn -0.831233 0.022814 0.555456
vn -0.830262 0.053428 0.554806
vn -0.922551 0.053478 0.382152
vn -0.923632 0.022831 0.382600
vn -0.195029 0.022857 0.980531
vn -0.000011 0.022769 0.999741
vn -0.194795 0.053394 0.979390
vn -0.000036 0.053377 0.998574
vn -0.980525 0.022777 0.195066
vn -0.979383 0.053492 0.194800
vn -0.998568 0.053493 -0.000013
vn -0.999739 0.022866 -0.000011
vn 0.195002 0.022740 0.980539
vn 0.382586 0.022747 0.923640
vn 0.194782 0.053349 0.979395
vn 0.382162 0.053325 0.922555
vn -0.980517 0.022947 -0.195090
vn -0.979375 0.053526 -0.194832
vn -0.922576 0.053472 -0.382092
vn -0.923648 0.022911 -0.382557
vn 0.555468 0.022732 0.831227
vn 0.706913 0.022747 0.706935
vn 0.554801 0.053416 0.830266
vn 0.706059 0.053555 0.706125
vn -0.831261 0.022866 -0.555412
vn -0.830319 0.053352 -0.554729
vn -0.706098 0.053327 -0.706104
vn -0.706909 0.022857 -0.706935
vn 0.831249 0.022771 0.555434
vn 0.923647 0.022760 0.382568
vn 0.830256 0.053560 0.554803
vn 0.922555 0.053590 0.382126
vn -0.555419 0.022885 -0.831256
vn -0.554796 0.053313 -0.830277
vn -0.382116 0.053480 -0.922566
vn -0.382550 0.022920 -0.923651
vn 0.980530 0.022778 0.195044
vn 0.999739 0.022836 0.000024
vn 0.979373 0.053546 0.194835
vn 0.998566 0.053527 -0.000007
vn -0.195058 0.022842 -0.980526
vn -0.194801 0.053514 -0.979382
vn -0.000057 0.053418 -0.998572
vn -0.000018 0.022797 -0.999740
vn 0.980533 0.022759 -0.195033
vn 0.923633 0.022709 -0.382605
vn 0.979379 0.053451 -0.194835
vn 0.922551 0.053379 -0.382166
vn 0.195031 0.022835 -0.980531
vn 0.194792 0.053433 -0.979388
vn 0.382132 0.053497 -0.922558
vn 0.382571 0.022882 -0.923643
vn 0.831254 0.022744 -0.555427
vn 0.706931 0.022777 -0.706915
vn 0.830297 0.053338 -0.554763
vn 0.706142 0.053326 -0.706060
vn 0.555428 0.022842 -0.831251
vn 0.554810 0.053371 -0.830264
vn 0.815013 0.197935 0.544587
vn 0.693092 0.198024 0.693116
vn 0.905591 0.198098 0.375050
vn 0.814186 0.472602 0.337265
vn 0.732841 0.472301 0.489771
vn 0.623265 0.472372 0.623221
vn 0.587876 0.707156 0.392851
vn 0.499805 0.707349 0.499852
vn 0.653234 0.707173 0.270539
vn 0.435342 0.882024 0.180309
vn 0.391859 0.881969 0.261874
vn 0.333119 0.882067 0.333151
vn 0.124059 0.988824 0.082679
vn 0.105058 0.988926 0.104828
vn 0.137451 0.988882 0.056740
vn -0.814987 0.198052 -0.544584
vn -0.693097 0.198121 -0.693084
vn -0.905573 0.198087 -0.375100
vn -0.814057 0.472841 -0.337242
vn -0.732766 0.472549 -0.489644
vn -0.623109 0.472697 -0.623131
vn -0.588335 0.706623 -0.393124
vn -0.500256 0.706867 -0.500083
vn -0.653583 0.706765 -0.270764
vn -0.435051 0.882189 -0.180203
vn -0.391637 0.882125 -0.261680
vn -0.333096 0.882093 -0.333106
vn -0.132129 0.987200 -0.089322
vn -0.105044 0.988926 -0.104840
vn -0.137301 0.988907 -0.056666
vn 0.961366 0.198025 0.191211
vn 0.980205 0.197984 0.000031
vn 0.881377 0.472414 -0.000006
vn 0.864506 0.472328 0.171861
vn 0.693634 0.706994 0.137959
vn 0.707060 0.707154 0.000045
vn 0.471096 0.882082 0.000014
vn 0.462291 0.881953 0.091906
vn 0.146685 0.988757 0.029031
vn 0.148420 0.988924 -0.000162
vn 0.961344 0.198069 -0.191275
vn 0.905506 0.198383 -0.375104
vn 0.814004 0.473016 -0.337125
vn 0.864354 0.472609 -0.171849
vn 0.693684 0.706933 -0.138015
vn 0.653275 0.707111 -0.270604
vn 0.435621 0.881867 -0.180401
vn 0.462458 0.881855 -0.092001
vn 0.146041 0.988845 -0.029287
vn 0.137267 0.988890 -0.057042
vn 0.544611 0.197940 -0.814996
vn 0.693078 0.198250 -0.693066
vn 0.375145 0.198004 -0.905572
vn 0.337239 0.472755 -0.814108
vn 0.489611 0.472650 -0.732723
vn 0.622919 0.473065 -0.623042
vn 0.393001 0.706909 -0.588074
vn 0.500051 0.707011 -0.500084
vn 0.270676 0.706918 -0.653454
vn 0.180351 0.881964 -0.435446
vn 0.261825 0.881988 -0.391849
vn 0.333158 0.882049 -0.333160
vn 0.088944 0.987303 -0.131611
vn 0.104970 0.988897 -0.105184
vn 0.056524 0.988968 -0.136918
vn -0.544568 0.198010 0.815008
vn -0.693126 0.198253 0.693017
vn -0.375123 0.197814 0.905622
vn -0.337210 0.472817 0.814084
vn -0.489557 0.472828 0.732644
vn -0.622913 0.473158 0.622977
vn -0.392926 0.706998 0.588016
vn -0.500167 0.706954 0.500050
vn -0.270467 0.707322 0.653102
vn -0.180431 0.881876 0.435591
vn -0.262240 0.881638 0.392358
vn -0.333632 0.881718 0.333563
vn -0.082662 0.988832 0.124013
vn -0.109206 0.988061 0.108671
vn -0.056837 0.988868 0.137510
vn -0.191174 0.197862 0.961407
vn -0.000026 0.198163 0.980169
vn 0.000017 0.472747 0.881198
vn -0.171880 0.472672 0.864314
vn -0.137983 0.707054 0.693567
vn 0.000009 0.707018 0.707195
vn 0.000007 0.882028 0.471197
vn -0.091933 0.881881 0.462421
vn -0.028793 0.988878 0.145916
vn 0.000151 0.988903 0.148566
vn 0.191206 0.197996 0.961373
vn 0.375127 0.197988 0.905583
vn 0.337230 0.472728 0.814128
vn 0.171972 0.472542 0.864366
vn 0.137958 0.706828 0.693803
vn 0.270630 0.707060 0.653319
vn 0.180399 0.881937 0.435480
vn 0.091998 0.881856 0.462458
vn 0.029229 0.988866 0.145908
vn 0.057045 0.988891 0.137264
vn -0.123954 0.988805 0.083067
vn -0.137393 0.988867 0.057138
vn -0.435513 0.881923 0.180389
vn -0.392307 0.881688 0.262146
vn -0.588209 0.706786 0.393018
vn -0.653465 0.706898 0.270702
vn -0.814157 0.472714 0.337178
vn -0.732583 0.472962 0.489519
vn -0.814979 0.198128 0.544569
vn -0.905537 0.198148 0.375153
vn -0.146456 0.988783 0.029318
vn -0.148820 0.988864 0.000203
vn -0.471135 0.882061 -0.000011
vn -0.462325 0.881935 0.091906
vn -0.693949 0.706671 0.138024
vn -0.707369 0.706844 0.000003
vn -0.881219 0.472708 0.000016
vn -0.864460 0.472386 0.171934
vn -0.961360 0.198040 0.191223
vn -0.980222 0.197900 0.000008
vn -0.146340 0.988811 -0.028937
vn -0.462181 0.882011 -0.091900
vn -0.693958 0.706654 -0.138063
vn -0.864295 0.472701 -0.171896
vn -0.961398 0.197847 -0.191233
vn 0.082845 0.988870 0.123588
vn 0.261934 0.881883 0.392012
vn 0.392987 0.707029 0.587939
vn 0.489650 0.472435 0.732835
vn 0.544612 0.198004 0.814980
vn -0.084596 0.988305 -0.126873
vn -0.056989 0.988913 -0.137123
vn -0.180473 0.881792 -0.435744
vn -0.262094 0.881747 -0.392211
vn -0.393085 0.706738 -0.588222
vn -0.270668 0.706793 -0.653593
vn -0.337259 0.472926 -0.814000
vn -0.489589 0.472828 -0.732623
vn -0.544597 0.198042 -0.814981
vn -0.375071 0.198054 -0.905592
vn -0.029232 0.988831 -0.146148
vn -0.000235 0.988916 -0.148474
vn -0.000026 0.881844 -0.471542
vn -0.092048 0.881691 -0.462762
vn -0.138011 0.706707 -0.693915
vn 0.000015 0.706970 -0.707244
vn -0.000047 0.472781 -0.881180
vn -0.171909 0.472627 -0.864333
vn -0.191182 0.197895 -0.961399
vn 0.000009 0.197891 -0.980224
vn 0.028759 0.988910 -0.145705
vn 0.092027 0.881796 -0.462565
vn 0.138007 0.706682 -0.693942
vn 0.171852 0.472647 -0.864333
vn 0.191197 0.197905 -0.961393
vn 0.125705 0.988513 -0.083901
vn 0.392134 0.881812 -0.261988
vn 0.588051 0.706949 -0.392961
vn 0.732588 0.473023 -0.489452
vn 0.814947 0.198359 -0.544532
vn -0.003188 0.999938 0.010648
vn -0.019945 0.998766 0.045481
vn -0.006533 0.999744 0.021685
vn -0.554797 0.053313 0.830276
vn -0.706099 0.053327 0.706103
vn -0.693098 0.198119 0.693083
vn -0.544598 0.198040 0.814981
vn -0.489589 0.472830 0.732622
vn -0.623107 0.472704 0.623128
vn -0.500255 0.706868 0.500082
vn -0.393085 0.706740 0.588220
vn -0.262094 0.881747 0.392211
vn -0.333097 0.882092 0.333108
vn -0.105044 0.988926 0.104840
vn -0.084595 0.988305 0.126873
vn 0.999988 -0.003160 0.003662
vn 0.998379 0.056883 0.002028
vn 0.994113 0.108291 0.003648
vn 0.999923 -0.008092 0.009442
vn -0.512275 0.858821 0.000000
vn -0.512275 0.858821 0.000000
vn -0.006427 0.999979 0.000400
vn -0.888108 0.459634 0.000000
vn -0.888108 0.459634 0.000000
vn -0.019810 0.016977 0.999660
vn -0.022503 0.117414 0.992828
vn -0.012408 0.067402 0.997649
vn -0.007724 0.006628 0.999948
vn -0.000935 0.999999 -0.000930
vn 0.122018 0.992522 -0.003527
vn -0.001780 0.999997 0.001441
vn -0.007571 0.999952 0.006183
vn -0.019057 0.999767 0.010155
vn -0.000008 1.000000 -0.000007
vn -0.026386 0.999585 0.011567
vn -0.003217 0.999994 0.000970
vn -0.000003 1.000000 -0.000003
vn 0.000406 0.999980 -0.006306
vn -0.060418 0.998006 0.018250
vn -0.014428 0.999895 0.001448
vn -0.032964 0.999456 0.000690
vn -0.009604 0.999953 -0.000924
vn -0.004951 0.999988 -0.000491
vn -0.000084 0.999993 -0.003839
vn 0.000927 0.999955 -0.009416
vn 0.001466 0.999890 -0.014768
vn 0.017113 0.998249 -0.056615
vn -0.000005 1.000000 0.000010
vn -0.002199 0.999998 -0.000218
vn -0.029253 0.999533 -0.008821
vn -0.012027 0.999917 -0.004690
vn -0.005978 0.999977 -0.003194
vn -0.006904 0.999969 -0.003700
vn -0.009026 0.999932 -0.007385
vn -0.009944 0.999905 -0.009523
vn -0.001824 0.999996 -0.002216
vn -0.007942 0.999921 -0.009711
vn -0.003524 0.999972 -0.006549
vn -0.011004 0.999625 -0.025089
vn -0.000821 0.999996 -0.002683
vn -0.009640 0.999444 -0.031910
vn -0.001259 0.999920 -0.012592
vn 0.571454 0.820634 0.000000
vn 0.571454 0.820634 0.000000
vn 0.981900 0.189399 0.000000
vn 0.981900 0.189399 0.000000
vn 0.000003 0.000008 -1.000000
vn 0.000003 0.000011 -1.000000
vn 0.000008 0.000007 -1.000000
vn 0.000010 0.000008 -1.000000
vn 0.000003 0.000003 -1.000000
vn 0.000004 0.000011 -1.000000
vn 0.000001 -0.000007 -1.000000
vn 0.000001 -0.000007 -1.000000
vn 1.000000 -0.000016 0.000000
vn 1.000000 -0.000016 0.000000
vn -1.000000 0.000004 -0.000007
vn -1.000000 0.000003 -0.000008
vn -1.000000 0.000003 -0.000000
vn -1.000000 0.000003 -0.000001
vn -1.000000 -0.000003 -0.000002
vn -1.000000 0.000000 -0.000003
vn -1.000000 -0.000007 0.000011
vn -1.000000 -0.000005 0.000011
vn -0.000003 0.956466 -0.291843
vn 0.000008 1.000000 0.000026
vn -0.002704 0.999624 0.027271
vn -0.004039 0.999902 0.013403
vn -0.018535 0.998697 0.047544
vn -0.003498 0.999972 0.006566
vn -0.000751 0.999999 0.001436
vn 0.092601 0.962263 -0.255882
vn -0.002750 0.999983 0.005087
vn -0.005256 0.999966 0.006391
vn -0.007016 0.999949 0.007286
vn -0.002260 0.999996 0.001837
vn 0.000002 0.980660 -0.195721
vn 0.001050 0.999999 0.001256
vn 0.006379 0.999949 0.007836
vn 0.008134 0.999851 0.015197
vn -0.000020 1.000000 0.000003
vn 0.019945 0.998766 0.045481
vn 0.006533 0.999744 0.021685
vn 0.003188 0.999938 0.010648
vn 0.000513 0.999719 0.023715
vn 0.007487 0.997134 0.075290
vn -0.004196 0.999088 0.042495
vn -0.148541 0.977404 -0.150391
vn -0.180155 0.983638 0.000014
vn 0.000032 1.000000 0.000026
vn 0.045771 0.997985 0.043934
vn 0.002550 0.999992 0.003085
vn 0.001912 0.999998 0.001041
vn 0.058545 0.997132 0.047963
vn -0.256743 0.966480 -0.000003
vn 0.023611 0.999641 0.012636
vn 0.033436 0.999356 0.013039
vn 0.066737 0.997132 0.035703
vn 0.010893 0.999940 0.001128
vn 0.072629 0.997117 0.021973
vn 0.003733 0.999993 -0.000392
vn 0.070302 0.997503 0.006741
vn 0.005956 0.999982 0.000609
vn -0.005329 0.992902 0.118820
vn -0.000012 1.000000 0.000001
vn 0.011069 0.999724 -0.020707
vn 0.006471 0.999948 -0.007916
vn 0.011950 0.999822 -0.014573
vn 0.001179 0.999997 -0.002207
vn 0.011809 0.999476 -0.030150
vn -0.278358 0.955124 0.101263
vn 0.000023 1.000000 -0.000012
vn 0.032827 0.999357 -0.014412
vn 0.001894 0.999998 -0.000586
vn 0.020256 0.999776 -0.006094
vn 0.007679 0.999970 -0.000776
vn 0.039980 0.998607 -0.034422
vn 0.000883 0.999999 -0.000692
vn 0.006764 0.999962 -0.005493
vn 0.007414 0.999965 -0.003955
vn -0.000001 0.113417 -0.993547
vn 0.000018 0.085594 -0.996330
vn 0.000000 0.077067 -0.997026
vn 0.000005 0.048491 -0.998824
vn -0.001698 0.038863 0.999243
vn -0.000001 0.000015 1.000000
vn 0.999255 0.038568 -0.001714
vn 1.000000 -0.000009 -0.000031
vn -0.997126 0.075762 -0.000004
vn -0.998843 0.048087 -0.000005
vn -0.993573 0.113193 0.000006
vn -0.996359 0.085260 0.000014
vn -0.150815 0.988562 0.000000
vn -0.150815 0.988562 0.000000
vn -0.150815 0.988562 0.000000
vn -0.150815 0.988562 0.000000
vn -0.711812 0.702370 0.000015
vn -0.788358 0.615217 0.000026
vn -0.709835 0.704368 -0.000005
vn -0.020394 0.805981 0.591590
vn -0.020114 0.681380 0.731653
vn 0.420456 0.907223 -0.012788
vn 0.582706 0.812499 -0.017304
vn -0.023402 0.898977 0.437370
vn -0.000010 0.702445 -0.711738
vn 0.000016 0.615710 -0.787973
vn -0.000003 0.705180 -0.709029
vn 0.000016 0.620660 -0.784080
vn 0.732191 0.680803 -0.020080
vn -0.784443 0.620201 -0.000012
vn -0.008134 0.999851 0.015197
vn 0.026711 0.999285 0.026778
vn -0.899450 0.437024 0.000000
vn -0.899450 0.437024 0.000000
vn 0.453132 0.891444 0.000000
vn 0.453132 0.891444 0.000000
vn 0.453132 0.891444 0.000000
vn 0.453132 0.891444 0.000000
vn -0.001177 0.999981 0.006030
vn -0.000004 0.999996 0.002653
vn -0.000001 1.000000 -0.000002
vn -0.001030 0.999997 0.002434
vn -0.006979 0.999363 0.035006
vn -0.000004 0.999487 0.032025
vn -0.012260 0.999487 0.029584
vn -0.003464 0.999981 0.005067
vn -0.001885 0.999996 0.001878
vn -0.019809 0.999365 0.029620
vn -0.022604 0.999488 0.022640
vn -0.005046 0.999981 0.003452
vn -0.002419 0.999997 0.001041
vn -0.029665 0.999363 0.019851
vn -0.029611 0.999486 0.012267
vn -0.006007 0.999981 0.001210
vn -0.002639 0.999997 0.000030
vn -0.035008 0.999363 0.006983
vn -0.032021 0.999487 0.000023
vn -0.132748 0.732485 0.667715
vn -0.000008 0.732433 0.680839
vn 0.000002 0.855391 0.517983
vn -0.101062 0.855437 0.507950
vn -0.156921 0.593800 0.789163
vn -0.000017 0.593801 0.804612
vn -0.307919 0.593845 0.743327
vn -0.260453 0.732653 0.628796
vn -0.198195 0.855441 0.478477
vn -0.032205 0.986296 0.161813
vn -0.000011 0.986175 0.165706
vn -0.063391 0.986176 0.153095
vn -0.378221 0.732580 0.565929
vn -0.287749 0.855427 0.430634
vn -0.447052 0.593847 0.668947
vn -0.568841 0.593968 0.568878
vn -0.481393 0.732512 0.481339
vn -0.366391 0.855301 0.366358
vn -0.091625 0.986302 0.137159
vn -0.117160 0.986179 0.117151
vn -0.566000 0.732545 0.378182
vn -0.430795 0.855308 0.287860
vn -0.668814 0.594068 0.446957
vn -0.743192 0.594084 0.307783
vn -0.628980 0.732465 0.260538
vn -0.478627 0.855332 0.198302
vn -0.137143 0.986304 0.091634
vn -0.152990 0.986193 0.063385
vn -0.667752 0.732427 0.132883
vn -0.508022 0.855394 0.101066
vn -0.788979 0.594031 0.156970
vn -0.804496 0.593958 0.000035
vn -0.680689 0.732573 0.000037
vn -0.517944 0.855415 -0.000031
vn -0.161759 0.986305 0.032190
vn -0.165826 0.986155 0.000010
vn -0.192122 0.173523 0.965908
vn 0.000003 0.173644 0.984808
vn -0.000017 0.341200 0.939991
vn -0.183457 0.340980 0.921996
vn -0.194873 0.051285 0.979487
vn 0.000031 0.051206 0.998688
vn -0.382169 0.051301 0.922668
vn -0.376933 0.173510 0.909844
vn -0.359770 0.340797 0.868576
vn -0.173427 0.457768 0.871993
vn 0.000035 0.457703 0.889105
vn -0.340306 0.457560 0.821481
vn -0.547146 0.173554 0.818847
vn -0.522260 0.340929 0.781672
vn -0.554820 0.051260 0.830390
vn -0.706189 0.051307 0.706162
vn -0.696420 0.173564 0.696330
vn -0.664709 0.341027 0.664727
vn -0.494056 0.457540 0.739301
vn -0.628724 0.457638 0.628708
vn -0.818887 0.173507 0.547101
vn -0.781709 0.340731 0.522334
vn -0.830360 0.051374 0.554855
vn -0.922634 0.051389 0.382237
vn -0.909836 0.173634 0.376896
vn -0.868594 0.340725 0.359794
vn -0.739374 0.457471 0.494011
vn -0.821509 0.457512 0.340302
vn -0.965889 0.173691 0.192068
vn -0.922097 0.340734 0.183403
vn -0.979498 0.051313 0.194810
vn -0.998684 0.051283 0.000019
vn -0.984813 0.173621 -0.000030
vn -0.940127 0.340823 -0.000010
vn -0.872162 0.457424 0.173484
vn -0.889297 0.457330 -0.000013
vn 0.001168 0.999981 0.006024
vn 0.006974 0.999363 0.034991
vn 0.012253 0.999488 0.029569
vn 0.001017 0.999997 0.002446
vn 0.003462 0.999981 0.005062
vn 0.019837 0.999365 0.029607
vn 0.022611 0.999488 0.022659
vn 0.001878 0.999996 0.001902
vn 0.005059 0.999981 0.003474
vn 0.029606 0.999364 0.019857
vn 0.029584 0.999488 0.012212
vn 0.002435 0.999996 0.001032
vn 0.006048 0.999981 0.001197
vn 0.034987 0.999364 0.006951
vn 0.032035 0.999487 0.000041
vn 0.002647 0.999996 -0.000017
vn 0.132759 0.732576 0.667613
vn 0.101024 0.855465 0.507910
vn 0.260539 0.732601 0.628821
vn 0.198227 0.855406 0.478525
vn 0.307902 0.593866 0.743317
vn 0.156995 0.593709 0.789216
vn 0.032197 0.986295 0.161819
vn 0.063421 0.986170 0.153126
vn 0.378187 0.732572 0.565962
vn 0.287878 0.855314 0.430772
vn 0.481335 0.732555 0.481331
vn 0.366357 0.855294 0.366407
vn 0.568792 0.594079 0.568811
vn 0.446893 0.594086 0.668842
vn 0.091719 0.986285 0.137223
vn 0.117150 0.986178 0.117171
vn 0.566002 0.732544 0.378181
vn 0.430761 0.855331 0.287843
vn 0.628812 0.732636 0.260461
vn 0.478671 0.855320 0.198248
vn 0.743275 0.593921 0.307898
vn 0.668934 0.593922 0.446972
vn 0.137165 0.986295 0.091696
vn 0.153155 0.986167 0.063393
vn 0.667481 0.732694 0.132772
vn 0.508006 0.855405 0.101057
vn 0.680566 0.732687 -0.000012
vn 0.517861 0.855464 0.000010
vn 0.804476 0.593985 0.000056
vn 0.789029 0.593955 0.157005
vn 0.161837 0.986293 0.032173
vn 0.165752 0.986167 0.000022
vn 0.192215 0.173632 0.965870
vn 0.183456 0.341058 0.921967
vn 0.376910 0.173556 0.909845
vn 0.359759 0.340788 0.868583
vn 0.382161 0.051355 0.922668
vn 0.194895 0.051202 0.979487
vn 0.173473 0.457403 0.872175
vn 0.340278 0.457466 0.821545
vn 0.547113 0.173463 0.818888
vn 0.522343 0.340621 0.781751
vn 0.696408 0.173408 0.696380
vn 0.664725 0.340801 0.664828
vn 0.706167 0.051437 0.706175
vn 0.554845 0.051446 0.830362
vn 0.494002 0.457569 0.739319
vn 0.628749 0.457607 0.628706
vn 0.818886 0.173402 0.547136
vn 0.781715 0.340821 0.522266
vn 0.909894 0.173378 0.376872
vn 0.868552 0.340875 0.359753
vn 0.922674 0.051283 0.382156
vn 0.830377 0.051393 0.554827
vn 0.739353 0.457474 0.494040
vn 0.821576 0.457434 0.340247
vn 0.965927 0.173372 0.192163
vn 0.922011 0.340951 0.183436
vn 0.984826 0.173547 0.000010
vn 0.940096 0.340909 -0.000019
vn 0.998688 0.051215 0.000048
vn 0.979493 0.051164 0.194872
vn 0.872161 0.457423 0.173493
vn 0.889248 0.457425 -0.000014
vn -0.001177 0.999981 -0.006035
vn -0.006928 0.999363 -0.035008
vn -0.012223 0.999487 -0.029613
vn -0.000993 0.999996 -0.002452
vn -0.000005 0.999996 -0.002659
vn -0.000012 0.999487 -0.032017
vn -0.003377 0.999981 -0.005096
vn -0.019819 0.999363 -0.029690
vn -0.022650 0.999488 -0.022601
vn -0.001854 0.999996 -0.001896
vn -0.005079 0.999981 -0.003449
vn -0.029623 0.999365 -0.019816
vn -0.029537 0.999488 -0.012297
vn -0.002432 0.999996 -0.001037
vn -0.006006 0.999981 -0.001171
vn -0.034978 0.999364 -0.006955
vn -0.132785 0.732610 -0.667571
vn -0.101042 0.855398 -0.508021
vn 0.000025 0.855373 -0.518012
vn 0.000028 0.732781 -0.680464
vn -0.260565 0.732420 -0.629020
vn -0.198152 0.855479 -0.478425
vn -0.307924 0.593851 -0.743319
vn -0.156982 0.593881 -0.789089
vn -0.000024 0.593918 -0.804526
vn -0.032133 0.986314 -0.161715
vn -0.000008 0.986179 -0.165685
vn -0.063351 0.986194 -0.153000
vn -0.378209 0.732422 -0.566142
vn -0.287657 0.855549 -0.430454
vn -0.481384 0.732496 -0.481371
vn -0.366226 0.855431 -0.366218
vn -0.568915 0.593851 -0.568926
vn -0.447068 0.593724 -0.669046
vn -0.091631 0.986304 -0.137144
vn -0.117165 0.986175 -0.117180
vn -0.566080 0.732476 -0.378197
vn -0.430755 0.855350 -0.287795
vn -0.628876 0.732556 -0.260533
vn -0.478713 0.855294 -0.198259
vn -0.743159 0.594108 -0.307815
vn -0.668856 0.594051 -0.446917
vn -0.137182 0.986296 -0.091662
vn -0.153187 0.986158 -0.063457
vn -0.667504 0.732662 -0.132832
vn -0.508040 0.855380 -0.101101
vn -0.789050 0.593946 -0.156931
vn -0.162013 0.986262 -0.032226
vn -0.192125 0.173615 -0.965891
vn -0.183304 0.341051 -0.922000
vn 0.000046 0.340894 -0.940102
vn -0.000011 0.173593 -0.984818
vn -0.376937 0.173686 -0.909808
vn -0.359800 0.340998 -0.868484
vn -0.382190 0.051376 -0.922655
vn -0.194826 0.051347 -0.979493
vn 0.000050 0.051385 -0.998679
vn -0.173505 0.457549 -0.872092
vn 0.000008 0.457436 -0.889242
vn -0.340262 0.457729 -0.821404
vn -0.547133 0.173687 -0.818827
vn -0.522333 0.340852 -0.781657
vn -0.696333 0.173723 -0.696377
vn -0.664777 0.340835 -0.664758
vn -0.706158 0.051344 -0.706190
vn -0.554870 0.051386 -0.830348
vn -0.494004 0.457534 -0.739340
vn -0.628794 0.457431 -0.628789
vn -0.818820 0.173834 -0.547097
vn -0.781741 0.340686 -0.522317
vn -0.909794 0.173827 -0.376908
vn -0.868571 0.340797 -0.359781
vn -0.922665 0.051283 -0.382177
vn -0.830349 0.051352 -0.554873
vn -0.739388 0.457420 -0.494036
vn -0.821536 0.457462 -0.340303
vn -0.965887 0.173648 -0.192118
vn -0.922052 0.340859 -0.183398
vn -0.979501 0.051231 -0.194818
vn -0.872187 0.457358 -0.173534
vn 0.001168 0.999981 -0.006025
vn 0.000998 0.999996 -0.002463
vn 0.006924 0.999364 -0.034981
vn 0.012258 0.999488 -0.029562
vn 0.003408 0.999981 -0.005129
vn 0.001868 0.999997 -0.001889
vn 0.019822 0.999364 -0.029635
vn 0.022642 0.999487 -0.022657
vn 0.005109 0.999981 -0.003409
vn 0.002443 0.999996 -0.001029
vn 0.029677 0.999362 -0.019858
vn 0.029585 0.999487 -0.012301
vn 0.005998 0.999981 -0.001217
vn 0.035009 0.999363 -0.006970
vn 0.132753 0.732813 -0.667354
vn 0.101043 0.855414 -0.507994
vn 0.156904 0.594075 -0.788959
vn 0.307834 0.594094 -0.743162
vn 0.260412 0.732716 -0.628739
vn 0.198146 0.855410 -0.478553
vn 0.032175 0.986292 -0.161843
vn 0.063396 0.986177 -0.153087
vn 0.378182 0.732580 -0.565955
vn 0.287692 0.855477 -0.430572
vn 0.446995 0.593883 -0.668953
vn 0.568864 0.593923 -0.568902
vn 0.481358 0.732561 -0.481300
vn 0.366194 0.855488 -0.366118
vn 0.091624 0.986312 -0.137092
vn 0.117125 0.986189 -0.117105
vn 0.566018 0.732529 -0.378186
vn 0.430469 0.855541 -0.287656
vn 0.668852 0.594015 -0.446971
vn 0.743272 0.593946 -0.307854
vn 0.628917 0.732517 -0.260542
vn 0.478305 0.855557 -0.198107
vn 0.137077 0.986313 -0.091628
vn 0.153046 0.986182 -0.063418
vn 0.667604 0.732580 -0.132787
vn 0.507783 0.855543 -0.101003
vn 0.789082 0.593892 -0.156980
vn 0.161897 0.986283 -0.032192
vn 0.192135 0.173563 -0.965899
vn 0.183375 0.340634 -0.922140
vn 0.194864 0.051369 -0.979484
vn 0.382148 0.051373 -0.922672
vn 0.376893 0.173649 -0.909834
vn 0.359842 0.340640 -0.868607
vn 0.173520 0.457382 -0.872177
vn 0.340310 0.457285 -0.821632
vn 0.547142 0.173820 -0.818794
vn 0.522339 0.340707 -0.781717
vn 0.554839 0.051324 -0.830373
vn 0.706177 0.051337 -0.706171
vn 0.696371 0.173792 -0.696321
vn 0.664780 0.340617 -0.664867
vn 0.494162 0.457204 -0.739438
vn 0.628845 0.457322 -0.628817
vn 0.818865 0.173509 -0.547133
vn 0.781782 0.340408 -0.522436
vn 0.830361 0.051388 -0.554851
vn 0.922647 0.051369 -0.382210
vn 0.909866 0.173506 -0.376880
vn 0.868647 0.340576 -0.359806
vn 0.739362 0.457454 -0.494045
vn 0.821528 0.457500 -0.340272
vn 0.965888 0.173628 -0.192131
vn 0.922106 0.340697 -0.183429
vn 0.979486 0.051296 -0.194873
vn 0.872197 0.457356 -0.173487
vn 0.555466 0.022781 -0.831227
vn 0.382604 0.022879 -0.923629
vn 0.554839 0.053526 -0.830234
vn 0.382167 0.053484 -0.922544
vn 0.706098 0.053501 -0.706090
vn 0.706917 0.022752 -0.706930
vn 0.831233 0.022814 -0.555456
vn 0.830262 0.053428 -0.554806
vn 0.922551 0.053478 -0.382152
vn 0.923632 0.022831 -0.382600
vn 0.195029 0.022857 -0.980531
vn 0.000011 0.022769 -0.999741
vn 0.194795 0.053394 -0.979390
vn 0.000036 0.053377 -0.998574
vn 0.980525 0.022777 -0.195066
vn 0.979383 0.053492 -0.194800
vn 0.998568 0.053493 0.000013
vn 0.999739 0.022866 0.000011
vn -0.195002 0.022740 -0.980539
vn -0.382586 0.022747 -0.923640
vn -0.194782 0.053349 -0.979395
vn -0.382162 0.053325 -0.922555
vn 0.980517 0.022947 0.195090
vn 0.979375 0.053526 0.194832
vn 0.922576 0.053472 0.382092
vn 0.923648 0.022911 0.382557
vn -0.555468 0.022732 -0.831227
vn -0.706913 0.022747 -0.706935
vn -0.554801 0.053416 -0.830266
vn -0.706059 0.053555 -0.706125
vn 0.831261 0.022866 0.555412
vn 0.830319 0.053352 0.554729
vn 0.706098 0.053327 0.706104
vn 0.706909 0.022857 0.706935
vn -0.831249 0.022771 -0.555434
vn -0.923647 0.022760 -0.382568
vn -0.830256 0.053560 -0.554803
vn -0.922555 0.053590 -0.382126
vn 0.555419 0.022885 0.831256
vn 0.554796 0.053313 0.830277
vn 0.382116 0.053480 0.922566
vn 0.382550 0.022920 0.923651
vn -0.980530 0.022778 -0.195044
vn -0.999739 0.022836 -0.000024
vn -0.979373 0.053546 -0.194835
vn -0.998566 0.053527 0.000007
vn 0.195058 0.022842 0.980526
vn 0.194801 0.053514 0.979382
vn 0.000057 0.053418 0.998572
vn 0.000018 0.022797 0.999740
vn -0.980533 0.022759 0.195033
vn -0.923633 0.022709 0.382605
vn -0.979379 0.053451 0.194835
vn -0.922551 0.053379 0.382166
vn -0.195031 0.022835 0.980531
vn -0.194792 0.053433 0.979388
vn -0.382132 0.053497 0.922558
vn -0.382571 0.022882 0.923643
vn -0.831254 0.022744 0.555427
vn -0.706931 0.022777 0.706915
vn -0.830297 0.053338 0.554763
vn -0.706142 0.053326 0.706060
vn -0.555428 0.022842 0.831251
vn -0.554810 0.053371 0.830264
vn -0.815013 0.197935 -0.544587
vn -0.693092 0.198024 -0.693116
vn -0.905591 0.198098 -0.375050
vn -0.814186 0.472602 -0.337265
vn -0.732841 0.472301 -0.489771
vn -0.623265 0.472372 -0.623221
vn -0.587876 0.707156 -0.392851
vn -0.499805 0.707349 -0.499852
vn -0.653234 0.707173 -0.270539
vn -0.435342 0.882024 -0.180309
vn -0.391859 0.881969 -0.261874
vn -0.333119 0.882067 -0.333151
vn -0.124059 0.988824 -0.082679
vn -0.105058 0.988926 -0.104828
vn -0.137451 0.988882 -0.056740
vn 0.814987 0.198052 0.544584
vn 0.693097 0.198121 0.693084
vn 0.905573 0.198087 0.375100
vn 0.814057 0.472841 0.337242
vn 0.732766 0.472549 0.489644
vn 0.623109 0.472697 0.623131
vn 0.588335 0.706623 0.393124
vn 0.500256 0.706867 0.500083
vn 0.653583 0.706765 0.270764
vn 0.435051 0.882189 0.180203
vn 0.391637 0.882125 0.261680
vn 0.333096 0.882093 0.333106
vn 0.132129 0.987200 0.089322
vn 0.105044 0.988926 0.104840
vn 0.137301 0.988907 0.056666
vn -0.961366 0.198025 -0.191211
vn -0.980205 0.197984 -0.000031
vn -0.881377 0.472414 0.000006
vn -0.864506 0.472328 -0.171861
vn -0.693634 0.706994 -0.137959
vn -0.707060 0.707154 -0.000045
vn -0.471096 0.882082 -0.000014
vn -0.462291 0.881953 -0.091906
vn -0.146685 0.988757 -0.029031
vn -0.148420 0.988924 0.000162
vn -0.961344 0.198069 0.191275
vn -0.905506 0.198383 0.375104
vn -0.814004 0.473016 0.337125
vn -0.864354 0.472609 0.171849
vn -0.693684 0.706933 0.138015
vn -0.653275 0.707111 0.270604
vn -0.435621 0.881867 0.180401
vn -0.462458 0.881855 0.092001
vn -0.146041 0.988845 0.029287
vn -0.137267 0.988890 0.057042
vn -0.544611 0.197940 0.814996
vn -0.693078 0.198250 0.693066
vn -0.375145 0.198004 0.905572
vn -0.337239 0.472755 0.814108
vn -0.489611 0.472650 0.732723
vn -0.622919 0.473065 0.623042
vn -0.393001 0.706909 0.588074
vn -0.500051 0.707011 0.500084
vn -0.270676 0.706918 0.653454
vn -0.180351 0.881964 0.435446
vn -0.261825 0.881988 0.391849
vn -0.333158 0.882049 0.333160
vn -0.088944 0.987303 0.131611
vn -0.104970 0.988897 0.105184
vn -0.056524 0.988968 0.136918
vn 0.544568 0.198010 -0.815008
vn 0.693126 0.198253 -0.693017
vn 0.375123 0.197814 -0.905622
vn 0.337210 0.472817 -0.814084
vn 0.489557 0.472828 -0.732644
vn 0.622913 0.473158 -0.622977
vn 0.392926 0.706998 -0.588016
vn 0.500167 0.706954 -0.500050
vn 0.270467 0.707322 -0.653102
vn 0.180431 0.881876 -0.435591
vn 0.262240 0.881638 -0.392358
vn 0.333632 0.881718 -0.333563
vn 0.082662 0.988832 -0.124013
vn 0.109206 0.988061 -0.108671
vn 0.056837 0.988868 -0.137510
vn 0.191174 0.197862 -0.961407
vn 0.000026 0.198163 -0.980169
vn -0.000017 0.472747 -0.881198
vn 0.171880 0.472672 -0.864314
vn 0.137983 0.707054 -0.693567
vn -0.000009 0.707018 -0.707195
vn -0.000007 0.882028 -0.471197
vn 0.091933 0.881881 -0.462421
vn 0.028793 0.988878 -0.145916
vn -0.000151 0.988903 -0.148566
vn -0.191206 0.197996 -0.961373
vn -0.375127 0.197988 -0.905583
vn -0.337230 0.472728 -0.814128
vn -0.171972 0.472542 -0.864366
vn -0.137958 0.706828 -0.693803
vn -0.270630 0.707060 -0.653319
vn -0.180399 0.881937 -0.435480
vn -0.091998 0.881856 -0.462458
vn -0.029229 0.988866 -0.145908
vn -0.057045 0.988891 -0.137264
vn 0.123954 0.988805 -0.083067
vn 0.137393 0.988867 -0.057138
vn 0.435513 0.881923 -0.180389
vn 0.392307 0.881688 -0.262146
vn 0.588209 0.706786 -0.393018
vn 0.653465 0.706898 -0.270702
vn 0.814157 0.472714 -0.337178
vn 0.732583 0.472962 -0.489519
vn 0.814979 0.198128 -0.544569
vn 0.905537 0.198148 -0.375153
vn 0.146456 0.988783 -0.029318
vn 0.148820 0.988864 -0.000203
vn 0.471135 0.882061 0.000011
vn 0.462325 0.881935 -0.091906
vn 0.693949 0.706671 -0.138024
vn 0.707369 0.706844 -0.000003
vn 0.881219 0.472708 -0.000016
vn 0.864460 0.472386 -0.171934
vn 0.961360 0.198040 -0.191223
vn 0.980222 0.197900 -0.000008
vn 0.146340 0.988811 0.028937
vn 0.462181 0.882011 0.091900
vn 0.693958 0.706654 0.138063
vn 0.864295 0.472701 0.171896
vn 0.961398 0.197847 0.191233
vn -0.082845 0.988870 -0.123588
vn -0.261934 0.881883 -0.392012
vn -0.392987 0.707029 -0.587939
vn -0.489650 0.472435 -0.732835
vn -0.544612 0.198004 -0.814980
vn 0.084596 0.988305 0.126873
vn 0.056989 0.988913 0.137123
vn 0.180473 0.881792 0.435744
vn 0.262094 0.881747 0.392211
vn 0.393085 0.706738 0.588222
vn 0.270668 0.706793 0.653593
vn 0.337259 0.472926 0.814000
vn 0.489589 0.472828 0.732623
vn 0.544597 0.198042 0.814981
vn 0.375071 0.198054 0.905592
vn 0.029232 0.988831 0.146148
vn 0.000235 0.988916 0.148474
vn 0.000026 0.881844 0.471542
vn 0.092048 0.881691 0.462762
vn 0.138011 0.706707 0.693915
vn -0.000015 0.706970 0.707244
vn 0.000047 0.472781 0.881180
vn 0.171909 0.472627 0.864333
vn 0.191182 0.197895 0.961399
vn -0.000009 0.197891 0.980224
vn -0.028759 0.988910 0.145705
vn -0.092027 0.881796 0.462565
vn -0.138007 0.706682 0.693942
vn -0.171852 0.472647 0.864333
vn -0.191197 0.197905 0.961393
vn -0.125705 0.988513 0.083901
vn -0.392134 0.881812 0.261988
vn -0.588051 0.706949 0.392961
vn -0.732588 0.473023 0.489452
vn -0.814947 0.198359 0.544532
vn 0.000000 0.436998 -0.899462
vn 0.000000 0.464459 -0.885595
vn 0.000000 0.464459 -0.885595
vn 0.000000 0.436998 -0.899462
vn 0.000000 0.891475 0.453071
vn 0.000000 0.891475 0.453071
vn 0.000000 0.891475 0.453071
vn 0.000000 0.891475 0.453071
vn -0.000001 -0.000007 -1.000000
vn -0.000001 -0.000007 -1.000000
vn 0.000000 0.988544 -0.150934
vn 0.000000 0.988544 -0.150934
vn 0.000000 0.988544 -0.150934
vn 0.000000 0.988544 -0.150934
vn -0.026711 0.999285 0.026778
vn 0.000935 0.999999 -0.000930
vn 0.000000 0.821177 0.570674
vn 0.000000 0.821177 0.570674
vn 0.000000 0.189866 0.981810
vn 0.000000 0.189866 0.981810
vn 0.000000 0.000047 1.000000
vn 0.000000 0.000047 1.000000
vn -0.000406 0.999980 -0.006306
vn 0.000000 0.877241 -0.480051
vn 0.000000 0.877241 -0.480051
vn -0.999988 -0.003159 0.003662
vn -0.999923 -0.008091 0.009442
vn -0.994112 0.108292 0.003648
vn -0.998379 0.056883 0.002028
vn 0.512275 0.858822 0.000000
vn 0.006427 0.999979 0.000400
vn 0.512275 0.858822 0.000000
vn 0.888108 0.459634 0.000000
vn 0.888108 0.459634 0.000000
vn 0.019809 0.016977 0.999660
vn 0.007724 0.006628 0.999948
vn 0.012408 0.067402 0.997649
vn 0.022503 0.117414 0.992828
vn -0.122017 0.992522 -0.003527
vn 0.003216 0.999994 0.000970
vn 0.000003 1.000000 -0.000003
vn 0.060418 0.998006 0.018250
vn 0.014428 0.999895 0.001448
vn 0.032964 0.999456 0.000690
vn 0.009608 0.999953 -0.000924
vn 0.004951 0.999988 -0.000491
vn -0.000927 0.999955 -0.009416
vn 0.000084 0.999993 -0.003839
vn -0.001466 0.999890 -0.014768
vn -0.017113 0.998249 -0.056615
vn 0.000005 1.000000 0.000010
vn 0.002199 0.999998 -0.000218
vn 0.029254 0.999533 -0.008821
vn 0.012026 0.999917 -0.004690
vn 0.005978 0.999977 -0.003194
vn 0.006904 0.999969 -0.003700
vn 0.009026 0.999932 -0.007385
vn 0.009944 0.999905 -0.009523
vn 0.001824 0.999996 -0.002216
vn 0.007942 0.999921 -0.009711
vn 0.003524 0.999972 -0.006549
vn 0.011004 0.999625 -0.025089
vn 0.000821 0.999996 -0.002683
vn 0.009640 0.999444 -0.031910
vn 0.001259 0.999920 -0.012592
vn -0.571454 0.820634 0.000000
vn -0.981900 0.189399 0.000000
vn -0.981900 0.189399 0.000000
vn -0.571454 0.820634 0.000000
vn -0.000003 0.000008 -1.000000
vn -0.000010 0.000008 -1.000000
vn -0.000009 0.000007 -1.000000
vn -0.000003 0.000011 -1.000000
vn -0.000003 0.000003 -1.000000
vn -0.000004 0.000011 -1.000000
vn -1.000000 -0.000015 0.000000
vn -1.000000 -0.000015 0.000000
vn 1.000000 0.000004 -0.000007
vn 1.000000 0.000004 -0.000001
vn 1.000000 0.000003 -0.000000
vn 1.000000 0.000003 -0.000008
vn 1.000000 -0.000003 -0.000002
vn 1.000000 0.000000 -0.000003
vn 1.000000 -0.000007 0.000011
vn 1.000000 -0.000004 0.000011
vn 0.000003 0.956466 -0.291843
vn 0.003498 0.999972 0.006565
vn 0.000751 0.999999 0.001436
vn -0.092601 0.962263 -0.255882
vn 0.002750 0.999983 0.005087
vn 0.005256 0.999966 0.006391
vn -0.006379 0.999949 0.007836
vn -0.001050 0.999999 0.001256
vn -0.000001 0.980660 -0.195721
vn 0.000020 1.000000 0.000003
vn 0.180155 0.983638 0.000014
vn 0.148541 0.977404 -0.150391
vn -0.045771 0.997985 0.043934
vn -0.000032 1.000000 0.000026
vn -0.002550 0.999992 0.003085
vn -0.058546 0.997132 0.047950
vn -0.001912 0.999998 0.001041
vn 0.256744 0.966480 -0.000003
vn -0.023611 0.999641 0.012636
vn -0.066737 0.997132 0.035703
vn -0.033436 0.999356 0.013039
vn -0.010893 0.999940 0.001128
vn -0.072628 0.997117 0.021973
vn -0.070302 0.997503 0.006741
vn -0.003733 0.999993 -0.000392
vn -0.005956 0.999982 0.000609
vn -0.011069 0.999724 -0.020707
vn 0.000012 1.000000 0.000001
vn 0.005329 0.992902 0.118820
vn -0.006471 0.999948 -0.007915
vn -0.011950 0.999822 -0.014573
vn -0.001179 0.999997 -0.002207
vn -0.011809 0.999476 -0.030150
vn -0.032826 0.999357 -0.014412
vn -0.000023 1.000000 -0.000012
vn 0.278359 0.955124 0.101263
vn -0.001894 0.999998 -0.000586
vn -0.020256 0.999776 -0.006094
vn -0.007679 0.999970 -0.000776
vn -0.039979 0.998608 -0.034421
vn -0.000883 0.999999 -0.000692
vn -0.006764 0.999962 -0.005493
vn -0.007414 0.999965 -0.003955
vn 0.000001 0.113417 -0.993547
vn -0.000017 0.085594 -0.996330
vn -0.000000 0.077067 -0.997026
vn -0.000005 0.048491 -0.998824
vn 0.000002 0.000015 1.000000
vn 0.001698 0.038863 0.999243
vn -0.999255 0.038568 -0.001714
vn -1.000000 -0.000009 -0.000031
vn 0.997126 0.075762 -0.000004
vn 0.998843 0.048087 -0.000005
vn 0.993573 0.113192 0.000006
vn 0.996359 0.085260 0.000014
vn 0.150815 0.988562 0.000000
vn 0.150815 0.988562 0.000000
vn 0.150815 0.988562 0.000000
vn 0.150815 0.988562 0.000000
vn 0.788359 0.615215 0.000026
vn 0.711813 0.702369 0.000015
vn 0.709836 0.704367 -0.000005
vn 0.020113 0.681380 0.731653
vn 0.020394 0.805981 0.591590
vn -0.582704 0.812500 -0.017304
vn -0.420454 0.907224 -0.012788
vn 0.023402 0.898977 0.437370
vn -0.000016 0.615710 -0.787973
vn 0.000010 0.702445 -0.711738
vn 0.000003 0.705180 -0.709029
vn -0.000016 0.620660 -0.784080
vn -0.732191 0.680803 -0.020080
vn 0.784443 0.620201 -0.000012
vn 0.000000 1.000000 0.000000
vn 0.000000 1.000000 0.000000
vn 0.000000 1.000000 0.000000
vn 0.000000 1.000000 0.000000
vn 0.899450 0.437024 0.000000
vn 0.899450 0.437024 0.000000
vn -0.453132 0.891443 0.000000
vn -0.453132 0.891444 0.000000
vn -0.453132 0.891444 0.000000
vn -0.453132 0.891443 0.000000
vn 0.001177 0.999981 0.006030
vn 0.001030 0.999997 0.002434
vn 0.000001 1.000000 -0.000002
vn 0.000004 0.999996 0.002653
vn 0.006979 0.999363 0.035006
vn 0.000004 0.999487 0.032025
vn 0.012260 0.999487 0.029584
vn 0.003464 0.999981 0.005067
vn 0.001885 0.999996 0.001878
vn 0.019809 0.999365 0.029620
vn 0.022604 0.999488 0.022640
vn 0.005046 0.999981 0.003452
vn 0.002419 0.999997 0.001041
vn 0.029665 0.999363 0.019851
vn 0.029611 0.999486 0.012267
vn 0.006007 0.999981 0.001210
vn 0.002639 0.999997 0.000030
vn 0.035008 0.999363 0.006983
vn 0.032021 0.999487 0.000023
vn 0.132748 0.732485 0.667716
vn 0.101062 0.855437 0.507951
vn -0.000002 0.855391 0.517982
vn 0.000009 0.732433 0.680839
vn 0.156921 0.593799 0.789163
vn 0.000017 0.593801 0.804612
vn 0.307920 0.593842 0.743329
vn 0.260452 0.732652 0.628797
vn 0.198196 0.855440 0.478479
vn 0.032205 0.986296 0.161813
vn 0.000011 0.986175 0.165706
vn 0.063391 0.986176 0.153096
vn 0.378220 0.732582 0.565928
vn 0.287748 0.855427 0.430635
vn 0.447053 0.593845 0.668948
vn 0.568842 0.593967 0.568878
vn 0.481393 0.732512 0.481339
vn 0.366390 0.855301 0.366358
vn 0.091625 0.986302 0.137159
vn 0.117160 0.986179 0.117151
vn 0.566003 0.732542 0.378185
vn 0.430794 0.855309 0.287861
vn 0.668817 0.594064 0.446959
vn 0.743192 0.594083 0.307784
vn 0.628979 0.732465 0.260539
vn 0.478626 0.855333 0.198302
vn 0.137143 0.986304 0.091634
vn 0.152989 0.986193 0.063385
vn 0.667748 0.732431 0.132882
vn 0.508021 0.855395 0.101066
vn 0.788978 0.594032 0.156970
vn 0.804498 0.593956 0.000035
vn 0.680686 0.732575 0.000037
vn 0.517943 0.855415 -0.000030
vn 0.161759 0.986305 0.032190
vn 0.165828 0.986155 0.000010
vn 0.192122 0.173523 0.965908
vn 0.183458 0.340976 0.921997
vn 0.000018 0.341200 0.939991
vn -0.000004 0.173643 0.984809
vn 0.194872 0.051286 0.979487
vn -0.000032 0.051206 0.998688
vn 0.382168 0.051301 0.922668
vn 0.376933 0.173509 0.909844
vn 0.359770 0.340794 0.868576
vn 0.173427 0.457765 0.871994
vn -0.000034 0.457704 0.889105
vn 0.340307 0.457556 0.821483
vn 0.547145 0.173554 0.818848
vn 0.522260 0.340928 0.781673
vn 0.554820 0.051259 0.830390
vn 0.706189 0.051307 0.706162
vn 0.696419 0.173565 0.696330
vn 0.664710 0.341023 0.664729
vn 0.494057 0.457536 0.739303
vn 0.628726 0.457632 0.628710
vn 0.818886 0.173511 0.547101
vn 0.781709 0.340729 0.522335
vn 0.830359 0.051376 0.554855
vn 0.922634 0.051389 0.382237
vn 0.909835 0.173636 0.376896
vn 0.868593 0.340727 0.359794
vn 0.739376 0.457465 0.494013
vn 0.821510 0.457509 0.340303
vn 0.965890 0.173686 0.192068
vn 0.922098 0.340733 0.183404
vn 0.979498 0.051308 0.194810
vn 0.998684 0.051281 0.000019
vn 0.984814 0.173615 -0.000029
vn 0.940129 0.340820 -0.000010
vn 0.872163 0.457422 0.173484
vn 0.889298 0.457328 -0.000013
vn -0.001168 0.999981 0.006024
vn -0.001017 0.999997 0.002446
vn -0.012253 0.999488 0.029569
vn -0.006974 0.999363 0.034991
vn -0.003462 0.999981 0.005062
vn -0.001878 0.999996 0.001902
vn -0.022611 0.999488 0.022659
vn -0.019837 0.999365 0.029607
vn -0.005059 0.999981 0.003474
vn -0.002435 0.999996 0.001031
vn -0.029584 0.999488 0.012212
vn -0.029606 0.999364 0.019857
vn -0.006048 0.999981 0.001196
vn -0.002647 0.999997 -0.000017
vn -0.032035 0.999487 0.000041
vn -0.034987 0.999364 0.006951
vn -0.132758 0.732575 0.667614
vn -0.101023 0.855465 0.507911
vn -0.260538 0.732601 0.628821
vn -0.198228 0.855405 0.478527
vn -0.307901 0.593867 0.743316
vn -0.156995 0.593708 0.789217
vn -0.032197 0.986295 0.161819
vn -0.063421 0.986169 0.153126
vn -0.378186 0.732572 0.565962
vn -0.287879 0.855313 0.430774
vn -0.481336 0.732554 0.481332
vn -0.366358 0.855294 0.366408
vn -0.568793 0.594076 0.568813
vn -0.446892 0.594087 0.668841
vn -0.091719 0.986285 0.137223
vn -0.117150 0.986178 0.117171
vn -0.566002 0.732544 0.378182
vn -0.430762 0.855330 0.287844
vn -0.628812 0.732635 0.260462
vn -0.478671 0.855319 0.198249
vn -0.743271 0.593926 0.307896
vn -0.668932 0.593924 0.446972
vn -0.137166 0.986295 0.091696
vn -0.153154 0.986167 0.063393
vn -0.667482 0.732693 0.132773
vn -0.508008 0.855404 0.101057
vn -0.680566 0.732687 -0.000012
vn -0.517865 0.855462 0.000011
vn -0.804477 0.593984 0.000057
vn -0.789027 0.593957 0.157005
vn -0.161837 0.986293 0.032173
vn -0.165753 0.986167 0.000022
vn -0.192214 0.173630 0.965871
vn -0.183455 0.341060 0.921967
vn -0.376910 0.173554 0.909845
vn -0.359759 0.340790 0.868583
vn -0.382160 0.051354 0.922668
vn -0.194894 0.051201 0.979487
vn -0.173472 0.457405 0.872175
vn -0.340277 0.457469 0.821543
vn -0.547114 0.173462 0.818888
vn -0.522344 0.340622 0.781751
vn -0.696408 0.173409 0.696380
vn -0.664725 0.340804 0.664826
vn -0.706167 0.051437 0.706175
vn -0.554844 0.051446 0.830362
vn -0.494002 0.457571 0.739318
vn -0.628749 0.457606 0.628706
vn -0.818886 0.173400 0.547136
vn -0.781715 0.340824 0.522265
vn -0.909895 0.173374 0.376872
vn -0.868552 0.340875 0.359754
vn -0.922673 0.051287 0.382156
vn -0.830377 0.051395 0.554827
vn -0.739350 0.457479 0.494039
vn -0.821570 0.457445 0.340244
vn -0.965928 0.173369 0.192164
vn -0.922012 0.340948 0.183436
vn -0.984826 0.173543 0.000010
vn -0.940099 0.340902 -0.000019
vn -0.998688 0.051216 0.000048
vn -0.979493 0.051165 0.194872
vn -0.872160 0.457425 0.173492
vn -0.889251 0.457421 -0.000014
vn 0.001177 0.999981 -0.006035
vn 0.000993 0.999996 -0.002452
vn 0.012223 0.999487 -0.029613
vn 0.006928 0.999363 -0.035008
vn 0.000005 0.999996 -0.002659
vn 0.000012 0.999487 -0.032017
vn 0.003377 0.999981 -0.005096
vn 0.001854 0.999997 -0.001896
vn 0.022650 0.999488 -0.022601
vn 0.019819 0.999363 -0.029690
vn 0.005079 0.999981 -0.003449
vn 0.002432 0.999996 -0.001037
vn 0.029537 0.999488 -0.012297
vn 0.029623 0.999365 -0.019816
vn 0.006006 0.999981 -0.001171
vn 0.034978 0.999364 -0.006955
vn 0.132784 0.732610 -0.667571
vn -0.000029 0.732781 -0.680464
vn -0.000025 0.855373 -0.518012
vn 0.101041 0.855398 -0.508021
vn 0.260565 0.732421 -0.629020
vn 0.198151 0.855480 -0.478424
vn 0.307924 0.593851 -0.743320
vn 0.156981 0.593882 -0.789089
vn 0.000025 0.593919 -0.804525
vn 0.032133 0.986314 -0.161715
vn 0.000009 0.986179 -0.165685
vn 0.063351 0.986194 -0.153000
vn 0.378208 0.732423 -0.566141
vn 0.287656 0.855549 -0.430452
vn 0.481382 0.732498 -0.481370
vn 0.366225 0.855432 -0.366218
vn 0.568914 0.593852 -0.568926
vn 0.447067 0.593725 -0.669046
vn 0.091630 0.986304 -0.137144
vn 0.117165 0.986175 -0.117180
vn 0.566080 0.732476 -0.378197
vn 0.430755 0.855350 -0.287796
vn 0.628879 0.732553 -0.260534
vn 0.478716 0.855292 -0.198261
vn 0.743160 0.594107 -0.307815
vn 0.668858 0.594049 -0.446918
vn 0.137182 0.986296 -0.091662
vn 0.153187 0.986158 -0.063457
vn 0.667506 0.732661 -0.132833
vn 0.508041 0.855379 -0.101102
vn 0.789051 0.593946 -0.156931
vn 0.162013 0.986262 -0.032226
vn 0.192125 0.173614 -0.965891
vn 0.000011 0.173592 -0.984818
vn -0.000045 0.340893 -0.940102
vn 0.183304 0.341051 -0.922000
vn 0.376937 0.173685 -0.909809
vn 0.359799 0.340998 -0.868484
vn 0.382190 0.051376 -0.922655
vn 0.194826 0.051346 -0.979493
vn -0.000050 0.051385 -0.998679
vn 0.173505 0.457550 -0.872092
vn -0.000007 0.457437 -0.889242
vn 0.340262 0.457731 -0.821404
vn 0.547133 0.173687 -0.818828
vn 0.522332 0.340856 -0.781657
vn 0.696333 0.173724 -0.696376
vn 0.664776 0.340840 -0.664756
vn 0.706158 0.051343 -0.706190
vn 0.554870 0.051385 -0.830349
vn 0.494002 0.457537 -0.739339
vn 0.628793 0.457433 -0.628788
vn 0.818821 0.173830 -0.547097
vn 0.781742 0.340680 -0.522318
vn 0.909795 0.173821 -0.376908
vn 0.868573 0.340790 -0.359783
vn 0.922665 0.051280 -0.382177
vn 0.830349 0.051350 -0.554873
vn 0.739390 0.457416 -0.494037
vn 0.821537 0.457460 -0.340304
vn 0.965888 0.173642 -0.192118
vn 0.922053 0.340857 -0.183398
vn 0.979501 0.051229 -0.194818
vn 0.872187 0.457358 -0.173533
vn -0.001168 0.999981 -0.006025
vn -0.000998 0.999996 -0.002463
vn -0.006924 0.999364 -0.034981
vn -0.012258 0.999488 -0.029562
vn -0.003408 0.999981 -0.005129
vn -0.001868 0.999996 -0.001889
vn -0.019823 0.999364 -0.029635
vn -0.022642 0.999487 -0.022657
vn -0.005109 0.999981 -0.003409
vn -0.002443 0.999997 -0.001029
vn -0.029677 0.999362 -0.019858
vn -0.029585 0.999487 -0.012301
vn -0.005998 0.999981 -0.001217
vn -0.035009 0.999363 -0.006971
vn -0.132753 0.732813 -0.667354
vn -0.101043 0.855414 -0.507994
vn -0.156903 0.594075 -0.788959
vn -0.307833 0.594093 -0.743164
vn -0.260412 0.732716 -0.628740
vn -0.198146 0.855410 -0.478553
vn -0.032175 0.986292 -0.161843
vn -0.063396 0.986177 -0.153087
vn -0.378182 0.732579 -0.565956
vn -0.287691 0.855477 -0.430572
vn -0.446995 0.593881 -0.668955
vn -0.568866 0.593920 -0.568903
vn -0.481358 0.732561 -0.481300
vn -0.366192 0.855489 -0.366117
vn -0.091624 0.986312 -0.137092
vn -0.117125 0.986189 -0.117104
vn -0.566015 0.732532 -0.378185
vn -0.430468 0.855542 -0.287656
vn -0.668851 0.594015 -0.446972
vn -0.743273 0.593946 -0.307854
vn -0.628918 0.732516 -0.260542
vn -0.478309 0.855555 -0.198108
vn -0.137077 0.986314 -0.091628
vn -0.153047 0.986182 -0.063418
vn -0.667607 0.732576 -0.132788
vn -0.507789 0.855540 -0.101004
vn -0.789083 0.593889 -0.156981
vn -0.161897 0.986282 -0.032192
vn -0.192136 0.173562 -0.965899
vn -0.183374 0.340632 -0.922141
vn -0.194865 0.051369 -0.979484
vn -0.382148 0.051373 -0.922672
vn -0.376894 0.173648 -0.909834
vn -0.359842 0.340638 -0.868608
vn -0.173519 0.457382 -0.872177
vn -0.340310 0.457284 -0.821633
vn -0.547142 0.173820 -0.818794
vn -0.522339 0.340708 -0.781716
vn -0.554839 0.051322 -0.830373
vn -0.706177 0.051337 -0.706171
vn -0.696370 0.173798 -0.696321
vn -0.664779 0.340624 -0.664864
vn -0.494162 0.457204 -0.739437
vn -0.628845 0.457323 -0.628816
vn -0.818864 0.173515 -0.547133
vn -0.781780 0.340413 -0.522435
vn -0.830361 0.051387 -0.554851
vn -0.922647 0.051370 -0.382210
vn -0.909865 0.173511 -0.376881
vn -0.868648 0.340573 -0.359806
vn -0.739363 0.457451 -0.494046
vn -0.821531 0.457494 -0.340273
vn -0.965888 0.173630 -0.192130
vn -0.922108 0.340693 -0.183429
vn -0.979486 0.051300 -0.194872
vn -0.872200 0.457351 -0.173487
vn -0.555467 0.022781 -0.831227
vn -0.382605 0.022879 -0.923629
vn -0.554840 0.053528 -0.830234
vn -0.382168 0.053485 -0.922544
vn -0.706097 0.053505 -0.706091
vn -0.706918 0.022750 -0.706930
vn -0.831233 0.022811 -0.555456
vn -0.830262 0.053433 -0.554806
vn -0.922551 0.053480 -0.382152
vn -0.923632 0.022831 -0.382600
vn -0.195029 0.022857 -0.980531
vn -0.000010 0.022769 -0.999741
vn -0.194795 0.053395 -0.979390
vn -0.000036 0.053377 -0.998574
vn -0.980526 0.022777 -0.195066
vn -0.979383 0.053491 -0.194800
vn -0.998568 0.053488 0.000013
vn -0.999739 0.022863 0.000011
vn 0.195003 0.022740 -0.980539
vn 0.382586 0.022747 -0.923640
vn 0.194782 0.053349 -0.979395
vn 0.382163 0.053326 -0.922555
vn -0.980517 0.022948 0.195090
vn -0.979375 0.053526 0.194832
vn -0.922576 0.053473 0.382093
vn -0.923648 0.022913 0.382558
vn 0.555468 0.022732 -0.831227
vn 0.706913 0.022745 -0.706935
vn 0.554802 0.053415 -0.830266
vn 0.706059 0.053552 -0.706125
vn -0.831261 0.022868 0.555412
vn -0.830319 0.053351 0.554729
vn -0.706910 0.022859 0.706934
vn 0.831249 0.022770 -0.555434
vn 0.923647 0.022760 -0.382568
vn 0.830256 0.053560 -0.554803
vn 0.922555 0.053591 -0.382126
vn -0.555419 0.022885 0.831256
vn -0.382549 0.022919 0.923651
vn 0.980530 0.022780 -0.195044
vn 0.999739 0.022839 -0.000024
vn 0.979373 0.053548 -0.194835
vn 0.998566 0.053532 0.000007
vn -0.195057 0.022842 0.980526
vn -0.000017 0.022797 0.999740
vn 0.980533 0.022760 0.195033
vn 0.923633 0.022709 0.382605
vn 0.979378 0.053456 0.194836
vn 0.195031 0.022836 0.980531
vn 0.382571 0.022883 0.923643
vn 0.831254 0.022744 0.555427
vn 0.706931 0.022778 0.706915
vn 0.555428 0.022843 0.831251
vn 0.554810 0.053374 0.830264
vn 0.815013 0.197936 -0.544588
vn 0.693093 0.198022 -0.693116
vn 0.905591 0.198098 -0.375050
vn 0.814188 0.472599 -0.337265
vn 0.732841 0.472301 -0.489771
vn 0.623265 0.472372 -0.623222
vn 0.587878 0.707154 -0.392852
vn 0.499806 0.707348 -0.499853
vn 0.653237 0.707169 -0.270541
vn 0.435344 0.882023 -0.180310
vn 0.391861 0.881967 -0.261876
vn 0.333120 0.882066 -0.333152
vn 0.124058 0.988824 -0.082679
vn 0.105058 0.988926 -0.104828
vn 0.137451 0.988882 -0.056740
vn -0.814987 0.198054 0.544583
vn -0.905572 0.198087 0.375100
vn -0.814058 0.472841 0.337242
vn -0.732761 0.472561 0.489641
vn -0.588330 0.706628 0.393122
vn -0.653583 0.706765 0.270764
vn -0.435050 0.882190 0.180202
vn -0.391635 0.882126 0.261678
vn -0.132129 0.987200 0.089322
vn -0.137301 0.988907 0.056666
vn 0.961368 0.198017 -0.191211
vn 0.980206 0.197978 -0.000031
vn 0.881388 0.472392 0.000005
vn 0.864517 0.472307 -0.171862
vn 0.693647 0.706981 -0.137960
vn 0.707072 0.707142 -0.000046
vn 0.471096 0.882082 -0.000014
vn 0.462291 0.881952 -0.091906
vn 0.146685 0.988757 -0.029032
vn 0.148420 0.988925 0.000162
vn 0.961344 0.198070 0.191274
vn 0.864357 0.472604 0.171850
vn 0.693690 0.706927 0.138017
vn 0.462461 0.881853 0.092001
vn 0.146041 0.988845 0.029287
vn 0.544610 0.197945 0.814996
vn 0.489610 0.472654 0.732721
vn 0.393000 0.706909 0.588074
vn 0.261824 0.881988 0.391848
vn 0.088944 0.987303 0.131611
vn -0.544568 0.198013 -0.815007
vn -0.693124 0.198264 -0.693015
vn -0.375124 0.197816 -0.905622
vn -0.337210 0.472819 -0.814084
vn -0.489556 0.472829 -0.732644
vn -0.622912 0.473161 -0.622976
vn -0.392924 0.707002 -0.588014
vn -0.500166 0.706956 -0.500048
vn -0.270466 0.707324 -0.653101
vn -0.180429 0.881877 -0.435591
vn -0.262236 0.881642 -0.392353
vn -0.333629 0.881720 -0.333559
vn -0.082661 0.988832 -0.124011
vn -0.109205 0.988061 -0.108669
vn -0.056837 0.988868 -0.137510
vn -0.191174 0.197863 -0.961407
vn -0.000026 0.198163 -0.980169
vn 0.000017 0.472747 -0.881198
vn -0.171880 0.472673 -0.864313
vn -0.137983 0.707054 -0.693568
vn 0.000009 0.707018 -0.707195
vn 0.000007 0.882028 -0.471197
vn -0.091933 0.881880 -0.462424
vn -0.028793 0.988878 -0.145917
vn 0.000151 0.988903 -0.148566
vn 0.191206 0.197995 -0.961373
vn 0.375127 0.197988 -0.905583
vn 0.337231 0.472730 -0.814126
vn 0.171972 0.472542 -0.864367
vn 0.137959 0.706828 -0.693803
vn 0.270630 0.707061 -0.653318
vn 0.180399 0.881936 -0.435482
vn 0.091998 0.881855 -0.462459
vn 0.029229 0.988866 -0.145909
vn 0.057045 0.988891 -0.137264
vn -0.123955 0.988805 -0.083068
vn -0.137393 0.988867 -0.057138
vn -0.435513 0.881923 -0.180390
vn -0.392310 0.881687 -0.262148
vn -0.588211 0.706784 -0.393020
vn -0.653468 0.706894 -0.270705
vn -0.814157 0.472714 -0.337178
vn -0.732582 0.472965 -0.489518
vn -0.814977 0.198141 -0.544567
vn -0.905536 0.198156 -0.375152
vn -0.146455 0.988783 -0.029318
vn -0.148820 0.988864 -0.000203
vn -0.471133 0.882062 0.000011
vn -0.462322 0.881937 -0.091904
vn -0.693950 0.706670 -0.138024
vn -0.707370 0.706844 -0.000003
vn -0.881219 0.472708 -0.000016
vn -0.864459 0.472388 -0.171933
vn -0.961359 0.198046 -0.191222
vn -0.980222 0.197900 -0.000008
vn -0.146340 0.988811 0.028937
vn -0.462181 0.882011 0.091901
vn -0.693964 0.706649 0.138064
vn -0.864299 0.472693 0.171897
vn -0.961399 0.197844 0.191233
vn 0.082845 0.988869 -0.123588
vn 0.261934 0.881883 -0.392012
vn 0.392985 0.707031 -0.587938
vn 0.489649 0.472439 -0.732833
vn 0.544611 0.198004 -0.814980
s 1
g table_temp1:Group14468
usemtl initialShadingGroup
f 2696/1205/1 2697/1206/2 2633/1207/3
f 2633/1207/3 2697/1206/2 2693/1209/4
f 2697/1206/2 2695/1212/5 2693/1209/4
f 2500/2490/6 2188/2491/7 2622/2492/8 2631/2493/9
f 2190/2496/10 2500/2490/6 2631/2493/9 2630/2497/11
f 2630/2497/11 2631/2493/9 2628/1236/12 2225/1227/13
f 2631/2493/9 2622/2492/8 2223/1246/14 2628/1236/12
f 2628/1236/12 2223/1246/14 2619/1238/15 2629/1228/16
f 2225/1227/13 2628/1236/12 2629/1228/16 2627/1221/17
f 2627/1221/17 2629/1228/16 2625/3101/18 2224/3098/19
f 2629/1228/16 2619/1238/15 2222/1230/20 2625/3101/18
f 2625/1222/18 2222/3095/20 2616/1231/21 2626/1219/22
f 2224/1216/19 2625/1222/18 2626/1219/22 2624/1210/23
f 2624/1210/23 2626/1219/22 2656/1214/24
f 14/1/25 12/3116/26 32/3117/27 33/4/28
f 2510/11/29 2193/16/30 2554/17/31 2641/12/32
f 2191/10/33 2510/11/29 2641/12/32 2544/13/34
f 13/3115/35 15/2520/36 35/1460/37 34/3114/38
f 2544/13/34 2641/12/32 2639/18/39 2204/19/40
f 621/1590/41 629/1536/42 24/2828/43
f 623/1654/44 621/1590/41 24/2828/43
f 622/1652/45 623/1654/44 24/2828/43
f 625/1589/46 622/1652/45 24/2828/43
f 624/1535/47 625/1589/46 24/2828/43
f 636/1488/48 624/1535/47 24/2828/43
f 8/2822/49 636/1488/48 24/2828/43
f 637/1534/50 636/1488/48 8/2822/49
f 632/1588/51 637/1534/50 8/2822/49
f 634/1547/52 632/1588/51 8/2822/49
f 633/1496/53 634/1547/52 8/2822/49
f 635/1440/54 633/1496/53 8/2822/49
f 667/1417/55 668/1380/56 9/1354/57
f 643/1468/58 667/1417/55 9/1354/57
f 644/1519/59 643/1468/58 9/1354/57
f 645/1565/60 644/1519/59 9/1354/57
f 617/1402/61 8/2822/49 3/2846/62
f 618/1441/63 617/1402/61 3/2846/62
f 620/1498/64 618/1441/63 3/2846/62
f 619/1549/65 620/1498/64 3/2846/62
f 679/1605/66 619/1549/65 3/2846/62
f 680/1671/67 679/1605/66 3/2846/62
f 677/1727/68 680/1671/67 3/2846/62
f 678/1743/69 677/1727/68 3/2846/62
f 646/1700/70 678/1743/69 3/2846/62
f 647/1639/71 646/1700/70 3/2846/62
f 661/1576/72 647/1639/71 3/2846/62
f 660/1521/73 661/1576/72 3/2846/62
f 658/1470/74 660/1521/73 3/2846/62
f 659/1418/75 658/1470/74 3/2846/62
f 668/1380/56 659/1418/75 3/2846/62
f 9/1354/57 668/1380/56 3/2846/62
f 635/1440/54 8/2822/49 617/1402/61
f 2641/12/32 2554/17/31 2207/28/76 2639/18/39
f 18/2522/77 19/158/78 2/159/79 6/2523/80
f 20/2525/81 18/2522/77 6/2523/80 7/2526/82
f 16/2528/83 20/2525/81 7/2526/82 4/2529/84
f 2639/18/39 2207/28/76 2558/41/85 2640/29/86
f 21/143/87 17/144/88 5/145/89 10/146/90
f 22/151/91 21/143/87 10/146/90 11/152/92
f 19/2797/93 22/151/91 11/152/92 2/2798/94
f 653/1764/95 655/1791/96 25/2789/97
f 654/1748/98 653/1764/95 25/2789/97
f 639/1711/99 654/1748/98 25/2789/97
f 638/1657/100 639/1711/99 25/2789/97
f 626/1592/101 638/1657/100 25/2789/97
f 23/2787/102 626/1592/101 25/2789/97
f 627/1656/103 626/1592/101 23/2787/102
f 628/1709/104 627/1656/103 23/2787/102
f 630/1655/105 628/1709/104 23/2787/102
f 631/1591/106 630/1655/105 23/2787/102
f 629/1536/42 631/1591/106 23/2787/102
f 24/2828/43 629/1536/42 23/2787/102
f 609/1750/107 610/1751/108 26/2788/109
f 611/1713/110 609/1750/107 26/2788/109
f 612/1658/111 611/1713/110 26/2788/109
f 25/2789/97 612/1658/111 26/2788/109
f 25/2789/97 614/1749/112 613/1712/113
f 615/1765/114 614/1749/112 25/2789/97
f 656/1792/115 615/1765/114 25/2789/97
f 616/1810/116 615/1765/114 656/1792/115
f 657/1809/117 656/1792/115 25/2789/97
f 655/1791/96 657/1809/117 25/2789/97
f 612/1658/111 25/2789/97 613/1712/113
f 28/1714/118 27/1659/119 26/2788/109
f 674/1793/120 675/1814/121 28/1714/118
f 676/1769/122 674/1793/120 28/1714/118
f 610/1751/108 676/1769/122 28/1714/118
f 26/2788/109 610/1751/108 28/1714/118
f 675/1814/121 673/1836/123 672/1837/124
f 28/1714/118 675/1814/121 672/1837/124
f 29/1853/125 28/1714/118 672/1837/124
f 669/1869/126 29/1853/125 672/1837/124
f 669/1869/126 670/1877/127 671/1875/128
f 29/1853/125 669/1869/126 671/1875/128
f 651/1874/129 29/1853/125 671/1875/128
f 652/1867/130 651/1874/129 671/1875/128
f 648/1851/131 649/1826/132 29/1853/125
f 650/1866/133 648/1851/131 29/1853/125
f 651/1874/129 650/1866/133 29/1853/125
f 662/1564/134 640/1511/135 30/2825/136
f 663/1624/137 662/1564/134 30/2825/136
f 664/1628/138 663/1624/137 30/2825/136
f 641/1459/139 30/2825/136 640/1511/135
f 9/1354/57 30/2825/136 641/1459/139
f 642/1512/140 9/1354/57 641/1459/139
f 645/1565/60 9/1354/57 642/1512/140
f 606/1738/141 608/1689/142 31/2826/143
f 607/1758/144 606/1738/141 31/2826/143
f 602/1781/145 607/1758/144 31/2826/143
f 603/1803/146 602/1781/145 31/2826/143
f 649/1826/132 603/1803/146 31/2826/143
f 29/1853/125 649/1826/132 31/2826/143
f 30/2825/136 665/1568/147 664/1628/138
f 666/1514/148 665/1568/147 30/2825/136
f 31/2826/143 666/1514/148 30/2825/136
f 604/1567/149 666/1514/148 31/2826/143
f 605/1627/150 604/1567/149 31/2826/143
f 608/1689/142 605/1627/150 31/2826/143
f 36/2524/151 37/163/152 19/158/78 18/2522/77
f 38/2527/153 36/2524/151 18/2522/77 20/2525/81
f 40/2530/154 38/2527/153 20/2525/81 16/2528/83
f 35/1460/37 15/2520/36 17/2521/155 39/1513/156
f 40/7/157 16/8/158 14/1/25 33/4/28
f 41/147/159 39/148/160 17/144/88 21/143/87
f 42/155/161 41/147/159 21/143/87 22/151/91
f 37/2796/162 42/155/161 22/151/91 19/2797/93
f 2204/19/40 2639/18/39 2640/29/86 2547/30/163
f 42/155/161 37/2796/162 47/2794/164 46/162/165
f 46/162/165 47/2794/164 27/175/119 28/168/118
f 41/147/159 42/155/161 46/162/165 48/153/166
f 48/153/166 46/162/165 28/168/118 29/160/125
f 35/1460/37 39/1513/156 50/1461/167 49/1414/168
f 49/1414/168 50/1461/167 31/1462/143 30/1413/136
f 8/2821/49 24/1436/43 53/6/169 52/2824/170
f 52/2824/170 53/6/169 33/4/28 32/3117/27
f 30/1413/136 9/2814/57 51/2823/171 49/1414/168
f 49/1414/168 51/2823/171 34/3114/38 35/1460/37
f 26/1593/109 27/2795/119 47/169/172 54/1594/173
f 54/1594/173 47/169/172 37/163/152 36/2524/151
f 25/1537/97 26/1593/109 54/1594/173 55/1538/174
f 55/1538/174 54/1594/173 36/2524/151 38/2527/153
f 23/1489/102 25/1537/97 55/1538/174 56/1490/175
f 56/1490/175 55/1538/174 38/2527/153 40/2530/154
f 24/1436/43 23/2827/102 56/9/176 53/6/169
f 53/6/169 56/9/176 40/7/157 33/4/28
f 29/160/125 31/161/143 50/154/177 48/153/166
f 48/153/166 50/154/177 39/148/160 41/147/159
f 2547/30/163 2640/29/86 2637/3100/178 2205/3065/179
f 2640/29/86 2558/41/85 2209/1242/180 2637/3100/178
f 2637/42/178 2209/3061/180 2561/1241/181 2638/1250/182
f 2205/43/179 2637/42/178 2638/1250/182 2550/1259/183
f 2550/1259/183 2638/1250/182 2663/1268/184
f 2638/1250/182 2661/1277/185 2663/1268/184
f 2550/1259/183 2663/1268/184 2665/1278/186
f 2663/1268/184 2662/1285/187 2665/1278/186
f 2561/1241/181 2670/1258/188 2638/1250/182
f 2670/1258/188 2671/1267/189 2638/1250/182
f 189/1878/190 188/1879/191 57/1880/192 186/1881/193
f 187/1882/194 189/1878/190 186/1881/193 58/1888/195
f 187/1882/194 59/1883/196 188/1879/191 189/1878/190
f 192/1884/197 191/1885/198 57/1880/192 188/1879/191
f 190/1891/199 192/1884/197 188/1879/191 59/1883/196
f 190/1891/199 60/1892/200 191/1885/198 192/1884/197
f 195/1893/201 194/1894/202 57/1880/192 191/1885/198
f 193/1904/203 195/1893/201 191/1885/198 60/1892/200
f 193/1904/203 61/1905/204 194/1894/202 195/1893/201
f 198/1906/205 197/1907/206 57/1880/192 194/1894/202
f 196/1921/207 198/1906/205 194/1894/202 61/1905/204
f 196/1921/207 62/1922/208 197/1907/206 198/1906/205
f 203/1917/209 202/1902/210 66/1914/211 199/1933/212
f 200/1936/213 203/1917/209 199/1933/212 63/1953/214
f 64/1935/215 201/1916/216 203/1917/209 200/1936/213
f 201/1916/216 65/1901/217 202/1902/210 203/1917/209
f 206/1890/218 187/1882/194 58/1888/195 204/1899/219
f 202/1902/210 206/1890/218 204/1899/219 66/1914/211
f 65/1901/217 205/1889/220 206/1890/218 202/1902/210
f 205/1889/220 59/1883/196 187/1882/194 206/1890/218
f 210/1934/221 209/1915/222 65/1901/217 201/1916/216
f 207/250/223 210/1934/221 201/1916/216 64/1935/215
f 67/231/224 208/249/225 210/1934/221 207/250/223
f 208/249/225 68/1919/226 209/1915/222 210/1934/221
f 212/1900/227 190/1891/199 59/1883/196 205/1889/220
f 209/1915/222 212/1900/227 205/1889/220 65/1901/217
f 68/1919/226 211/1903/228 212/1900/227 209/1915/222
f 211/1903/228 60/1892/200 190/1891/199 212/1900/227
f 216/230/229 215/248/230 68/1919/226 208/249/225
f 213/214/231 216/230/229 208/249/225 67/231/224
f 69/213/232 214/229/233 216/230/229 213/214/231
f 214/229/233 70/247/234 215/248/230 216/230/229
f 218/1918/235 193/1904/203 60/1892/200 211/1903/228
f 215/248/230 218/1918/235 211/1903/228 68/1919/226
f 70/247/234 217/1920/236 218/1918/235 215/248/230
f 217/1920/236 61/1905/204 193/1904/203 218/1918/235
f 222/245/237 221/265/238 70/247/234 214/229/233
f 219/227/239 222/245/237 214/229/233 69/213/232
f 71/243/240 220/263/241 222/245/237 219/227/239
f 220/263/241 72/281/242 221/265/238 222/245/237
f 224/1937/243 196/1921/207 61/1905/204 217/1920/236
f 221/265/238 224/1937/243 217/1920/236 70/247/234
f 72/281/242 223/1938/244 224/1937/243 221/265/238
f 223/1938/244 62/1922/208 196/1921/207 224/1937/243
f 229/2540/245 228/2541/246 76/2542/247 225/2543/248
f 226/2548/249 229/2540/245 225/2543/248 73/2549/250
f 74/2550/251 227/2544/252 229/2540/245 226/2548/249
f 227/2544/252 75/2545/253 228/2541/246 229/2540/245
f 232/1955/254 200/1936/213 63/1953/214 230/1971/255
f 228/2541/246 232/1955/254 230/1971/255 76/2542/247
f 75/2545/253 231/1954/256 232/1955/254 228/2541/246
f 231/1954/256 64/1935/215 200/1936/213 232/1955/254
f 236/202/257 235/216/258 75/2545/253 227/2544/252
f 233/203/259 236/202/257 227/2544/252 74/2550/251
f 77/192/260 234/191/261 236/202/257 233/203/259
f 234/191/261 78/201/262 235/216/258 236/202/257
f 238/232/263 207/250/223 64/1935/215 231/1954/256
f 235/216/258 238/232/263 231/1954/256 75/2545/253
f 78/201/262 237/215/264 238/232/263 235/216/258
f 237/215/264 67/231/224 207/250/223 238/232/263
f 242/185/265 241/190/266 78/201/262 234/191/261
f 239/186/267 242/185/265 234/191/261 77/192/260
f 79/183/268 240/184/269 242/185/265 239/186/267
f 240/184/269 80/189/270 241/190/266 242/185/265
f 244/200/271 213/214/231 67/231/224 237/215/264
f 241/190/266 244/200/271 237/215/264 78/201/262
f 80/189/270 243/199/272 244/200/271 241/190/266
f 243/199/272 69/213/232 213/214/231 244/200/271
f 248/188/273 247/197/274 80/189/270 240/184/269
f 245/187/275 248/188/273 240/184/269 79/183/268
f 81/195/276 246/196/277 248/188/273 245/187/275
f 246/196/277 82/209/278 247/197/274 248/188/273
f 250/211/279 219/227/239 69/213/232 243/199/272
f 247/197/274 250/211/279 243/199/272 80/189/270
f 82/209/278 249/225/280 250/211/279 247/197/274
f 249/225/280 71/243/240 219/227/239 250/211/279
f 253/1887/281 252/1886/282 83/1897/283 251/1898/284
f 186/1881/193 253/1887/281 251/1898/284 58/1888/195
f 186/1881/193 57/1880/192 252/1886/282 253/1887/281
f 256/1896/285 255/1895/286 84/1910/287 254/1911/288
f 252/1886/282 256/1896/285 254/1911/288 83/1897/283
f 252/1886/282 57/1880/192 255/1895/286 256/1896/285
f 259/1909/289 258/1908/290 85/1927/291 257/1928/292
f 255/1895/286 259/1909/289 257/1928/292 84/1910/287
f 255/1895/286 57/1880/192 258/1908/290 259/1909/289
f 262/1926/293 261/1925/294 86/1945/295 260/1946/296
f 258/1908/290 262/1926/293 260/1946/296 85/1927/291
f 258/1908/290 57/1880/192 261/1925/294 262/1926/293
f 266/1952/297 199/1933/212 66/1914/211 263/1932/298
f 264/1951/299 266/1952/297 263/1932/298 87/1931/300
f 88/1969/301 265/1970/302 266/1952/297 264/1951/299
f 265/1970/302 63/1953/214 199/1933/212 266/1952/297
f 268/1913/303 204/1899/219 58/1888/195 251/1898/284
f 267/1912/304 268/1913/303 251/1898/284 83/1897/283
f 87/1931/300 263/1932/298 268/1913/303 267/1912/304
f 263/1932/298 66/1914/211 204/1899/219 268/1913/303
f 272/1968/305 264/1951/299 87/1931/300 269/1950/306
f 270/2984/307 272/1968/305 269/1950/306 89/2983/308
f 90/2981/309 271/361/310 272/1968/305 270/2984/307
f 271/361/310 88/1969/301 264/1951/299 272/1968/305
f 274/1930/311 267/1912/304 83/1897/283 254/1911/288
f 273/1929/312 274/1930/311 254/1911/288 84/1910/287
f 89/2983/308 269/1950/306 274/1930/311 273/1929/312
f 269/1950/306 87/1931/300 267/1912/304 274/1930/311
f 278/348/313 270/362/307 89/1949/308 275/363/314
f 276/349/315 278/348/313 275/363/314 91/364/316
f 92/336/317 277/335/318 278/348/313 276/349/315
f 277/335/318 90/347/309 270/362/307 278/348/313
f 280/1948/319 273/1929/312 84/1910/287 257/1928/292
f 279/1947/320 280/1948/319 257/1928/292 85/1927/291
f 91/364/316 275/363/314 280/1948/319 279/1947/320
f 275/363/314 89/1949/308 273/1929/312 280/1948/319
f 284/365/321 276/349/315 91/364/316 281/378/322
f 282/379/323 284/365/321 281/378/322 93/393/324
f 94/366/325 283/350/326 284/365/321 282/379/323
f 283/350/326 92/336/317 276/349/315 284/365/321
f 286/1967/327 279/1947/320 85/1927/291 260/1946/296
f 285/1966/328 286/1967/327 260/1946/296 86/1945/295
f 93/393/324 281/378/322 286/1967/327 285/1966/328
f 281/378/322 91/364/316 279/1947/320 286/1967/327
f 290/2546/329 225/2543/248 76/2542/247 287/2547/330
f 288/2552/331 290/2546/329 287/2547/330 95/2553/332
f 96/2558/333 289/2551/334 290/2546/329 288/2552/331
f 289/2551/334 73/2549/250 225/2543/248 290/2546/329
f 292/1985/335 230/1971/255 63/1953/214 265/1970/302
f 291/1984/336 292/1985/335 265/1970/302 88/1969/301
f 95/2553/332 287/2547/330 292/1985/335 291/1984/336
f 287/2547/330 76/2542/247 230/1971/255 292/1985/335
f 296/332/337 288/2552/331 95/2553/332 293/333/338
f 294/2982/339 296/332/337 293/333/338 97/2980/340
f 98/2970/341 295/344/342 296/332/337 294/2982/339
f 295/344/342 96/2558/333 288/2552/331 296/332/337
f 298/346/343 291/1984/336 88/1969/301 271/361/310
f 297/2979/344 298/346/343 271/361/310 90/2981/309
f 97/2980/340 293/333/338 298/346/343 297/2979/344
f 293/333/338 95/2553/332 291/1984/336 298/346/343
f 302/317/345 294/322/339 97/323/340 299/318/346
f 300/316/347 302/317/345 299/318/346 99/319/348
f 100/320/349 301/321/350 302/317/345 300/316/347
f 301/321/350 98/330/341 294/322/339 302/317/345
f 304/324/351 297/334/344 90/347/309 277/335/318
f 303/325/352 304/324/351 277/335/318 92/336/317
f 99/319/348 299/318/346 304/324/351 303/325/352
f 299/318/346 97/323/340 297/334/344 304/324/351
f 308/326/353 300/316/347 99/319/348 305/327/354
f 306/338/355 308/326/353 305/327/354 101/339/356
f 102/345/357 307/331/358 308/326/353 306/338/355
f 307/331/358 100/320/349 300/316/347 308/326/353
f 310/337/359 303/325/352 92/336/317 283/350/326
f 309/351/360 310/337/359 283/350/326 94/366/325
f 101/339/356 305/327/354 310/337/359 309/351/360
f 305/327/354 99/319/348 303/325/352 310/337/359
f 314/1973/361 313/1957/362 103/1975/363 311/1987/364
f 312/1972/365 314/1973/361 311/1987/364 104/1988/366
f 312/1972/365 57/1880/192 313/1957/362 314/1973/361
f 317/1958/367 316/1940/368 105/1960/369 315/1974/370
f 313/1957/362 317/1958/367 315/1974/370 103/1975/363
f 313/1957/362 57/1880/192 316/1940/368 317/1958/367
f 320/1941/371 319/1923/372 106/1942/373 318/1959/374
f 316/1940/368 320/1941/371 318/1959/374 105/1960/369
f 316/1940/368 57/1880/192 319/1923/372 320/1941/371
f 322/1924/375 197/1907/206 62/1922/208 321/1939/376
f 319/1923/372 322/1924/375 321/1939/376 106/1942/373
f 319/1923/372 57/1880/192 197/1907/206 322/1924/375
f 327/2012/377 326/2013/378 110/2006/379 323/2005/380
f 324/2008/381 327/2012/377 323/2005/380 107/2000/382
f 108/2014/383 325/2018/384 327/2012/377 324/2008/381
f 325/2018/384 109/2019/385 326/2013/378 327/2012/377
f 330/1997/386 329/1998/387 104/1988/366 311/1987/364
f 328/1990/388 330/1997/386 311/1987/364 103/1975/363
f 107/2000/382 323/2005/380 330/1997/386 328/1990/388
f 323/2005/380 110/2006/379 329/1998/387 330/1997/386
f 334/2007/389 324/2008/381 107/2000/382 331/1999/390
f 332/2978/391 334/2007/389 331/1999/390 111/2977/392
f 112/2975/393 333/309/394 334/2007/389 332/2978/391
f 333/309/394 108/2014/383 324/2008/381 334/2007/389
f 336/1989/395 328/1990/388 103/1975/363 315/1974/370
f 335/1977/396 336/1989/395 315/1974/370 105/1960/369
f 111/2977/392 331/1999/390 336/1989/395 335/1977/396
f 331/1999/390 107/2000/382 328/1990/388 336/1989/395
f 340/303/397 332/310/391 111/1991/392 337/311/398
f 338/293/399 340/303/397 337/311/398 113/304/400
f 114/279/401 339/292/402 340/303/397 338/293/399
f 339/292/402 112/302/393 332/310/391 340/303/397
f 342/1976/403 335/1977/396 105/1960/369 318/1959/374
f 341/1961/404 342/1976/403 318/1959/374 106/1942/373
f 113/304/400 337/311/398 342/1976/403 341/1961/404
f 337/311/398 111/1991/392 335/1977/396 342/1976/403
f 345/280/405 338/293/399 113/304/400 343/294/406
f 220/263/241 345/280/405 343/294/406 72/281/242
f 71/243/240 344/262/407 345/280/405 220/263/241
f 344/262/407 114/279/401 338/293/399 345/280/405
f 346/1956/408 341/1961/404 106/1942/373 321/1939/376
f 223/1938/244 346/1956/408 321/1939/376 62/1922/208
f 72/281/242 343/294/406 346/1956/408 223/1938/244
f 343/294/406 113/304/400 341/1961/404 346/1956/408
f 351/2570/409 350/2571/410 118/2572/411 347/2573/412
f 348/2578/413 351/2570/409 347/2573/412 115/2579/414
f 116/2583/415 349/2574/416 351/2570/409 348/2578/413
f 349/2574/416 117/2575/417 350/2571/410 351/2570/409
f 354/2023/418 353/2024/419 109/2019/385 325/2018/384
f 352/2020/420 354/2023/418 325/2018/384 108/2014/383
f 115/2579/414 347/2573/412 354/2023/418 352/2020/420
f 347/2573/412 118/2572/411 353/2024/419 354/2023/418
f 358/276/421 348/2578/413 115/2579/414 355/290/422
f 356/2976/423 358/276/421 355/290/422 119/2974/424
f 120/2972/425 357/275/426 358/276/421 356/2976/423
f 357/275/426 116/2583/415 348/2578/413 358/276/421
f 360/301/427 352/2020/420 108/2014/383 333/309/394
f 359/2973/428 360/301/427 333/309/394 112/2975/393
f 119/2974/424 355/290/422 360/301/427 359/2973/428
f 355/290/422 115/2579/414 352/2020/420 360/301/427
f 364/240/429 356/259/423 119/277/424 361/260/430
f 362/223/431 364/240/429 361/260/430 121/241/432
f 122/222/433 363/239/434 364/240/429 362/223/431
f 363/239/434 120/258/425 356/259/423 364/240/429
f 366/278/435 359/291/428 112/302/393 339/292/402
f 365/261/436 366/278/435 339/292/402 114/279/401
f 121/241/432 361/260/430 366/278/435 365/261/436
f 361/260/430 119/277/424 359/291/428 366/278/435
f 369/208/437 362/223/431 121/241/432 367/224/438
f 246/196/277 369/208/437 367/224/438 82/209/278
f 81/195/276 368/207/439 369/208/437 246/196/277
f 368/207/439 122/222/433 362/223/431 369/208/437
f 370/242/440 365/261/436 114/279/401 344/262/407
f 249/225/280 370/242/440 344/262/407 71/243/240
f 82/209/278 367/224/438 370/242/440 249/225/280
f 367/224/438 121/241/432 365/261/436 370/242/440
f 373/1986/441 372/1981/442 57/1880/192 312/1972/365
f 371/1996/443 373/1986/441 312/1972/365 104/1988/366
f 371/1996/443 123/1994/444 372/1981/442 373/1986/441
f 376/1980/445 375/1964/446 57/1880/192 372/1981/442
f 374/1993/447 376/1980/445 372/1981/442 123/1994/444
f 374/1993/447 124/1982/448 375/1964/446 376/1980/445
f 379/1963/449 378/1944/450 57/1880/192 375/1964/446
f 377/1979/451 379/1963/449 375/1964/446 124/1982/448
f 377/1979/451 125/1965/452 378/1944/450 379/1963/449
f 381/1943/453 261/1925/294 57/1880/192 378/1944/450
f 380/1962/454 381/1943/453 378/1944/450 125/1965/452
f 380/1962/454 86/1945/295 261/1925/294 381/1943/453
f 385/2017/455 384/2011/456 110/2006/379 326/2013/378
f 382/2022/457 385/2017/455 326/2013/378 109/2019/385
f 126/2021/458 383/2016/459 385/2017/455 382/2022/457
f 383/2016/459 127/2010/460 384/2011/456 385/2017/455
f 387/2004/461 371/1996/443 104/1988/366 329/1998/387
f 384/2011/456 387/2004/461 329/1998/387 110/2006/379
f 127/2010/460 386/2002/462 387/2004/461 384/2011/456
f 386/2002/462 123/1994/444 371/1996/443 387/2004/461
f 391/2015/463 390/2009/464 127/2010/460 383/2016/459
f 388/435/465 391/2015/463 383/2016/459 126/2021/458
f 128/425/466 389/434/467 391/2015/463 388/435/465
f 389/434/467 129/2003/468 390/2009/464 391/2015/463
f 393/2001/469 374/1993/447 123/1994/444 386/2002/462
f 390/2009/464 393/2001/469 386/2002/462 127/2010/460
f 129/2003/468 392/1995/470 393/2001/469 390/2009/464
f 392/1995/470 124/1982/448 374/1993/447 393/2001/469
f 397/424/471 396/433/472 129/2003/468 389/434/467
f 394/411/473 397/424/471 389/434/467 128/425/466
f 130/395/474 395/410/475 397/424/471 394/411/473
f 395/410/475 131/423/476 396/433/472 397/424/471
f 399/1992/477 377/1979/451 124/1982/448 392/1995/470
f 396/433/472 399/1992/477 392/1995/470 129/2003/468
f 131/423/476 398/1983/478 399/1992/477 396/433/472
f 398/1983/478 125/1965/452 377/1979/451 399/1992/477
f 402/394/479 401/409/480 131/423/476 395/410/475
f 400/380/481 402/394/479 395/410/475 130/395/474
f 94/366/325 282/379/323 402/394/479 400/380/481
f 282/379/323 93/393/324 401/409/480 402/394/479
f 403/1978/482 380/1962/454 125/1965/452 398/1983/478
f 401/409/480 403/1978/482 398/1983/478 131/423/476
f 93/393/324 285/1966/328 403/1978/482 401/409/480
f 285/1966/328 86/1945/295 380/1962/454 403/1978/482
f 407/2576/483 406/2577/484 118/2572/411 350/2571/410
f 404/2582/485 407/2576/483 350/2571/410 117/2575/417
f 132/2590/486 405/2584/487 407/2576/483 404/2582/485
f 405/2584/487 133/2585/488 406/2577/484 407/2576/483
f 409/2026/489 382/2022/457 109/2019/385 353/2024/419
f 406/2577/484 409/2026/489 353/2024/419 118/2572/411
f 133/2585/488 408/2025/490 409/2026/489 406/2577/484
f 408/2025/490 126/2021/458 382/2022/457 409/2026/489
f 413/414/491 412/413/492 133/2585/488 405/2584/487
f 410/422/493 413/414/491 405/2584/487 132/2590/486
f 134/408/494 411/398/495 413/414/491 410/422/493
f 411/398/495 135/397/496 412/413/492 413/414/491
f 415/426/497 388/435/465 126/2021/458 408/2025/490
f 412/413/492 415/426/497 408/2025/490 133/2585/488
f 135/397/496 414/412/498 415/426/497 412/413/492
f 414/412/498 128/425/466 388/435/465 415/426/497
f 419/383/499 418/382/500 135/397/496 411/398/495
f 416/392/501 419/383/499 411/398/495 134/408/494
f 136/377/502 417/369/503 419/383/499 416/392/501
f 417/369/503 137/368/504 418/382/500 419/383/499
f 421/396/505 394/411/473 128/425/466 414/412/498
f 418/382/500 421/396/505 414/412/498 135/397/496
f 137/368/504 420/381/506 421/396/505 418/382/500
f 420/381/506 130/395/474 394/411/473 421/396/505
f 424/353/507 423/352/508 137/368/504 417/369/503
f 422/360/509 424/353/507 417/369/503 136/377/502
f 102/345/357 306/338/355 424/353/507 422/360/509
f 306/338/355 101/339/356 423/352/508 424/353/507
f 425/367/510 400/380/481 130/395/474 420/381/506
f 423/352/508 425/367/510 420/381/506 137/368/504
f 101/339/356 309/351/360 425/367/510 423/352/508
f 309/351/360 94/366/325 400/380/481 425/367/510
f 429/427/511 410/422/493 132/2590/486 426/2591/512
f 427/436/513 429/427/511 426/2591/512 138/2596/514
f 139/428/515 428/416/516 429/427/511 427/436/513
f 428/416/516 134/408/494 410/422/493 429/427/511
f 432/401/517 416/392/501 134/408/494 428/416/516
f 430/417/518 432/401/517 428/416/516 139/428/515
f 140/402/519 431/386/520 432/401/517 430/417/518
f 431/386/520 136/377/502 416/392/501 432/401/517
f 435/2586/521 404/2582/485 117/2575/417 433/2580/522
f 434/2592/523 435/2586/521 433/2580/522 141/2588/524
f 138/2596/514 426/2591/512 435/2586/521 434/2592/523
f 426/2591/512 132/2590/486 404/2582/485 435/2586/521
f 438/372/525 422/360/509 136/377/502 431/386/520
f 436/387/526 438/372/525 431/386/520 140/402/519
f 142/373/527 437/356/528 438/372/525 436/387/526
f 437/356/528 102/345/357 422/360/509 438/372/525
f 441/2581/529 349/2574/416 116/2583/415 439/2587/530
f 440/2589/531 441/2581/529 439/2587/530 143/2593/532
f 141/2588/524 433/2580/522 441/2581/529 440/2589/531
f 433/2580/522 117/2575/417 349/2574/416 441/2581/529
f 444/341/533 307/331/358 102/345/357 437/356/528
f 442/357/534 444/341/533 437/356/528 142/373/527
f 144/343/535 443/329/536 444/341/533 442/357/534
f 443/329/536 100/320/349 307/331/358 444/341/533
f 447/285/537 357/275/426 120/2972/425 445/2971/538
f 446/296/539 447/285/537 445/2971/538 145/2968/540
f 143/2593/532 439/2587/530 447/285/537 446/296/539
f 439/2587/530 116/2583/415 357/275/426 447/285/537
f 450/328/541 301/321/350 100/320/349 443/329/536
f 448/342/542 450/328/541 443/329/536 144/343/535
f 146/355/543 449/2969/544 450/328/541 448/342/542
f 449/2969/544 98/330/341 301/321/350 450/328/541
f 453/255/545 363/239/434 122/222/433 451/237/546
f 452/272/547 453/255/545 451/237/546 147/256/548
f 145/286/540 445/271/538 453/255/545 452/272/547
f 445/271/538 120/258/425 363/239/434 453/255/545
f 456/354/549 295/344/342 98/2970/341 449/340/544
f 454/370/550 456/354/549 449/340/544 146/2963/543
f 148/2567/551 455/2562/552 456/354/549 454/370/550
f 455/2562/552 96/2558/333 295/344/342 456/354/549
f 459/221/553 368/207/439 81/195/276 457/210/554
f 458/238/555 459/221/553 457/210/554 149/226/556
f 147/256/548 451/237/546 459/221/553 458/238/555
f 451/237/546 122/222/433 368/207/439 459/221/553
f 462/2557/557 289/2551/334 96/2558/333 455/2562/552
f 460/2563/558 462/2557/557 455/2562/552 148/2567/551
f 150/2560/559 461/2555/560 462/2557/557 460/2563/558
f 461/2555/560 73/2549/250 289/2551/334 462/2557/557
f 465/198/561 245/187/275 79/183/268 463/193/562
f 464/212/563 465/198/561 463/193/562 151/205/564
f 149/226/556 457/210/554 465/198/561 464/212/563
f 457/210/554 81/195/276 245/187/275 465/198/561
f 468/2554/565 226/2548/249 73/2549/250 461/2555/560
f 466/2559/566 468/2554/565 461/2555/560 150/2560/559
f 152/2561/567 467/2556/568 468/2554/565 466/2559/566
f 467/2556/568 74/2550/251 226/2548/249 468/2554/565
f 471/194/569 239/186/267 77/192/260 469/204/570
f 470/206/571 471/194/569 469/204/570 153/218/572
f 151/205/564 463/193/562 471/194/569 470/206/571
f 463/193/562 79/183/268 239/186/267 471/194/569
f 473/217/573 233/203/259 74/2550/251 467/2556/568
f 472/233/574 473/217/573 467/2556/568 152/2561/567
f 153/218/572 469/204/570 473/217/573 472/233/574
f 469/204/570 77/192/260 233/203/259 473/217/573
f 477/287/575 476/2967/576 145/286/540 452/272/547
f 474/273/577 477/287/575 452/272/547 147/256/548
f 154/288/578 475/298/579 477/287/575 474/273/577
f 475/298/579 155/2966/580 476/2967/576 477/287/575
f 481/307/581 480/2965/582 155/2966/580 475/298/579
f 478/299/583 481/307/581 475/298/579 154/288/578
f 156/308/584 479/2958/585 481/307/581 478/299/583
f 479/2958/585 157/2938/586 480/2965/582 481/307/581
f 484/1604/587 483/1725/588 157/1726/586 479/314/585
f 482/1548/589 484/1604/587 479/314/585 156/2956/584
f 620/1498/64 619/1549/65 484/1604/587
f 482/1548/589 620/1498/64 484/1604/587
f 484/1604/587 619/1549/65 679/1605/66
f 484/1604/587 679/1605/66 680/1671/67
f 483/1725/588 484/1604/587 680/1671/67
f 483/1725/588 680/1671/67 677/1727/68
f 488/359/590 487/2962/591 146/355/543 448/342/542
f 485/358/592 488/359/590 448/342/542 144/343/535
f 158/375/593 486/376/594 488/359/590 485/358/592
f 486/376/594 159/2961/595 487/2962/591 488/359/590
f 492/391/596 491/2960/597 159/2961/595 486/376/594
f 489/390/598 492/391/596 486/376/594 158/375/593
f 160/406/599 490/2957/600 492/391/596 489/390/598
f 490/2957/600 161/2936/601 491/2960/597 492/391/596
f 495/1858/602 494/1835/603 161/1834/601 490/407/600
f 493/1852/604 495/1858/602 490/407/600 160/2942/599
f 671/1875/128 670/1877/127 495/1858/602
f 493/1852/604 671/1875/128 495/1858/602
f 669/1869/126 672/1837/124 495/1858/602
f 670/1877/127 669/1869/126 495/1858/602
f 495/1858/602 672/1837/124 673/1836/123
f 494/1835/603 495/1858/602 673/1836/123
f 673/1836/123 675/1814/121 674/1793/120
f 494/1835/603 673/1836/123 674/1793/120
f 498/257/605 474/273/577 147/256/548 458/238/555
f 496/244/606 498/257/605 458/238/555 149/226/556
f 162/264/607 497/274/608 498/257/605 496/244/606
f 497/274/608 154/288/578 474/273/577 498/257/605
f 501/289/609 478/299/583 154/288/578 497/274/608
f 499/282/610 501/289/609 497/274/608 162/264/607
f 163/295/611 500/2955/612 501/289/609 499/282/610
f 500/2955/612 156/308/584 478/299/583 501/289/609
f 503/1497/613 482/1548/589 156/2956/584 500/300/612
f 502/1670/614 503/1497/613 500/300/612 163/2954/611
f 634/1547/52 633/1496/53 503/1497/613
f 502/1670/614 634/1547/52 503/1497/613
f 503/1497/613 633/1496/53 635/1440/54
f 617/1402/61 503/1497/613 635/1440/54
f 503/1497/613 617/1402/61 618/1441/63
f 482/1548/589 503/1497/613 618/1441/63
f 482/1548/589 618/1441/63 620/1498/64
f 506/228/615 496/244/606 149/226/556 464/212/563
f 504/220/616 506/228/615 464/212/563 151/205/564
f 164/236/617 505/246/618 506/228/615 504/220/616
f 505/246/618 162/264/607 496/244/606 506/228/615
f 509/266/619 499/282/610 162/264/607 505/246/618
f 507/254/620 509/266/619 505/246/618 164/236/617
f 165/270/621 508/2953/622 509/266/619 507/254/620
f 508/2953/622 163/295/611 499/282/610 509/266/619
f 511/1651/623 502/1670/614 163/2954/611 508/283/622
f 510/1708/624 511/1651/623 508/283/622 165/2929/621
f 625/1589/46 624/1535/47 511/1651/623
f 510/1708/624 625/1589/46 511/1651/623
f 624/1535/47 636/1488/48 637/1534/50
f 511/1651/623 624/1535/47 637/1534/50
f 511/1651/623 637/1534/50 632/1588/51
f 502/1670/614 511/1651/623 632/1588/51
f 502/1670/614 632/1588/51 634/1547/52
f 515/251/625 514/234/626 153/218/572 472/233/574
f 512/2566/627 515/251/625 472/233/574 152/2561/567
f 166/1828/628 513/267/629 515/251/625 512/2566/627
f 513/267/629 167/252/630 514/234/626 515/251/625
f 519/284/631 518/268/632 167/252/630 513/267/629
f 516/1807/633 519/284/631 513/267/629 166/1828/628
f 168/1789/634 517/2952/635 519/284/631 516/1807/633
f 517/2952/635 169/2928/636 518/268/632 519/284/631
f 522/1710/637 521/1747/638 169/1762/636 517/1788/635
f 520/1763/639 522/1710/637 517/1788/635 168/2932/634
f 639/1711/99 638/1657/100 522/1710/637
f 520/1763/639 639/1711/99 522/1710/637
f 522/1710/637 638/1657/100 626/1592/101
f 627/1656/103 522/1710/637 626/1592/101
f 522/1710/637 627/1656/103 628/1709/104
f 521/1747/638 522/1710/637 628/1709/104
f 521/1747/638 628/1709/104 630/1655/105
f 526/441/640 525/437/641 139/428/515 427/436/513
f 523/2599/642 526/441/640 427/436/513 138/2596/514
f 170/1741/643 524/445/644 526/441/640 523/2599/642
f 524/445/644 171/442/645 525/437/641 526/441/640
f 530/448/646 529/446/647 171/442/645 524/445/644
f 527/1693/648 530/448/646 524/445/644 170/1741/643
f 172/1633/649 528/2951/650 530/448/646 527/1693/648
f 528/2951/650 173/2946/651 529/446/647 530/448/646
f 533/1566/652 532/1690/653 173/1736/651 528/1688/650
f 531/1625/654 533/1566/652 528/1688/650 172/2950/649
f 642/1512/140 641/1459/139 533/1566/652
f 531/1625/654 642/1512/140 533/1566/652
f 641/1459/139 640/1511/135 662/1564/134
f 533/1566/652 641/1459/139 662/1564/134
f 533/1566/652 662/1564/134 663/1624/137
f 532/1690/653 533/1566/652 663/1624/137
f 664/1628/138 665/1568/147 532/1690/653
f 663/1624/137 664/1628/138 532/1690/653
f 536/2597/655 523/2599/642 138/2596/514 434/2592/523
f 534/2595/656 536/2597/655 434/2592/523 141/2588/524
f 174/1695/657 535/1694/658 536/2597/655 534/2595/656
f 535/1694/658 170/1741/643 523/2599/642 536/2597/655
f 539/1634/659 527/1693/648 170/1741/643 535/1694/658
f 537/1635/660 539/1634/659 535/1694/658 174/1695/657
f 175/1574/661 538/2949/662 539/1634/659 537/1635/660
f 538/2949/662 172/1633/649 527/1693/648 539/1634/659
f 541/1467/663 531/1625/654 172/2950/649 538/1573/662
f 540/1469/664 541/1467/663 538/1573/662 175/2948/661
f 668/1380/56 667/1417/55 541/1467/663
f 540/1469/664 668/1380/56 541/1467/663
f 541/1467/663 667/1417/55 643/1468/58
f 541/1467/663 643/1468/58 644/1519/59
f 531/1625/654 541/1467/663 644/1519/59
f 644/1519/59 645/1565/60 642/1512/140
f 531/1625/654 644/1519/59 642/1512/140
f 544/2594/665 534/2595/656 141/2588/524 440/2589/531
f 542/2598/666 544/2594/665 440/2589/531 143/2593/532
f 176/1742/667 543/1696/668 544/2594/665 542/2598/666
f 543/1696/668 174/1695/657 534/2595/656 544/2594/665
f 547/1636/669 537/1635/660 174/1695/657 543/1696/668
f 545/1697/670 547/1636/669 543/1696/668 176/1742/667
f 177/1638/671 546/2947/672 547/1636/669 545/1697/670
f 546/2947/672 175/1574/661 537/1635/660 547/1636/669
f 549/1520/673 540/1469/664 175/2948/661 546/1575/672
f 548/1637/674 549/1520/673 546/1575/672 177/2939/671
f 661/1576/72 660/1521/73 549/1520/673
f 548/1637/674 661/1576/72 549/1520/673
f 549/1520/673 660/1521/73 658/1470/74
f 549/1520/673 658/1470/74 659/1418/75
f 540/1469/664 549/1520/673 659/1418/75
f 540/1469/664 659/1418/75 668/1380/56
f 666/1514/148 604/1567/149 552/1626/675
f 665/1568/147 666/1514/148 552/1626/675
f 532/1690/653 665/1568/147 552/1626/675
f 605/1627/150 608/1689/142 606/1738/141
f 550/1737/676 605/1627/150 606/1738/141
f 552/1626/675 604/1567/149 605/1627/150
f 550/1737/676 552/1626/675 605/1627/150
f 178/444/677 551/2945/678 552/1626/675 550/1737/676
f 551/2945/678 173/1736/651 532/1690/653 552/1626/675
f 555/443/679 529/446/647 173/2946/651 551/447/678
f 553/439/680 555/443/679 551/447/678 178/2944/677
f 179/430/681 554/438/682 555/443/679 553/439/680
f 554/438/682 171/442/645 529/446/647 555/443/679
f 557/429/683 525/437/641 171/442/645 554/438/682
f 556/418/684 557/429/683 554/438/682 179/430/681
f 140/402/519 430/417/518 557/429/683 556/418/684
f 430/417/518 139/428/515 525/437/641 557/429/683
f 607/1758/144 602/1781/145 560/1780/685
f 606/1738/141 607/1758/144 560/1780/685
f 550/1737/676 606/1738/141 560/1780/685
f 649/1826/132 648/1851/131 558/1802/686
f 603/1803/146 649/1826/132 558/1802/686
f 560/1780/685 602/1781/145 603/1803/146
f 558/1802/686 560/1780/685 603/1803/146
f 180/432/687 559/2943/688 560/1780/685 558/1802/686
f 559/2943/688 178/444/677 550/1737/676 560/1780/685
f 563/431/689 553/439/680 178/2944/677 559/440/688
f 561/420/690 563/431/689 559/440/688 180/2941/687
f 181/404/691 562/419/692 563/431/689 561/420/690
f 562/419/692 179/430/681 553/439/680 563/431/689
f 565/403/693 556/418/684 179/430/681 562/419/692
f 564/388/694 565/403/693 562/419/692 181/404/691
f 142/373/527 436/387/526 565/403/693 564/388/694
f 436/387/526 140/402/519 556/418/684 565/403/693
f 650/1866/133 651/1874/129 567/1825/695
f 648/1851/131 650/1866/133 567/1825/695
f 558/1802/686 648/1851/131 567/1825/695
f 493/1852/604 652/1867/130 671/1875/128
f 567/1825/695 651/1874/129 652/1867/130
f 493/1852/604 567/1825/695 652/1867/130
f 160/2942/599 566/2940/696 567/1825/695 493/1852/604
f 566/2940/696 180/432/687 558/1802/686 567/1825/695
f 569/405/697 561/420/690 180/2941/687 566/421/696
f 489/390/598 569/405/697 566/421/696 160/406/599
f 158/375/593 568/389/698 569/405/697 489/390/598
f 568/389/698 181/404/691 561/420/690 569/405/697
f 570/374/699 564/388/694 181/404/691 568/389/698
f 485/358/592 570/374/699 568/389/698 158/375/593
f 144/343/535 442/357/534 570/374/699 485/358/592
f 442/357/534 142/373/527 564/388/694 570/374/699
f 678/1743/69 646/1700/70 572/1699/700
f 677/1727/68 678/1743/69 572/1699/700
f 483/1725/588 677/1727/68 572/1699/700
f 548/1637/674 647/1639/71 661/1576/72
f 572/1699/700 646/1700/70 647/1639/71
f 548/1637/674 572/1699/700 647/1639/71
f 177/2939/671 571/2937/701 572/1699/700 548/1637/674
f 571/2937/701 157/1726/586 483/1725/588 572/1699/700
f 574/315/702 480/313/582 157/2964/586 571/1698/701
f 545/1697/670 574/315/702 571/1698/701 177/1638/671
f 176/1742/667 573/312/703 574/315/702 545/1697/670
f 573/312/703 155/306/580 480/313/582 574/315/702
f 575/305/704 476/297/576 155/306/580 573/312/703
f 542/2598/666 575/305/704 573/312/703 176/1742/667
f 143/2593/532 446/296/539 575/305/704 542/2598/666
f 446/296/539 145/2968/540 476/297/576 575/305/704
f 578/1768/705 676/1769/122 610/1751/108
f 609/1750/107 578/1768/705 610/1751/108
f 674/1793/120 676/1769/122 578/1768/705
f 494/1835/603 674/1793/120 578/1768/705
f 611/1713/110 612/1658/111 613/1712/113
f 576/1767/706 611/1713/110 613/1712/113
f 578/1768/705 609/1750/107 611/1713/110
f 576/1767/706 578/1768/705 611/1713/110
f 182/1812/707 577/2935/708 578/1768/705 576/1767/706
f 577/2935/708 161/1834/601 494/1835/603 578/1768/705
f 581/415/709 491/400/597 161/2959/601 577/1813/708
f 579/1833/710 581/415/709 577/1813/708 182/2934/707
f 183/1857/711 580/399/712 581/415/709 579/1833/710
f 580/399/712 159/385/595 491/400/597 581/415/709
f 583/384/713 487/371/591 159/385/595 580/399/712
f 582/2569/714 583/384/713 580/399/712 183/1857/711
f 148/2567/551 454/370/550 583/384/713 582/2569/714
f 454/370/550 146/2963/543 487/371/591 583/384/713
f 614/1749/112 615/1765/114 586/1766/715
f 613/1712/113 614/1749/112 586/1766/715
f 576/1767/706 613/1712/113 586/1766/715
f 584/1831/716 616/1810/116 656/1792/115
f 586/1766/715 615/1765/114 616/1810/116
f 584/1831/716 586/1766/715 616/1810/116
f 184/1830/717 585/2933/718 586/1766/715 584/1831/716
f 585/2933/718 182/1812/707 576/1767/706 586/1766/715
f 589/1832/719 579/1833/710 182/2934/707 585/1811/718
f 587/1855/720 589/1832/719 585/1811/718 184/2931/717
f 185/1868/721 588/1856/722 589/1832/719 587/1855/720
f 588/1856/722 183/1857/711 579/1833/710 589/1832/719
f 591/2568/723 582/2569/714 183/1857/711 588/1856/722
f 590/2564/724 591/2568/723 588/1856/722 185/1868/721
f 150/2560/559 460/2563/558 591/2568/723 590/2564/724
f 460/2563/558 148/2567/551 582/2569/714 591/2568/723
f 657/1809/117 655/1791/96 653/1764/95
f 593/1790/725 657/1809/117 653/1764/95
f 656/1792/115 657/1809/117 593/1790/725
f 584/1831/716 656/1792/115 593/1790/725
f 520/1763/639 654/1748/98 639/1711/99
f 593/1790/725 653/1764/95 654/1748/98
f 520/1763/639 593/1790/725 654/1748/98
f 168/2932/634 592/2930/726 593/1790/725 520/1763/639
f 592/2930/726 184/1830/717 584/1831/716 593/1790/725
f 595/1829/727 587/1855/720 184/2931/717 592/1808/726
f 516/1807/633 595/1829/727 592/1808/726 168/1789/634
f 166/1828/628 594/1854/728 595/1829/727 516/1807/633
f 594/1854/728 185/1868/721 587/1855/720 595/1829/727
f 596/2565/729 590/2564/724 185/1868/721 594/1854/728
f 512/2566/627 596/2565/729 594/1854/728 166/1828/628
f 152/2561/567 466/2559/566 596/2565/729 512/2566/627
f 466/2559/566 150/2560/559 590/2564/724 596/2565/729
f 598/1653/730 631/1591/106 629/1536/42
f 621/1590/41 598/1653/730 629/1536/42
f 630/1655/105 631/1591/106 598/1653/730
f 521/1747/638 630/1655/105 598/1653/730
f 623/1654/44 622/1652/45 625/1589/46
f 510/1708/624 623/1654/44 625/1589/46
f 598/1653/730 621/1590/41 623/1654/44
f 510/1708/624 598/1653/730 623/1654/44
f 165/2929/621 597/2927/731 598/1653/730 510/1708/624
f 597/2927/731 169/1762/636 521/1747/638 598/1653/730
f 600/253/732 518/268/632 169/2928/636 597/269/731
f 507/254/620 600/253/732 597/269/731 165/270/621
f 164/236/617 599/235/733 600/253/732 507/254/620
f 599/235/733 167/252/630 518/268/632 600/253/732
f 601/219/734 514/234/626 167/252/630 599/235/733
f 504/220/616 601/219/734 599/235/733 164/236/617
f 151/205/564 470/206/571 601/219/734 504/220/616
f 470/206/571 153/218/572 514/234/626 601/219/734
f 12/2/735 692/452/736 712/3113/737 32/3/738
s off
f 14/2027/739 694/2028/740 692/452/741 12/2/742
s 1
f 4/2529/84 684/2531/743 696/2532/744 16/2528/83
s off
f 16/2029/745 696/2030/746 694/2028/747 14/2027/748
s 1
f 724/2853/749 44/2856/750 3/2858/62 683/2844/751
f 725/2854/752 45/2855/753 44/2856/750 724/2853/749
f 723/2600/754 43/2601/755 45/2855/753 725/2854/752
f 43/2601/755 723/2600/754 681/1064/756 1/777/757
f 8/2822/49 688/1376/758 683/1329/751 3/2846/62
f 688/2819/758 8/1375/49 52/5/759 732/2820/760
f 732/2820/760 52/5/759 32/3/738 712/3113/737
f 694/449/761 713/450/762 712/451/763 692/3112/764
f 2661/1277/185 2638/1250/182 2669/1276/765
f 2638/1250/182 2671/1267/189 2669/1276/765
f 693/3110/766 714/3111/767 715/1451/768 695/2602/769
f 2506/2501/770 2190/2496/10 2630/2497/11 2636/2502/771
f 704/2816/772 1309/1541/773 1301/1599/774
f 704/2816/772 1301/1599/774 1303/1665/775
f 704/2816/772 1303/1665/775 1302/1666/776
f 704/2816/772 1302/1666/776 1305/1600/777
f 704/2816/772 1305/1600/777 1304/1542/778
f 704/2816/772 1304/1542/778 1316/1492/779
f 704/2816/772 1316/1492/779 688/1376/758
f 688/1376/758 1316/1492/779 1317/1543/780
f 688/1376/758 1317/1543/780 1312/1601/781
f 688/1376/758 1312/1601/781 1314/1544/782
f 688/1376/758 1314/1544/782 1313/1493/783
f 688/1376/758 1313/1493/783 1315/1438/784
f 689/2834/785 1348/1377/786 1347/1404/787
f 689/2834/785 1347/1404/787 1323/1445/788
f 689/2834/785 1323/1445/788 1324/1501/789
f 689/2834/785 1324/1501/789 1325/1554/790
f 683/1329/751 688/1376/758 1297/1401/791
f 683/1329/751 1297/1401/791 1298/1439/792
f 683/1329/751 1298/1439/792 1300/1495/793
f 683/1329/751 1300/1495/793 1299/1546/794
f 683/1329/751 1299/1546/794 1359/1603/795
f 683/1329/751 1359/1603/795 1360/1669/796
f 683/1329/751 1360/1669/796 1357/1724/797
f 683/1329/751 1357/1724/797 1358/1728/798
f 683/1329/751 1358/1728/798 1326/1672/799
f 683/1329/751 1326/1672/799 1327/1606/800
f 683/1329/751 1327/1606/800 1341/1550/801
f 683/1329/751 1341/1550/801 1340/1499/802
f 683/1329/751 1340/1499/802 1338/1442/803
f 683/1329/751 1338/1442/803 1339/1403/804
f 683/1329/751 1339/1403/804 1348/1377/786
f 683/1329/751 1348/1377/786 689/2834/785
f 1297/1401/791 688/1376/758 1315/1438/784
f 2192/2507/805 2506/2501/770 2636/2502/771 2552/2508/806
f 698/2536/807 686/2535/808 682/2868/809 699/2867/810
f 700/2534/811 687/2533/812 686/2535/808 698/2536/807
f 696/2532/744 684/2531/743 687/2533/812 700/2534/811
f 2552/2508/806 2636/2502/771 2634/1226/813 2206/1237/814
f 701/458/815 690/459/816 685/460/817 697/461/818
f 702/462/819 691/463/820 690/459/816 701/458/815
f 699/468/821 682/469/822 691/463/820 702/462/819
f 705/2786/823 1335/1796/824 1333/1775/825
f 705/2786/823 1333/1775/825 1334/1755/826
f 705/2786/823 1334/1755/826 1319/1718/827
f 705/2786/823 1319/1718/827 1318/1661/828
f 705/2786/823 1318/1661/828 1306/1597/829
f 705/2786/823 1306/1597/829 703/2817/830
f 703/2817/830 1306/1597/829 1307/1662/831
f 703/2817/830 1307/1662/831 1308/1720/832
f 703/2817/830 1308/1720/832 1310/1663/833
f 703/2817/830 1310/1663/833 1311/1598/834
f 703/2817/830 1311/1598/834 1309/1541/773
f 703/2817/830 1309/1541/773 704/2816/772
f 706/2784/835 1290/1752/836 1289/1753/837
f 706/2784/835 1289/1753/837 1291/1716/838
f 706/2784/835 1291/1716/838 1292/1660/839
f 706/2784/835 1292/1660/839 705/2786/823
f 1293/1717/840 1294/1754/841 705/2786/823
f 705/2786/823 1294/1754/841 1295/1774/842
f 705/2786/823 1295/1774/842 1336/1795/843
f 1336/1795/843 1295/1774/842 1296/1819/844
f 705/2786/823 1336/1795/843 1337/1820/845
f 705/2786/823 1337/1820/845 1335/1796/824
f 1293/1717/840 705/2786/823 1292/1660/839
f 706/2784/835 707/2785/846 708/1715/847
f 708/1715/847 1355/1815/848 1354/1794/849
f 708/1715/847 1354/1794/849 1356/1770/850
f 708/1715/847 1356/1770/850 1290/1752/836
f 708/1715/847 1290/1752/836 706/2784/835
f 1352/1838/851 1353/1839/852 1355/1815/848
f 1352/1838/851 1355/1815/848 708/1715/847
f 1352/1838/851 708/1715/847 709/1850/853
f 1352/1838/851 709/1850/853 1349/1870/854
f 1351/1872/855 1350/1876/856 1349/1870/854
f 1351/1872/855 1349/1870/854 709/1850/853
f 1351/1872/855 709/1850/853 1331/1873/857
f 1351/1872/855 1331/1873/857 1332/1864/858
f 709/1850/853 1329/1824/859 1328/1849/860
f 709/1850/853 1328/1849/860 1330/1865/861
f 709/1850/853 1330/1865/861 1331/1873/857
f 710/2838/862 1320/1506/863 1342/1557/864
f 710/2838/862 1342/1557/864 1343/1617/865
f 710/2838/862 1343/1617/865 1344/1614/866
f 1320/1506/863 710/2838/862 1321/1452/867
f 1321/1452/867 710/2838/862 689/2834/785
f 1321/1452/867 689/2834/785 1322/1507/868
f 1322/1507/868 689/2834/785 1325/1554/790
f 711/1449/869 1288/1682/870 1286/1733/871
f 711/1449/869 1286/1733/871 1287/1757/872
f 711/1449/869 1287/1757/872 1282/1779/873
f 711/1449/869 1282/1779/873 1283/1801/874
f 711/1449/869 1283/1801/874 1329/1824/859
f 711/1449/869 1329/1824/859 709/1850/853
f 1344/1614/866 1345/1555/875 710/2838/862
f 710/2838/862 1345/1555/875 1346/1504/876
f 710/2838/862 1346/1504/876 711/1449/869
f 711/1449/869 1346/1504/876 1284/1556/877
f 711/1449/869 1284/1556/877 1285/1616/878
f 711/1449/869 1285/1616/878 1288/1682/870
f 716/2539/879 698/2536/807 699/2867/810 717/2866/880
f 718/2538/881 700/2534/811 698/2536/807 716/2539/879
f 720/2537/882 696/2532/744 700/2534/811 718/2538/881
f 715/1451/768 719/1505/883 697/2603/884 695/2602/769
f 720/453/885 713/450/762 694/449/761 696/454/886
f 721/466/887 701/458/815 697/461/818 719/467/888
f 722/470/889 702/462/819 701/458/815 721/466/887
f 717/475/890 699/468/821 702/462/819 722/470/889
f 2636/2502/771 2630/2497/11 2225/1227/13 2634/1226/813
f 722/470/889 726/476/891 727/2865/892 717/475/890
f 726/476/891 708/484/847 707/2864/846 727/2865/892
f 721/466/887 728/473/893 726/476/891 722/470/889
f 728/473/893 709/481/853 708/484/847 726/476/891
f 715/1451/768 729/1408/894 730/1450/895 719/1505/883
f 729/1408/894 710/1407/862 711/2837/869 730/1450/895
f 688/2818/758 732/455/896 733/456/897 704/1437/772
f 732/455/896 712/451/763 713/450/762 733/456/897
f 710/1407/862 729/1408/894 731/2836/898 689/2833/785
f 729/1408/894 715/1451/768 714/3111/767 731/2836/898
f 706/1596/835 734/1595/899 727/483/900 707/490/846
f 734/1595/899 716/2539/879 717/2866/880 727/483/900
f 705/1540/823 735/1539/901 734/1595/899 706/1596/835
f 735/1539/901 718/2538/881 716/2539/879 734/1595/899
f 703/2782/830 736/2783/902 735/1539/901 705/1540/823
f 736/2783/902 720/2537/882 718/2538/881 735/1539/901
f 704/1437/772 733/456/897 736/457/903 703/1491/830
f 733/456/897 713/450/762 720/453/885 736/457/903
f 709/481/853 728/473/893 730/474/904 711/482/869
f 728/473/893 721/466/887 719/467/888 730/474/904
f 2634/1226/813 2225/1227/13 2627/1221/17 2635/1220/905
f 2206/1237/814 2634/1226/813 2635/1220/905 2556/1229/906
f 2556/1229/906 2635/1220/905 2632/3099/907 2208/3062/908
f 2635/1220/905 2627/1221/17 2224/3098/19 2632/3099/907
f 2632/1215/907 2224/1216/19 2624/1210/23 2633/1207/3
f 2208/1223/908 2632/1215/907 2633/1207/3 2560/1218/909
f 2560/1218/909 2633/1207/3 2694/1213/910
f 2633/1207/3 2693/1209/4 2694/1213/910
f 2560/1218/909 2694/1213/910 2679/1225/911
f 2624/1210/23 2696/1205/1 2633/1207/3
f 869/2031/912 866/2032/913 737/2033/914 868/2034/915
f 867/2035/916 738/2036/917 866/2032/913 869/2031/912
f 867/2035/916 869/2031/912 868/2034/915 739/2041/918
f 872/2039/919 868/2034/915 737/2033/914 871/2040/920
f 870/2048/921 739/2041/918 868/2034/915 872/2039/919
f 870/2048/921 872/2039/919 871/2040/920 740/2051/922
f 875/2049/923 871/2040/920 737/2033/914 874/2050/924
f 873/2062/925 740/2051/922 871/2040/920 875/2049/923
f 873/2062/925 875/2049/923 874/2050/924 741/2065/926
f 878/2063/927 874/2050/924 737/2033/914 877/2064/928
f 876/2080/929 741/2065/926 874/2050/924 878/2063/927
f 876/2080/929 878/2063/927 877/2064/928 742/2083/930
f 883/2068/931 879/2069/932 746/2054/933 882/2053/934
f 880/2087/935 743/2088/936 879/2069/932 883/2068/931
f 744/2106/937 880/2087/935 883/2068/931 881/2086/938
f 881/2086/938 883/2068/931 882/2053/934 745/2067/939
f 886/2042/940 884/2043/941 738/2036/917 867/2035/916
f 882/2053/934 746/2054/933 884/2043/941 886/2042/940
f 745/2067/939 882/2053/934 886/2042/940 885/2052/942
f 885/2052/942 886/2042/940 867/2035/916 739/2041/918
f 890/2099/943 881/2086/938 745/2067/939 889/2078/944
f 887/560/945 744/2106/937 881/2086/938 890/2099/943
f 747/544/946 887/560/945 890/2099/943 888/561/947
f 888/561/947 890/2099/943 889/2078/944 748/2085/948
f 892/2061/949 885/2052/942 739/2041/918 870/2048/921
f 889/2078/944 745/2067/939 885/2052/942 892/2061/949
f 748/2085/948 889/2078/944 892/2061/949 891/2066/950
f 891/2066/950 892/2061/949 870/2048/921 740/2051/922
f 896/545/951 888/561/947 748/2085/948 895/562/952
f 893/530/953 747/544/946 888/561/947 896/545/951
f 749/531/954 893/530/953 896/545/951 894/546/955
f 894/546/955 896/545/951 895/562/952 750/563/956
f 898/2079/957 891/2066/950 740/2051/922 873/2062/925
f 895/562/952 748/2085/948 891/2066/950 898/2079/957
f 750/563/956 895/562/952 898/2079/957 897/2084/958
f 897/2084/958 898/2079/957 873/2062/925 741/2065/926
f 902/564/959 894/546/955 750/563/956 901/579/960
f 899/547/961 749/531/954 894/546/955 902/564/959
f 751/565/962 899/547/961 902/564/959 900/580/963
f 900/580/963 902/564/959 901/579/960 752/593/964
f 904/2100/965 897/2084/958 741/2065/926 876/2080/929
f 901/579/960 750/563/956 897/2084/958 904/2100/965
f 752/593/964 901/579/960 904/2100/965 903/2105/966
f 903/2105/966 904/2100/965 876/2080/929 742/2083/930
f 909/2604/967 905/2605/968 756/2606/969 908/2607/970
f 906/2608/971 753/2609/972 905/2605/968 909/2604/967
f 754/2617/973 906/2608/971 909/2604/967 907/2612/974
f 907/2612/974 909/2604/967 908/2607/970 755/2613/975
f 912/2107/976 910/2108/977 743/2088/936 880/2087/935
f 908/2607/970 756/2606/969 910/2108/977 912/2107/976
f 755/2613/975 908/2607/970 912/2107/976 911/2124/978
f 911/2124/978 912/2107/976 880/2087/935 744/2106/937
f 916/515/979 907/2612/974 755/2613/975 915/528/980
f 913/514/981 754/2617/973 907/2612/974 916/515/979
f 757/504/982 913/514/981 916/515/979 914/505/983
f 914/505/983 916/515/979 915/528/980 758/516/984
f 918/543/985 911/2124/978 744/2106/937 887/560/945
f 915/528/980 755/2613/975 911/2124/978 918/543/985
f 758/516/984 915/528/980 918/543/985 917/529/986
f 917/529/986 918/543/985 887/560/945 747/544/946
f 922/500/987 914/505/983 758/516/984 921/506/988
f 919/499/989 757/504/982 914/505/983 922/500/987
f 759/498/990 919/499/989 922/500/987 920/501/991
f 920/501/991 922/500/987 921/506/988 760/507/992
f 924/517/993 917/529/986 747/544/946 893/530/953
f 921/506/988 758/516/984 917/529/986 924/517/993
f 760/507/992 921/506/988 924/517/993 923/518/994
f 923/518/994 924/517/993 893/530/953 749/531/954
f 928/509/995 920/501/991 760/507/992 927/519/996
f 925/508/997 759/498/990 920/501/991 928/509/995
f 761/520/998 925/508/997 928/509/995 926/521/999
f 926/521/999 928/509/995 927/519/996 762/533/1000
f 930/532/1001 923/518/994 749/531/954 899/547/961
f 927/519/996 760/507/992 923/518/994 930/532/1001
f 762/533/1000 927/519/996 930/532/1001 929/548/1002
f 929/548/1002 930/532/1001 899/547/961 751/565/962
f 933/2037/1003 931/2044/1004 763/2045/1005 932/2038/1006
f 866/2032/913 738/2036/917 931/2044/1004 933/2037/1003
f 866/2032/913 933/2037/1003 932/2038/1006 737/2033/914
f 936/2046/1007 934/2057/1008 764/2058/1009 935/2047/1010
f 932/2038/1006 763/2045/1005 934/2057/1008 936/2046/1007
f 932/2038/1006 936/2046/1007 935/2047/1010 737/2033/914
f 939/2059/1011 937/2074/1012 765/2075/1013 938/2060/1014
f 935/2047/1010 764/2058/1009 937/2074/1012 939/2059/1011
f 935/2047/1010 939/2059/1011 938/2060/1014 737/2033/914
f 942/2076/1015 940/2095/1016 766/2096/1017 941/2077/1018
f 938/2060/1014 765/2075/1013 940/2095/1016 942/2076/1015
f 938/2060/1014 942/2076/1015 941/2077/1018 737/2033/914
f 946/2089/1019 943/2070/1020 746/2054/933 879/2069/932
f 944/2091/1021 767/2072/1022 943/2070/1020 946/2089/1019
f 768/2111/1023 944/2091/1021 946/2089/1019 945/2109/1024
f 945/2109/1024 946/2089/1019 879/2069/932 743/2088/936
f 948/2055/1025 931/2044/1004 738/2036/917 884/2043/941
f 947/2056/1026 763/2045/1005 931/2044/1004 948/2055/1025
f 767/2072/1022 947/2056/1026 948/2055/1025 943/2070/1020
f 943/2070/1020 948/2055/1025 884/2043/941 746/2054/933
f 952/2110/1027 949/2090/1028 767/2072/1022 944/2091/1021
f 950/3043/1029 769/3042/1030 949/2090/1028 952/2110/1027
f 770/663/1031 950/3043/1029 952/2110/1027 951/680/1032
f 951/680/1032 952/2110/1027 944/2091/1021 768/2111/1023
f 954/2071/1033 934/2057/1008 763/2045/1005 947/2056/1026
f 953/2073/1034 764/2058/1009 934/2057/1008 954/2071/1033
f 769/3042/1030 953/2073/1034 954/2071/1033 949/2090/1028
f 949/2090/1028 954/2071/1033 947/2056/1026 767/2072/1022
f 958/662/1035 955/678/1036 769/2093/1030 950/679/1029
f 956/661/1037 771/677/1038 955/678/1036 958/662/1035
f 772/647/1039 956/661/1037 958/662/1035 957/648/1040
f 957/648/1040 958/662/1035 950/679/1029 770/3040/1031
f 960/2092/1041 937/2074/1012 764/2058/1009 953/2073/1034
f 959/2094/1042 765/2075/1013 937/2074/1012 960/2092/1041
f 771/677/1038 959/2094/1042 960/2092/1041 955/678/1036
f 955/678/1036 960/2092/1041 953/2073/1034 769/2093/1030
f 964/675/1043 961/693/1044 771/677/1038 956/661/1037
f 962/691/1045 773/707/1046 961/693/1044 964/675/1043
f 774/673/1047 962/691/1045 964/675/1043 963/659/1048
f 963/659/1048 964/675/1043 956/661/1037 772/647/1039
f 966/2112/1049 940/2095/1016 765/2075/1013 959/2094/1042
f 965/2113/1050 766/2096/1017 940/2095/1016 966/2112/1049
f 773/707/1046 965/2113/1050 966/2112/1049 961/693/1044
f 961/693/1044 966/2112/1049 959/2094/1042 771/677/1038
f 970/2610/1051 967/2611/1052 756/2606/969 905/2605/968
f 968/2618/1053 775/2619/1054 967/2611/1052 970/2610/1051
f 776/2624/1055 968/2618/1053 970/2610/1051 969/2616/1056
f 969/2616/1056 970/2610/1051 905/2605/968 753/2609/972
f 972/2125/1057 945/2109/1024 743/2088/936 910/2108/977
f 971/2126/1058 768/2111/1023 945/2109/1024 972/2125/1057
f 775/2619/1054 971/2126/1058 972/2125/1057 967/2611/1052
f 967/2611/1052 972/2125/1057 910/2108/977 756/2606/969
f 976/651/1059 973/650/1060 775/2619/1054 968/2618/1053
f 974/3041/1061 777/3038/1062 973/650/1060 976/651/1059
f 778/652/1063 974/3041/1061 976/651/1059 975/665/1064
f 975/665/1064 976/651/1059 968/2618/1053 776/2624/1055
f 978/664/1065 951/680/1032 768/2111/1023 971/2126/1058
f 977/3039/1066 770/663/1031 951/680/1032 978/664/1065
f 777/3038/1062 977/3039/1066 978/664/1065 973/650/1060
f 973/650/1060 978/664/1065 971/2126/1058 775/2619/1054
f 982/634/1067 979/633/1068 777/639/1062 974/640/1061
f 980/631/1069 779/632/1070 979/633/1068 982/634/1067
f 780/641/1071 980/631/1069 982/634/1067 981/642/1072
f 981/642/1072 982/634/1067 974/640/1061 778/3028/1063
f 984/638/1073 957/648/1040 770/3040/1031 977/649/1066
f 983/637/1074 772/647/1039 957/648/1040 984/638/1073
f 779/632/1070 983/637/1074 984/638/1073 979/633/1068
f 979/633/1068 984/638/1073 977/649/1066 777/639/1062
f 988/635/1075 985/636/1076 779/632/1070 980/631/1069
f 986/643/1077 781/644/1078 985/636/1076 988/635/1075
f 782/658/1079 986/643/1077 988/635/1075 987/646/1080
f 987/646/1080 988/635/1075 980/631/1069 780/641/1071
f 990/645/1081 963/659/1048 772/647/1039 983/637/1074
f 989/657/1082 774/673/1047 963/659/1048 990/645/1081
f 781/644/1078 989/657/1082 990/645/1081 985/636/1076
f 985/636/1076 990/645/1081 983/637/1074 779/632/1070
f 994/2138/1083 991/2146/1084 783/2136/1085 993/2122/1086
f 992/2137/1087 784/2148/1088 991/2146/1084 994/2138/1083
f 992/2137/1087 994/2138/1083 993/2122/1086 737/2033/914
f 997/2123/1089 995/2134/1090 785/2121/1091 996/2103/1092
f 993/2122/1086 783/2136/1085 995/2134/1090 997/2123/1089
f 993/2122/1086 997/2123/1089 996/2103/1092 737/2033/914
f 1000/2104/1093 998/2118/1094 786/2101/1095 999/2081/1096
f 996/2103/1092 785/2121/1091 998/2118/1094 1000/2104/1093
f 996/2103/1092 1000/2104/1093 999/2081/1096 737/2033/914
f 1002/2082/1097 1001/2102/1098 742/2083/930 877/2064/928
f 999/2081/1096 786/2101/1095 1001/2102/1098 1002/2082/1097
f 999/2081/1096 1002/2082/1097 877/2064/928 737/2033/914
f 1007/2167/1099 1003/2161/1100 790/2163/1101 1006/2169/1102
f 1004/2162/1103 787/2155/1104 1003/2161/1100 1007/2167/1099
f 788/2168/1105 1004/2162/1103 1007/2167/1099 1005/2172/1106
f 1005/2172/1106 1007/2167/1099 1006/2169/1102 789/2174/1107
f 1010/2154/1108 991/2146/1084 784/2148/1088 1009/2156/1109
f 1008/2147/1110 783/2136/1085 991/2146/1084 1010/2154/1108
f 787/2155/1104 1008/2147/1110 1010/2154/1108 1003/2161/1100
f 1003/2161/1100 1010/2154/1108 1009/2156/1109 790/2163/1101
f 1014/2160/1111 1011/2153/1112 787/2155/1104 1004/2162/1103
f 1012/3037/1113 791/3036/1114 1011/2153/1112 1014/2160/1111
f 792/618/1115 1012/3037/1113 1014/2160/1111 1013/626/1116
f 1013/626/1116 1014/2160/1111 1004/2162/1103 788/2168/1105
f 1016/2144/1117 995/2134/1090 783/2136/1085 1008/2147/1110
f 1015/2135/1118 785/2121/1091 995/2134/1090 1016/2144/1117
f 791/3036/1114 1015/2135/1118 1016/2144/1117 1011/2153/1112
f 1011/2153/1112 1016/2144/1117 1008/2147/1110 787/2155/1104
f 1020/617/1119 1017/624/1120 791/2145/1114 1012/625/1113
f 1018/607/1121 793/616/1122 1017/624/1120 1020/617/1119
f 794/595/1123 1018/607/1121 1020/617/1119 1019/608/1124
f 1019/608/1124 1020/617/1119 1012/625/1113 792/3034/1115
f 1022/2133/1125 998/2118/1094 785/2121/1091 1015/2135/1118
f 1021/2120/1126 786/2101/1095 998/2118/1094 1022/2133/1125
f 793/616/1122 1021/2120/1126 1022/2133/1125 1017/624/1120
f 1017/624/1120 1022/2133/1125 1015/2135/1118 791/2145/1114
f 1025/594/1127 1023/606/1128 793/616/1122 1018/607/1121
f 900/580/963 752/593/964 1023/606/1128 1025/594/1127
f 751/565/962 900/580/963 1025/594/1127 1024/581/1129
f 1024/581/1129 1025/594/1127 1018/607/1121 794/595/1123
f 1026/2119/1130 1001/2102/1098 786/2101/1095 1021/2120/1126
f 903/2105/966 742/2083/930 1001/2102/1098 1026/2119/1130
f 752/593/964 903/2105/966 1026/2119/1130 1023/606/1128
f 1023/606/1128 1026/2119/1130 1021/2120/1126 793/616/1122
f 1031/2634/1131 1027/2635/1132 798/2636/1133 1030/2637/1134
f 1028/2638/1135 795/2639/1136 1027/2635/1132 1031/2634/1131
f 796/2644/1137 1028/2638/1135 1031/2634/1131 1029/2642/1138
f 1029/2642/1138 1031/2634/1131 1030/2637/1134 797/2643/1139
f 1034/2177/1140 1005/2172/1106 789/2174/1107 1033/2178/1141
f 1032/2173/1142 788/2168/1105 1005/2172/1106 1034/2177/1140
f 795/2639/1136 1032/2173/1142 1034/2177/1140 1027/2635/1132
f 1027/2635/1132 1034/2177/1140 1033/2178/1141 798/2636/1133
f 1038/598/1143 1035/610/1144 795/2639/1136 1028/2638/1135
f 1036/3035/1145 799/3032/1146 1035/610/1144 1038/598/1143
f 800/585/1147 1036/3035/1145 1038/598/1143 1037/599/1148
f 1037/599/1148 1038/598/1143 1028/2638/1135 796/2644/1137
f 1040/619/1149 1013/626/1116 788/2168/1105 1032/2173/1142
f 1039/3033/1150 792/618/1115 1013/626/1116 1040/619/1149
f 799/3032/1146 1039/3033/1150 1040/619/1149 1035/610/1144
f 1035/610/1144 1040/619/1149 1032/2173/1142 795/2639/1136
f 1044/568/1151 1041/583/1152 799/597/1146 1036/584/1145
f 1042/550/1153 801/567/1154 1041/583/1152 1044/568/1151
f 802/551/1155 1042/550/1153 1044/568/1151 1043/569/1156
f 1043/569/1156 1044/568/1151 1036/584/1145 800/3031/1147
f 1046/596/1157 1019/608/1124 792/3034/1115 1039/609/1150
f 1045/582/1158 794/595/1123 1019/608/1124 1046/596/1157
f 801/567/1154 1045/582/1158 1046/596/1157 1041/583/1152
f 1041/583/1152 1046/596/1157 1039/609/1150 799/597/1146
f 1049/534/1159 1047/549/1160 801/567/1154 1042/550/1153
f 926/521/999 762/533/1000 1047/549/1160 1049/534/1159
f 761/520/998 926/521/999 1049/534/1159 1048/535/1161
f 1048/535/1161 1049/534/1159 1042/550/1153 802/551/1155
f 1050/566/1162 1024/581/1129 794/595/1123 1045/582/1158
f 929/548/1002 751/565/962 1024/581/1129 1050/566/1162
f 762/533/1000 929/548/1002 1050/566/1162 1047/549/1160
f 1047/549/1160 1050/566/1162 1045/582/1158 801/567/1154
f 1053/2143/1163 992/2137/1087 737/2033/914 1052/2132/1164
f 1051/2152/1165 784/2148/1088 992/2137/1087 1053/2143/1163
f 1051/2152/1165 1053/2143/1163 1052/2132/1164 803/2142/1166
f 1056/2131/1167 1052/2132/1164 737/2033/914 1055/2117/1168
f 1054/2141/1169 803/2142/1166 1052/2132/1164 1056/2131/1167
f 1054/2141/1169 1056/2131/1167 1055/2117/1168 804/2130/1170
f 1059/2116/1171 1055/2117/1168 737/2033/914 1058/2098/1172
f 1057/2129/1173 804/2130/1170 1055/2117/1168 1059/2116/1171
f 1057/2129/1173 1059/2116/1171 1058/2098/1172 805/2115/1174
f 1061/2097/1175 1058/2098/1172 737/2033/914 941/2077/1018
f 1060/2114/1176 805/2115/1174 1058/2098/1172 1061/2097/1175
f 1060/2114/1176 1061/2097/1175 941/2077/1018 766/2096/1017
f 1065/2171/1177 1006/2169/1102 790/2163/1101 1064/2166/1178
f 1062/2176/1179 789/2174/1107 1006/2169/1102 1065/2171/1177
f 806/2170/1180 1062/2176/1179 1065/2171/1177 1063/2165/1181
f 1063/2165/1181 1065/2171/1177 1064/2166/1178 807/2158/1182
f 1067/2159/1183 1009/2156/1109 784/2148/1088 1051/2152/1165
f 1064/2166/1178 790/2163/1101 1009/2156/1109 1067/2159/1183
f 807/2158/1182 1064/2166/1178 1067/2159/1183 1066/2151/1184
f 1066/2151/1184 1067/2159/1183 1051/2152/1165 803/2142/1166
f 1071/2164/1185 1063/2165/1181 807/2158/1182 1070/2157/1186
f 1068/747/1187 806/2170/1180 1063/2165/1181 1071/2164/1185
f 808/736/1188 1068/747/1187 1071/2164/1185 1069/748/1189
f 1069/748/1189 1071/2164/1185 1070/2157/1186 809/2149/1190
f 1073/2150/1191 1066/2151/1184 803/2142/1166 1054/2141/1169
f 1070/2157/1186 807/2158/1182 1066/2151/1184 1073/2150/1191
f 809/2149/1190 1070/2157/1186 1073/2150/1191 1072/2140/1192
f 1072/2140/1192 1073/2150/1191 1054/2141/1169 804/2130/1170
f 1077/737/1193 1069/748/1189 809/2149/1190 1076/749/1194
f 1074/721/1195 808/736/1188 1069/748/1189 1077/737/1193
f 810/705/1196 1074/721/1195 1077/737/1193 1075/722/1197
f 1075/722/1197 1077/737/1193 1076/749/1194 811/738/1198
f 1079/2139/1199 1072/2140/1192 804/2130/1170 1057/2129/1173
f 1076/749/1194 809/2149/1190 1072/2140/1192 1079/2139/1199
f 811/738/1198 1076/749/1194 1079/2139/1199 1078/2128/1200
f 1078/2128/1200 1079/2139/1199 1057/2129/1173 805/2115/1174
f 1082/706/1201 1075/722/1197 811/738/1198 1081/723/1202
f 1080/690/1203 810/705/1196 1075/722/1197 1082/706/1201
f 774/673/1047 1080/690/1203 1082/706/1201 962/691/1045
f 962/691/1045 1082/706/1201 1081/723/1202 773/707/1046
f 1083/2127/1204 1078/2128/1200 805/2115/1174 1060/2114/1176
f 1081/723/1202 811/738/1198 1078/2128/1200 1083/2127/1204
f 773/707/1046 1081/723/1202 1083/2127/1204 965/2113/1050
f 965/2113/1050 1083/2127/1204 1060/2114/1176 766/2096/1017
f 1087/2640/1205 1030/2637/1134 798/2636/1133 1086/2641/1206
f 1084/2645/1207 797/2643/1139 1030/2637/1134 1087/2640/1205
f 812/2652/1208 1084/2645/1207 1087/2640/1205 1085/2646/1209
f 1085/2646/1209 1087/2640/1205 1086/2641/1206 813/2647/1210
f 1089/2179/1211 1033/2178/1141 789/2174/1107 1062/2176/1179
f 1086/2641/1206 798/2636/1133 1033/2178/1141 1089/2179/1211
f 813/2647/1210 1086/2641/1206 1089/2179/1211 1088/2175/1212
f 1088/2175/1212 1089/2179/1211 1062/2176/1179 806/2170/1180
f 1093/718/1213 1085/2646/1209 813/2647/1210 1092/719/1214
f 1090/734/1215 812/2652/1208 1085/2646/1209 1093/718/1213
f 814/717/1216 1090/734/1215 1093/718/1213 1091/702/1217
f 1091/702/1217 1093/718/1213 1092/719/1214 815/703/1218
f 1095/735/1219 1088/2175/1212 806/2170/1180 1068/747/1187
f 1092/719/1214 813/2647/1210 1088/2175/1212 1095/735/1219
f 815/703/1218 1092/719/1214 1095/735/1219 1094/720/1220
f 1094/720/1220 1095/735/1219 1068/747/1187 808/736/1188
f 1099/687/1221 1091/702/1217 815/703/1218 1098/688/1222
f 1096/701/1223 814/717/1216 1091/702/1217 1099/687/1221
f 816/686/1224 1096/701/1223 1099/687/1221 1097/670/1225
f 1097/670/1225 1099/687/1221 1098/688/1222 817/671/1226
f 1101/704/1227 1094/720/1220 808/736/1188 1074/721/1195
f 1098/688/1222 815/703/1218 1094/720/1220 1101/704/1227
f 817/671/1226 1098/688/1222 1101/704/1227 1100/689/1228
f 1100/689/1228 1101/704/1227 1074/721/1195 810/705/1196
f 1104/655/1229 1097/670/1225 817/671/1226 1103/656/1230
f 1102/669/1231 816/686/1224 1097/670/1225 1104/655/1229
f 782/658/1079 1102/669/1231 1104/655/1229 986/643/1077
f 986/643/1077 1104/655/1229 1103/656/1230 781/644/1078
f 1105/672/1232 1100/689/1228 810/705/1196 1080/690/1203
f 1103/656/1230 817/671/1226 1100/689/1228 1105/672/1232
f 781/644/1078 1103/656/1230 1105/672/1232 989/657/1082
f 989/657/1082 1105/672/1232 1080/690/1203 774/673/1047
f 1109/746/1233 1106/2657/1234 812/2652/1208 1090/734/1215
f 1107/755/1235 818/2662/1236 1106/2657/1234 1109/746/1233
f 819/745/1237 1107/755/1235 1109/746/1233 1108/733/1238
f 1108/733/1238 1109/746/1233 1090/734/1215 814/717/1216
f 1112/716/1239 1108/733/1238 814/717/1216 1096/701/1223
f 1110/732/1240 819/745/1237 1108/733/1238 1112/716/1239
f 820/715/1241 1110/732/1240 1112/716/1239 1111/700/1242
f 1111/700/1242 1112/716/1239 1096/701/1223 816/686/1224
f 1115/2651/1243 1113/2648/1244 797/2643/1139 1084/2645/1207
f 1114/2656/1245 821/2653/1246 1113/2648/1244 1115/2651/1243
f 818/2662/1236 1114/2656/1245 1115/2651/1243 1106/2657/1234
f 1106/2657/1234 1115/2651/1243 1084/2645/1207 812/2652/1208
f 1118/685/1247 1111/700/1242 816/686/1224 1102/669/1231
f 1116/699/1248 820/715/1241 1111/700/1242 1118/685/1247
f 822/692/1249 1116/699/1248 1118/685/1247 1117/674/1250
f 1117/674/1250 1118/685/1247 1102/669/1231 782/658/1079
f 1121/2649/1251 1119/2650/1252 796/2644/1137 1029/2642/1138
f 1120/2654/1253 823/2655/1254 1119/2650/1252 1121/2649/1251
f 821/2653/1246 1120/2654/1253 1121/2649/1251 1113/2648/1244
f 1113/2648/1244 1121/2649/1251 1029/2642/1138 797/2643/1139
f 1124/660/1255 1117/674/1250 782/658/1079 987/646/1080
f 1122/676/1256 822/692/1249 1117/674/1250 1124/660/1255
f 824/668/1257 1122/676/1256 1124/660/1255 1123/654/1258
f 1123/654/1258 1124/660/1255 987/646/1080 780/641/1071
f 1127/605/1259 1125/3030/1260 800/585/1147 1037/599/1148
f 1126/615/1261 825/604/1262 1125/3030/1260 1127/605/1259
f 823/2655/1254 1126/615/1261 1127/605/1259 1119/2650/1252
f 1119/2650/1252 1127/605/1259 1037/599/1148 796/2644/1137
f 1130/653/1263 1123/654/1258 780/641/1071 981/642/1072
f 1128/667/1264 824/668/1257 1123/654/1258 1130/653/1263
f 826/3022/1265 1128/667/1264 1130/653/1263 1129/3029/1266
f 1129/3029/1266 1130/653/1263 981/642/1072 778/3028/1063
f 1133/578/1267 1131/559/1268 802/551/1155 1043/569/1156
f 1132/591/1269 827/577/1270 1131/559/1268 1133/578/1267
f 825/3027/1262 1132/591/1269 1133/578/1267 1125/592/1260
f 1125/592/1260 1133/578/1267 1043/569/1156 800/3031/1147
f 1136/681/1271 1129/666/1266 778/652/1063 975/665/1064
f 1134/695/1272 826/682/1265 1129/666/1266 1136/681/1271
f 828/2632/1273 1134/695/1272 1136/681/1271 1135/2629/1274
f 1135/2629/1274 1136/681/1271 975/665/1064 776/2624/1055
f 1139/542/1275 1137/527/1276 761/520/998 1048/535/1161
f 1138/558/1277 829/541/1278 1137/527/1276 1139/542/1275
f 827/577/1270 1138/558/1277 1139/542/1275 1131/559/1268
f 1131/559/1268 1139/542/1275 1048/535/1161 802/551/1155
f 1142/2622/1279 1135/2629/1274 776/2624/1055 969/2616/1056
f 1140/2627/1280 828/2632/1273 1135/2629/1274 1142/2622/1279
f 830/2621/1281 1140/2627/1280 1142/2622/1279 1141/2615/1282
f 1141/2615/1282 1142/2622/1279 969/2616/1056 753/2609/972
f 1145/513/1283 1143/502/1284 759/498/990 925/508/997
f 1144/525/1285 831/510/1286 1143/502/1284 1145/513/1283
f 829/541/1278 1144/525/1285 1145/513/1283 1137/527/1276
f 1137/527/1276 1145/513/1283 925/508/997 761/520/998
f 1148/2614/1287 1141/2615/1282 753/2609/972 906/2608/971
f 1146/2620/1288 830/2621/1281 1141/2615/1282 1148/2614/1287
f 832/2628/1289 1146/2620/1288 1148/2614/1287 1147/2623/1290
f 1147/2623/1290 1148/2614/1287 906/2608/971 754/2617/973
f 1151/503/1291 1149/512/1292 757/504/982 919/499/989
f 1150/511/1293 833/524/1294 1149/512/1292 1151/503/1291
f 831/510/1286 1150/511/1293 1151/503/1291 1143/502/1284
f 1143/502/1284 1151/503/1291 919/499/989 759/498/990
f 1153/526/1295 1147/2623/1290 754/2617/973 913/514/981
f 1152/540/1296 832/2628/1289 1147/2623/1290 1153/526/1295
f 833/524/1294 1152/540/1296 1153/526/1295 1149/512/1292
f 1149/512/1292 1153/526/1295 913/514/981 757/504/982
f 1157/600/1297 1132/591/1269 825/3027/1262 1156/3026/1298
f 1154/586/1299 827/577/1270 1132/591/1269 1157/600/1297
f 834/601/1300 1154/586/1299 1157/600/1297 1155/612/1301
f 1155/612/1301 1157/600/1297 1156/3026/1298 835/3025/1302
f 1161/622/1303 1155/612/1301 835/3025/1302 1160/3024/1304
f 1158/613/1305 834/601/1300 1155/612/1301 1161/622/1303
f 836/3016/1306 1158/613/1305 1161/622/1303 1159/3023/1307
f 1159/3023/1307 1161/622/1303 1160/3024/1304 837/2997/1308
f 1164/1602/1309 1159/629/1307 837/2998/1308 1163/1723/1310
f 1162/1545/1311 836/623/1306 1159/629/1307 1164/1602/1309
f 1164/1602/1309 1299/1546/794 1300/1495/793
f 1164/1602/1309 1300/1495/793 1162/1545/1311
f 1359/1603/795 1299/1546/794 1164/1602/1309
f 1360/1669/796 1359/1603/795 1164/1602/1309
f 1360/1669/796 1164/1602/1309 1163/1723/1310
f 1357/1724/797 1360/1669/796 1163/1723/1310
f 1168/684/1312 1128/667/1264 826/3022/1265 1167/3021/1313
f 1165/683/1314 824/668/1257 1128/667/1264 1168/684/1312
f 838/697/1315 1165/683/1314 1168/684/1312 1166/698/1316
f 1166/698/1316 1168/684/1312 1167/3021/1313 839/3020/1317
f 1172/713/1318 1166/698/1316 839/3020/1317 1171/3019/1319
f 1169/712/1320 838/697/1315 1166/698/1316 1172/713/1318
f 840/3003/1321 1169/712/1320 1172/713/1318 1170/3018/1322
f 1170/3018/1322 1172/713/1318 1171/3019/1319 841/2993/1323
f 1175/1859/1324 1170/729/1322 841/2994/1323 1174/1840/1325
f 1173/1848/1326 840/728/1321 1170/729/1322 1175/1859/1324
f 1175/1859/1324 1350/1876/856 1351/1872/855
f 1175/1859/1324 1351/1872/855 1173/1848/1326
f 1175/1859/1324 1352/1838/851 1349/1870/854
f 1175/1859/1324 1349/1870/854 1350/1876/856
f 1353/1839/852 1352/1838/851 1175/1859/1324
f 1353/1839/852 1175/1859/1324 1174/1840/1325
f 1354/1794/849 1355/1815/848 1353/1839/852
f 1354/1794/849 1353/1839/852 1174/1840/1325
f 1178/570/1327 1138/558/1277 827/577/1270 1154/586/1299
f 1176/552/1328 829/541/1278 1138/558/1277 1178/570/1327
f 842/571/1329 1176/552/1328 1178/570/1327 1177/587/1330
f 1177/587/1330 1178/570/1327 1154/586/1299 834/601/1300
f 1181/602/1331 1177/587/1330 834/601/1300 1158/613/1305
f 1179/588/1332 842/571/1329 1177/587/1330 1181/602/1331
f 843/3014/1333 1179/588/1332 1181/602/1331 1180/3017/1334
f 1180/3017/1334 1181/602/1331 1158/613/1305 836/3016/1306
f 1183/1494/1335 1180/614/1334 836/623/1306 1162/1545/1311
f 1182/1668/1336 843/603/1333 1180/614/1334 1183/1494/1335
f 1183/1494/1335 1313/1493/783 1314/1544/782
f 1183/1494/1335 1314/1544/782 1182/1668/1336
f 1315/1438/784 1313/1493/783 1183/1494/1335
f 1315/1438/784 1183/1494/1335 1297/1401/791
f 1298/1439/792 1297/1401/791 1183/1494/1335
f 1298/1439/792 1183/1494/1335 1162/1545/1311
f 1300/1495/793 1298/1439/792 1162/1545/1311
f 1186/536/1337 1144/525/1285 829/541/1278 1176/552/1328
f 1184/522/1338 831/510/1286 1144/525/1285 1186/536/1337
f 844/537/1339 1184/522/1338 1186/536/1337 1185/553/1340
f 1185/553/1340 1186/536/1337 1176/552/1328 842/571/1329
f 1189/572/1341 1185/553/1340 842/571/1329 1179/588/1332
f 1187/554/1342 844/537/1339 1185/553/1340 1189/572/1341
f 845/2987/1343 1187/554/1342 1189/572/1341 1188/3015/1344
f 1188/3015/1344 1189/572/1341 1179/588/1332 843/3014/1333
f 1191/1667/1345 1188/589/1344 843/603/1333 1182/1668/1336
f 1190/1721/1346 845/573/1343 1188/589/1344 1191/1667/1345
f 1191/1667/1345 1304/1542/778 1305/1600/777
f 1191/1667/1345 1305/1600/777 1190/1721/1346
f 1317/1543/780 1316/1492/779 1304/1542/778
f 1317/1543/780 1304/1542/778 1191/1667/1345
f 1312/1601/781 1317/1543/780 1191/1667/1345
f 1312/1601/781 1191/1667/1345 1182/1668/1336
f 1314/1544/782 1312/1601/781 1182/1668/1336
f 1195/557/1347 1152/540/1296 833/524/1294 1194/539/1348
f 1192/2630/1349 832/2628/1289 1152/540/1296 1195/557/1347
f 846/1847/1350 1192/2630/1349 1195/557/1347 1193/576/1351
f 1193/576/1351 1195/557/1347 1194/539/1348 847/556/1352
f 1199/590/1353 1193/576/1351 847/556/1352 1198/575/1354
f 1196/1822/1355 846/1847/1350 1193/576/1351 1199/590/1353
f 848/2990/1356 1196/1822/1355 1199/590/1353 1197/3013/1357
f 1197/3013/1357 1199/590/1353 1198/575/1354 849/1777/1358
f 1202/1719/1359 1197/1799/1357 849/2985/1358 1201/1756/1360
f 1200/1776/1361 848/1798/1356 1197/1799/1357 1202/1719/1359
f 1202/1719/1359 1318/1661/828 1319/1718/827
f 1202/1719/1359 1319/1718/827 1200/1776/1361
f 1306/1597/829 1318/1661/828 1202/1719/1359
f 1306/1597/829 1202/1719/1359 1307/1662/831
f 1308/1720/832 1307/1662/831 1202/1719/1359
f 1308/1720/832 1202/1719/1359 1201/1756/1360
f 1310/1663/833 1308/1720/832 1201/1756/1360
f 1206/759/1362 1107/755/1235 819/745/1237 1205/754/1363
f 1203/2663/1364 818/2662/1236 1107/755/1235 1206/759/1362
f 850/1730/1365 1203/2663/1364 1206/759/1362 1204/762/1366
f 1204/762/1366 1206/759/1362 1205/754/1363 851/758/1367
f 1210/763/1368 1204/762/1366 851/758/1367 1209/761/1369
f 1207/1679/1370 850/1730/1365 1204/762/1366 1210/763/1368
f 852/3010/1371 1207/1679/1370 1210/763/1368 1208/3012/1372
f 1208/3012/1372 1210/763/1368 1209/761/1369 853/1731/1373
f 1213/1558/1374 1208/1680/1372 853/3006/1373 1212/1681/1375
f 1211/1613/1376 852/1612/1371 1208/1680/1372 1213/1558/1374
f 1213/1558/1374 1321/1452/867 1322/1507/868
f 1213/1558/1374 1322/1507/868 1211/1613/1376
f 1342/1557/864 1320/1506/863 1321/1452/867
f 1342/1557/864 1321/1452/867 1213/1558/1374
f 1343/1617/865 1342/1557/864 1213/1558/1374
f 1343/1617/865 1213/1558/1374 1212/1681/1375
f 1212/1681/1375 1345/1555/875 1344/1614/866
f 1212/1681/1375 1344/1614/866 1343/1617/865
f 1216/2661/1377 1114/2656/1245 818/2662/1236 1203/2663/1364
f 1214/2659/1378 821/2653/1246 1114/2656/1245 1216/2661/1377
f 854/1677/1379 1214/2659/1378 1216/2661/1377 1215/1678/1380
f 1215/1678/1380 1216/2661/1377 1203/2663/1364 850/1730/1365
f 1219/1611/1381 1215/1678/1380 850/1730/1365 1207/1679/1370
f 1217/1610/1382 854/1677/1379 1215/1678/1380 1219/1611/1381
f 855/3008/1383 1217/1610/1382 1219/1611/1381 1218/3011/1384
f 1218/3011/1384 1219/1611/1381 1207/1679/1370 852/3010/1371
f 1221/1444/1385 1218/1553/1384 852/1612/1371 1211/1613/1376
f 1220/1443/1386 855/1552/1383 1218/1553/1384 1221/1444/1385
f 1221/1444/1385 1347/1404/787 1348/1377/786
f 1221/1444/1385 1348/1377/786 1220/1443/1386
f 1323/1445/788 1347/1404/787 1221/1444/1385
f 1324/1501/789 1323/1445/788 1221/1444/1385
f 1324/1501/789 1221/1444/1385 1211/1613/1376
f 1322/1507/868 1325/1554/790 1324/1501/789
f 1322/1507/868 1324/1501/789 1211/1613/1376
f 1224/2658/1387 1120/2654/1253 821/2653/1246 1214/2659/1378
f 1222/2660/1388 823/2655/1254 1120/2654/1253 1224/2658/1387
f 856/1729/1389 1222/2660/1388 1224/2658/1387 1223/1676/1390
f 1223/1676/1390 1224/2658/1387 1214/2659/1378 854/1677/1379
f 1227/1609/1391 1223/1676/1390 854/1677/1379 1217/1610/1382
f 1225/1675/1392 856/1729/1389 1223/1676/1390 1227/1609/1391
f 857/3000/1393 1225/1675/1392 1227/1609/1391 1226/3009/1394
f 1226/3009/1394 1227/1609/1391 1217/1610/1382 855/3008/1383
f 1229/1500/1395 1226/1551/1394 855/1552/1383 1220/1443/1386
f 1228/1607/1396 857/1608/1393 1226/1551/1394 1229/1500/1395
f 1229/1500/1395 1340/1499/802 1341/1550/801
f 1229/1500/1395 1341/1550/801 1228/1607/1396
f 1338/1442/803 1340/1499/802 1229/1500/1395
f 1339/1403/804 1338/1442/803 1229/1500/1395
f 1339/1403/804 1229/1500/1395 1220/1443/1386
f 1348/1377/786 1339/1403/804 1220/1443/1386
f 1232/1615/1397 1284/1556/877 1346/1504/876
f 1232/1615/1397 1346/1504/876 1345/1555/875
f 1232/1615/1397 1345/1555/875 1212/1681/1375
f 1286/1733/871 1288/1682/870 1285/1616/878
f 1286/1733/871 1285/1616/878 1230/1732/1398
f 1285/1616/878 1284/1556/877 1232/1615/1397
f 1285/1616/878 1232/1615/1397 1230/1732/1398
f 858/3004/1399 1230/1732/1398 1232/1615/1397 1231/3007/1400
f 1231/3007/1400 1232/1615/1397 1212/1681/1375 853/3006/1373
f 1235/757/1401 1231/760/1400 853/1731/1373 1209/761/1369
f 1233/752/1402 858/756/1399 1231/760/1400 1235/757/1401
f 859/743/1403 1233/752/1402 1235/757/1401 1234/753/1404
f 1234/753/1404 1235/757/1401 1209/761/1369 851/758/1367
f 1237/744/1405 1234/753/1404 851/758/1367 1205/754/1363
f 1236/731/1406 859/743/1403 1234/753/1404 1237/744/1405
f 820/715/1241 1236/731/1406 1237/744/1405 1110/732/1240
f 1110/732/1240 1237/744/1405 1205/754/1363 819/745/1237
f 1240/1778/1407 1282/1779/873 1287/1757/872
f 1240/1778/1407 1287/1757/872 1286/1733/871
f 1240/1778/1407 1286/1733/871 1230/1732/1398
f 1238/1800/1408 1328/1849/860 1329/1824/859
f 1238/1800/1408 1329/1824/859 1283/1801/874
f 1283/1801/874 1282/1779/873 1240/1778/1407
f 1283/1801/874 1240/1778/1407 1238/1800/1408
f 860/3001/1409 1238/1800/1408 1240/1778/1407 1239/3005/1410
f 1239/3005/1410 1240/1778/1407 1230/1732/1398 858/3004/1399
f 1243/742/1411 1239/751/1410 858/756/1399 1233/752/1402
f 1241/739/1412 860/750/1409 1239/751/1410 1243/742/1411
f 861/724/1413 1241/739/1412 1243/742/1411 1242/730/1414
f 1242/730/1414 1243/742/1411 1233/752/1402 859/743/1403
f 1245/714/1415 1242/730/1414 859/743/1403 1236/731/1406
f 1244/708/1416 861/724/1413 1242/730/1414 1245/714/1415
f 822/692/1249 1244/708/1416 1245/714/1415 1116/699/1248
f 1116/699/1248 1245/714/1415 1236/731/1406 820/715/1241
f 1247/1823/1417 1331/1873/857 1330/1865/861
f 1247/1823/1417 1330/1865/861 1328/1849/860
f 1247/1823/1417 1328/1849/860 1238/1800/1408
f 1351/1872/855 1332/1864/858 1173/1848/1326
f 1332/1864/858 1331/1873/857 1247/1823/1417
f 1332/1864/858 1247/1823/1417 1173/1848/1326
f 840/728/1321 1173/1848/1326 1247/1823/1417 1246/3002/1418
f 1246/3002/1418 1247/1823/1417 1238/1800/1408 860/3001/1409
f 1249/725/1419 1246/740/1418 860/750/1409 1241/739/1412
f 1169/712/1320 840/3003/1321 1246/740/1418 1249/725/1419
f 838/697/1315 1169/712/1320 1249/725/1419 1248/709/1420
f 1248/709/1420 1249/725/1419 1241/739/1412 861/724/1413
f 1250/694/1421 1248/709/1420 861/724/1413 1244/708/1416
f 1165/683/1314 838/697/1315 1248/709/1420 1250/694/1421
f 824/668/1257 1165/683/1314 1250/694/1421 1122/676/1256
f 1122/676/1256 1250/694/1421 1244/708/1416 822/692/1249
f 1252/1673/1422 1326/1672/799 1358/1728/798
f 1252/1673/1422 1358/1728/798 1357/1724/797
f 1252/1673/1422 1357/1724/797 1163/1723/1310
f 1341/1550/801 1327/1606/800 1228/1607/1396
f 1327/1606/800 1326/1672/799 1252/1673/1422
f 1327/1606/800 1252/1673/1422 1228/1607/1396
f 857/1608/1393 1228/1607/1396 1252/1673/1422 1251/2999/1423
f 1251/2999/1423 1252/1673/1422 1163/1723/1310 837/2998/1308
f 1254/630/1424 1251/1674/1423 837/1722/1308 1160/628/1304
f 1225/1675/1392 857/3000/1393 1251/1674/1423 1254/630/1424
f 856/1729/1389 1225/1675/1392 1254/630/1424 1253/627/1425
f 1253/627/1425 1254/630/1424 1160/628/1304 835/621/1302
f 1255/620/1426 1253/627/1425 835/621/1302 1156/611/1298
f 1222/2660/1388 856/1729/1389 1253/627/1425 1255/620/1426
f 823/2655/1254 1222/2660/1388 1255/620/1426 1126/615/1261
f 1126/615/1261 1255/620/1426 1156/611/1298 825/604/1262
f 1290/1752/836 1356/1770/850 1258/1771/1427
f 1290/1752/836 1258/1771/1427 1289/1753/837
f 1258/1771/1427 1356/1770/850 1354/1794/849
f 1258/1771/1427 1354/1794/849 1174/1840/1325
f 1293/1717/840 1292/1660/839 1291/1716/838
f 1293/1717/840 1291/1716/838 1256/1772/1428
f 1291/1716/838 1289/1753/837 1258/1771/1427
f 1291/1716/838 1258/1771/1427 1256/1772/1428
f 862/2991/1429 1256/1772/1428 1258/1771/1427 1257/2996/1430
f 1257/2996/1430 1258/1771/1427 1174/1840/1325 841/2995/1323
f 1261/741/1431 1257/1817/1430 841/1841/1323 1171/727/1319
f 1259/1842/1432 862/1816/1429 1257/1817/1430 1261/741/1431
f 863/1860/1433 1259/1842/1432 1261/741/1431 1260/726/1434
f 1260/726/1434 1261/741/1431 1171/727/1319 839/711/1317
f 1263/710/1435 1260/726/1434 839/711/1317 1167/696/1313
f 1262/2633/1436 863/1860/1433 1260/726/1434 1263/710/1435
f 828/2632/1273 1262/2633/1436 1263/710/1435 1134/695/1272
f 1134/695/1272 1263/710/1435 1167/696/1313 826/682/1265
f 1266/1773/1437 1295/1774/842 1294/1754/841
f 1266/1773/1437 1294/1754/841 1293/1717/840
f 1266/1773/1437 1293/1717/840 1256/1772/1428
f 1336/1795/843 1296/1819/844 1264/1844/1438
f 1296/1819/844 1295/1774/842 1266/1773/1437
f 1296/1819/844 1266/1773/1437 1264/1844/1438
f 864/2988/1439 1264/1844/1438 1266/1773/1437 1265/2992/1440
f 1265/2992/1440 1266/1773/1437 1256/1772/1428 862/2991/1429
f 1269/1845/1441 1265/1818/1440 862/1816/1429 1259/1842/1432
f 1267/1861/1442 864/1843/1439 1265/1818/1440 1269/1845/1441
f 865/1871/1443 1267/1861/1442 1269/1845/1441 1268/1862/1444
f 1268/1862/1444 1269/1845/1441 1259/1842/1432 863/1860/1433
f 1271/2631/1445 1268/1862/1444 863/1860/1433 1262/2633/1436
f 1270/2626/1446 865/1871/1443 1268/1862/1444 1271/2631/1445
f 830/2621/1281 1270/2626/1446 1271/2631/1445 1140/2627/1280
f 1140/2627/1280 1271/2631/1445 1262/2633/1436 828/2632/1273
f 1333/1775/825 1335/1796/824 1337/1820/845
f 1333/1775/825 1337/1820/845 1273/1797/1447
f 1273/1797/1447 1337/1820/845 1336/1795/843
f 1273/1797/1447 1336/1795/843 1264/1844/1438
f 1319/1718/827 1334/1755/826 1200/1776/1361
f 1334/1755/826 1333/1775/825 1273/1797/1447
f 1334/1755/826 1273/1797/1447 1200/1776/1361
f 848/1798/1356 1200/1776/1361 1273/1797/1447 1272/2989/1448
f 1272/2989/1448 1273/1797/1447 1264/1844/1438 864/2988/1439
f 1275/1846/1449 1272/1821/1448 864/1843/1439 1267/1861/1442
f 1196/1822/1355 848/2990/1356 1272/1821/1448 1275/1846/1449
f 846/1847/1350 1196/1822/1355 1275/1846/1449 1274/1863/1450
f 1274/1863/1450 1275/1846/1449 1267/1861/1442 865/1871/1443
f 1276/2625/1451 1274/1863/1450 865/1871/1443 1270/2626/1446
f 1192/2630/1349 846/1847/1350 1274/1863/1450 1276/2625/1451
f 832/2628/1289 1192/2630/1349 1276/2625/1451 1146/2620/1288
f 1146/2620/1288 1276/2625/1451 1270/2626/1446 830/2621/1281
f 1309/1541/773 1311/1598/834 1278/1664/1452
f 1309/1541/773 1278/1664/1452 1301/1599/774
f 1278/1664/1452 1311/1598/834 1310/1663/833
f 1278/1664/1452 1310/1663/833 1201/1756/1360
f 1305/1600/777 1302/1666/776 1303/1665/775
f 1305/1600/777 1303/1665/775 1190/1721/1346
f 1303/1665/775 1301/1599/774 1278/1664/1452
f 1303/1665/775 1278/1664/1452 1190/1721/1346
f 845/573/1343 1190/1721/1346 1278/1664/1452 1277/2986/1453
f 1277/2986/1453 1278/1664/1452 1201/1756/1360 849/2985/1358
f 1280/555/1454 1277/574/1453 849/1777/1358 1198/575/1354
f 1187/554/1342 845/2987/1343 1277/574/1453 1280/555/1454
f 844/537/1339 1187/554/1342 1280/555/1454 1279/538/1455
f 1279/538/1455 1280/555/1454 1198/575/1354 847/556/1352
f 1281/523/1456 1279/538/1455 847/556/1352 1194/539/1348
f 1184/522/1338 844/537/1339 1279/538/1455 1281/523/1456
f 831/510/1286 1184/522/1338 1281/523/1456 1150/511/1293
f 1150/511/1293 1281/523/1456 1194/539/1348 833/524/1294
f 2626/1219/22 2655/1211/1457 2656/1214/24
f 2624/1210/23 2656/1214/24 2696/1205/1
f 2616/1231/21 2653/1224/1458 2626/1219/22
f 2653/1224/1458 2654/1217/1459 2626/1219/22
f 2654/1217/1459 2655/1211/1457 2626/1219/22
f 2494/1126/1460 2186/3078/1461 2527/3097/1462 2623/1140/1463
f 2188/2491/7 2494/1126/1460 2623/1140/1463 2622/2492/8
f 2622/2492/8 2623/1140/1463 2620/1155/1464 2223/1246/14
f 2623/1140/1463 2527/3097/1462 2199/3096/1465 2620/1155/1464
f 2620/1155/1464 2199/3096/1465 2531/3094/1466 2621/1171/1467
f 2223/1246/14 2620/1155/1464 2621/1171/1467 2619/1238/15
f 2619/1238/15 2621/1171/1467 2617/3093/1468 2222/1230/20
f 2621/1171/1467 2531/3094/1466 2201/3069/1469 2617/3093/1468
f 2617/1239/1468 2201/3070/1469 2534/1248/1470 2618/1240/1471
f 1374/764/1472 1393/765/1473 1392/3108/1474 1372/3109/1475
f 1411/2813/1476 51/783/1477 9/2815/57 1369/2809/1478
f 1394/3107/1479 34/781/1480 51/783/1477 1411/2813/1476
f 1373/3106/1481 1394/782/1482 1395/1465/1483 1375/2664/1484
f 3/2846/62 1363/2845/1485 1369/1353/1478 9/1354/57
f 1384/2811/1486 1989/1323/1487 1981/1345/1488
f 1384/2811/1486 1981/1345/1488 1983/1369/1489
f 1384/2811/1486 1983/1369/1489 1982/1370/1490
f 1384/2811/1486 1982/1370/1490 1985/1346/1491
f 1384/2811/1486 1985/1346/1491 1984/1324/1492
f 1384/2811/1486 1984/1324/1492 1996/1309/1493
f 1384/2811/1486 1996/1309/1493 1368/1290/1494
f 1368/1290/1494 1996/1309/1493 1997/1325/1495
f 1368/1290/1494 1997/1325/1495 1992/1347/1496
f 1368/1290/1494 1992/1347/1496 1994/1372/1497
f 1368/1290/1494 1994/1372/1497 1993/1348/1498
f 1368/1290/1494 1993/1348/1498 1995/1326/1499
f 1369/1353/1478 2028/1379/1500 2027/1412/1501
f 1369/1353/1478 2027/1412/1501 2003/1458/1502
f 1369/1353/1478 2003/1458/1502 2004/1510/1503
f 1369/1353/1478 2004/1510/1503 2005/1563/1504
f 1363/2845/1485 1368/1290/1494 1977/1310/1505
f 1363/2845/1485 1977/1310/1505 1978/1327/1506
f 1363/2845/1485 1978/1327/1506 1980/1350/1507
f 1363/2845/1485 1980/1350/1507 1979/1374/1508
f 1363/2845/1485 1979/1374/1508 2039/1400/1509
f 1363/2845/1485 2039/1400/1509 2040/1435/1510
f 1363/2845/1485 2040/1435/1510 2037/1487/1511
f 1363/2845/1485 2037/1487/1511 2038/1533/1512
f 1363/2845/1485 2038/1533/1512 2006/1587/1513
f 1363/2845/1485 2006/1587/1513 2007/1618/1514
f 1363/2845/1485 2007/1618/1514 2021/1559/1515
f 1363/2845/1485 2021/1559/1515 2020/1508/1516
f 1363/2845/1485 2020/1508/1516 2018/1455/1517
f 1363/2845/1485 2018/1455/1517 2019/1411/1518
f 1363/2845/1485 2019/1411/1518 2028/1379/1500
f 1363/2845/1485 2028/1379/1500 1369/1353/1478
f 1977/1310/1505 1368/1290/1494 1995/1326/1499
f 1405/2852/1519 45/774/1520 43/775/1521 1403/776/1522
f 1378/2666/1523 1366/2667/1524 1362/2863/1525 1379/2862/1526
f 1380/2668/1527 1367/2669/1528 1366/2667/1524 1378/2666/1523
f 1376/2671/1529 1364/2672/1530 1367/2669/1528 1380/2668/1527
f 1/777/1531 1361/778/1532 1403/776/1522 43/775/1521
f 1381/156/1533 1370/157/1534 1365/150/1535 1377/149/1536
f 1382/164/1537 1371/165/1538 1370/157/1534 1381/156/1533
f 1379/170/1539 1362/171/1540 1371/165/1538 1382/164/1537
f 1385/2793/1541 2015/1527/1542 2013/1482/1543
f 1385/2793/1541 2013/1482/1543 2014/1433/1544
f 1385/2793/1541 2014/1433/1544 1999/1394/1545
f 1385/2793/1541 1999/1394/1545 1998/1365/1546
f 1385/2793/1541 1998/1365/1546 1986/1343/1547
f 1385/2793/1541 1986/1343/1547 1383/2812/1548
f 1383/2812/1548 1986/1343/1547 1987/1366/1549
f 1383/2812/1548 1987/1366/1549 1988/1396/1550
f 1383/2812/1548 1988/1396/1550 1990/1367/1551
f 1383/2812/1548 1990/1367/1551 1991/1344/1552
f 1383/2812/1548 1991/1344/1552 1989/1323/1487
f 1383/2812/1548 1989/1323/1487 1384/2811/1486
f 1386/2791/1553 1970/1430/1554 1969/1431/1555
f 1386/2791/1553 1969/1431/1555 1971/1392/1556
f 1386/2791/1553 1971/1392/1556 1972/1364/1557
f 1386/2791/1553 1972/1364/1557 1385/2793/1541
f 1973/1393/1558 1974/1432/1559 1385/2793/1541
f 1385/2793/1541 1974/1432/1559 1975/1481/1560
f 1385/2793/1541 1975/1481/1560 2016/1526/1561
f 2016/1526/1561 1975/1481/1560 1976/1581/1562
f 1385/2793/1541 2016/1526/1561 2017/1582/1563
f 1385/2793/1541 2017/1582/1563 2015/1527/1542
f 1973/1393/1558 1385/2793/1541 1972/1364/1557
f 1386/2791/1553 1387/2792/1564 1388/1391/1565
f 1388/1391/1565 2035/1577/1566 2034/1525/1567
f 1388/1391/1565 2034/1525/1567 2036/1477/1568
f 1388/1391/1565 2036/1477/1568 1970/1430/1554
f 1388/1391/1565 1970/1430/1554 1386/2791/1553
f 2032/1640/1569 2033/1641/1570 2035/1577/1566
f 2032/1640/1569 2035/1577/1566 1388/1391/1565
f 2032/1640/1569 1388/1391/1565 1389/1701/1571
f 2032/1640/1569 1389/1701/1571 2029/1744/1572
f 2031/1760/1573 2030/1784/1574 2029/1744/1572
f 2031/1760/1573 2029/1744/1572 1389/1701/1571
f 2031/1760/1573 1389/1701/1571 2011/1785/1575
f 2031/1760/1573 2011/1785/1575 2012/1786/1576
f 1389/1701/1571 2009/1827/1577 2008/1806/1578
f 1389/1701/1571 2008/1806/1578 2010/1805/1579
f 1389/1701/1571 2010/1805/1579 2011/1785/1575
f 1390/2808/1580 2000/1517/1581 2022/1571/1582
f 1390/2808/1580 2022/1571/1582 2023/1632/1583
f 1390/2808/1580 2023/1632/1583 2024/1629/1584
f 2000/1517/1581 1390/2808/1580 2001/1466/1585
f 2001/1466/1585 1390/2808/1580 1369/1353/1478
f 2001/1466/1585 1369/1353/1478 2002/1518/1586
f 2002/1518/1586 1369/1353/1478 2005/1563/1504
f 1391/1463/1587 1968/1692/1588 1966/1740/1589
f 1391/1463/1587 1966/1740/1589 1967/1759/1590
f 1391/1463/1587 1967/1759/1590 1962/1783/1591
f 1391/1463/1587 1962/1783/1591 1963/1804/1592
f 1391/1463/1587 1963/1804/1592 2009/1827/1577
f 1391/1463/1587 2009/1827/1577 1389/1701/1571
f 2024/1629/1584 2025/1569/1593 1390/2808/1580
f 1390/2808/1580 2025/1569/1593 2026/1515/1594
f 1390/2808/1580 2026/1515/1594 1391/1463/1587
f 1391/1463/1587 2026/1515/1594 1964/1570/1595
f 1391/1463/1587 1964/1570/1595 1965/1631/1596
f 1391/1463/1587 1965/1631/1596 1968/1692/1588
f 1396/2670/1597 1378/2666/1523 1379/2862/1526 1397/2861/1598
f 1398/2673/1599 1380/2668/1527 1378/2666/1523 1396/2670/1597
f 1400/2676/1600 1376/2671/1529 1380/2668/1527 1398/2673/1599
f 1395/1465/1483 1399/1516/1601 1377/2665/1602 1375/2664/1484
f 1400/768/1603 1393/765/1473 1374/764/1472 1376/769/1604
f 1401/166/1605 1381/156/1533 1377/149/1536 1399/167/1606
f 1402/172/1607 1382/164/1537 1381/156/1533 1401/166/1605
f 1397/176/1608 1379/170/1539 1382/164/1537 1402/172/1607
s off
f 15/2180/1609 1375/2181/1610 1377/2182/1611 17/2183/1612
s 1
f 1402/172/1607 1406/177/1613 1407/2860/1614 1397/176/1608
f 1406/177/1613 1388/181/1565 1387/2859/1564 1407/2860/1614
f 1401/166/1605 1408/173/1615 1406/177/1613 1402/172/1607
f 1408/173/1615 1389/178/1571 1388/181/1565 1406/177/1613
f 1395/1465/1483 1409/1416/1616 1410/1464/1617 1399/1516/1601
f 1409/1416/1616 1390/1415/1580 1391/2807/1587 1410/1464/1617
f 1368/2806/1494 1412/2840/1618 1413/771/1619 1384/1298/1486
f 1412/2840/1618 1392/3108/1474 1393/765/1473 1413/771/1619
f 1390/1415/1580 1409/1416/1616 1411/784/1620 1369/2810/1478
f 1409/1416/1616 1395/1465/1483 1394/782/1482 1411/784/1620
f 1386/1342/1553 1414/1341/1621 1407/180/1622 1387/182/1564
f 1414/1341/1621 1396/2670/1597 1397/2861/1598 1407/180/1622
f 1385/1322/1541 1415/1321/1623 1414/1341/1621 1386/1342/1553
f 1415/1321/1623 1398/2673/1599 1396/2670/1597 1414/1341/1621
f 1383/2790/1548 1416/2679/1624 1415/1321/1623 1385/1322/1541
f 1416/2679/1624 1400/2676/1600 1398/2673/1599 1415/1321/1623
f 1384/1298/1486 1413/771/1619 1416/772/1625 1383/1308/1548
f 1413/771/1619 1393/765/1473 1400/768/1603 1416/772/1625
f 1389/178/1571 1408/173/1615 1410/174/1626 1391/179/1587
f 1408/173/1615 1401/166/1605 1399/167/1606 1410/174/1626
f 2222/3095/20 2617/1239/1468 2618/1240/1471 2616/1231/21
f 2616/1231/21 2618/1240/1471 2651/1244/1627
f 1404/2850/1628 44/1331/750 45/774/1520 1405/2852/1519
f 1363/2851/1485 3/1330/62 44/1331/750 1404/2850/1628
f 1373/779/1629 13/780/1630 34/781/1480 1394/3107/1479
f 17/144/88 1377/149/1536 1365/150/1535 5/145/89
s off
f 1375/2181/1631 15/2180/1632 13/780/1633 1373/779/1634
s 1
f 1549/2184/1635 1546/2185/1636 1417/2186/1637 1548/2187/1638
f 1547/2188/1639 1418/2189/1640 1546/2185/1636 1549/2184/1635
f 1547/2188/1639 1549/2184/1635 1548/2187/1638 1419/2194/1641
f 1552/2192/1642 1548/2187/1638 1417/2186/1637 1551/2193/1643
f 1550/2201/1644 1419/2194/1641 1548/2187/1638 1552/2192/1642
f 1550/2201/1644 1552/2192/1642 1551/2193/1643 1420/2204/1645
f 1555/2202/1646 1551/2193/1643 1417/2186/1637 1554/2203/1647
f 1553/2215/1648 1420/2204/1645 1551/2193/1643 1555/2202/1646
f 1553/2215/1648 1555/2202/1646 1554/2203/1647 1421/2218/1649
f 1558/2216/1650 1554/2203/1647 1417/2186/1637 1557/2217/1651
f 1556/2233/1652 1421/2218/1649 1554/2203/1647 1558/2216/1650
f 1556/2233/1652 1558/2216/1650 1557/2217/1651 1422/2236/1653
f 1563/2221/1654 1559/2222/1655 1426/2207/1656 1562/2206/1657
f 1560/2240/1658 1423/2241/1659 1559/2222/1655 1563/2221/1654
f 1424/2259/1660 1560/2240/1658 1563/2221/1654 1561/2239/1661
f 1561/2239/1661 1563/2221/1654 1562/2206/1657 1425/2220/1662
f 1566/2195/1663 1564/2196/1664 1418/2189/1640 1547/2188/1639
f 1562/2206/1657 1426/2207/1656 1564/2196/1664 1566/2195/1663
f 1425/2220/1662 1562/2206/1657 1566/2195/1663 1565/2205/1665
f 1565/2205/1665 1566/2195/1663 1547/2188/1639 1419/2194/1641
f 1570/2252/1666 1561/2239/1661 1425/2220/1662 1569/2231/1667
f 1567/847/1668 1424/2259/1660 1561/2239/1661 1570/2252/1666
f 1427/831/1669 1567/847/1668 1570/2252/1666 1568/848/1670
f 1568/848/1670 1570/2252/1666 1569/2231/1667 1428/2238/1671
f 1572/2214/1672 1565/2205/1665 1419/2194/1641 1550/2201/1644
f 1569/2231/1667 1425/2220/1662 1565/2205/1665 1572/2214/1672
f 1428/2238/1671 1569/2231/1667 1572/2214/1672 1571/2219/1673
f 1571/2219/1673 1572/2214/1672 1550/2201/1644 1420/2204/1645
f 1576/832/1674 1568/848/1670 1428/2238/1671 1575/849/1675
f 1573/817/1676 1427/831/1669 1568/848/1670 1576/832/1674
f 1429/818/1677 1573/817/1676 1576/832/1674 1574/833/1678
f 1574/833/1678 1576/832/1674 1575/849/1675 1430/850/1679
f 1578/2232/1680 1571/2219/1673 1420/2204/1645 1553/2215/1648
f 1575/849/1675 1428/2238/1671 1571/2219/1673 1578/2232/1680
f 1430/850/1679 1575/849/1675 1578/2232/1680 1577/2237/1681
f 1577/2237/1681 1578/2232/1680 1553/2215/1648 1421/2218/1649
f 1582/851/1682 1574/833/1678 1430/850/1679 1581/866/1683
f 1579/834/1684 1429/818/1677 1574/833/1678 1582/851/1682
f 1431/852/1685 1579/834/1684 1582/851/1682 1580/867/1686
f 1580/867/1686 1582/851/1682 1581/866/1683 1432/880/1687
f 1584/2253/1688 1577/2237/1681 1421/2218/1649 1556/2233/1652
f 1581/866/1683 1430/850/1679 1577/2237/1681 1584/2253/1688
f 1432/880/1687 1581/866/1683 1584/2253/1688 1583/2258/1689
f 1583/2258/1689 1584/2253/1688 1556/2233/1652 1422/2236/1653
f 1589/2688/1690 1585/2689/1691 1436/2690/1692 1588/2691/1693
f 1586/2692/1694 1433/2693/1695 1585/2689/1691 1589/2688/1690
f 1434/2701/1696 1586/2692/1694 1589/2688/1690 1587/2696/1697
f 1587/2696/1697 1589/2688/1690 1588/2691/1693 1435/2697/1698
f 1592/2260/1699 1590/2261/1700 1423/2241/1659 1560/2240/1658
f 1588/2691/1693 1436/2690/1692 1590/2261/1700 1592/2260/1699
f 1435/2697/1698 1588/2691/1693 1592/2260/1699 1591/2277/1701
f 1591/2277/1701 1592/2260/1699 1560/2240/1658 1424/2259/1660
f 1596/802/1702 1587/2696/1697 1435/2697/1698 1595/815/1703
f 1593/801/1704 1434/2701/1696 1587/2696/1697 1596/802/1702
f 1437/791/1705 1593/801/1704 1596/802/1702 1594/792/1706
f 1594/792/1706 1596/802/1702 1595/815/1703 1438/803/1707
f 1598/830/1708 1591/2277/1701 1424/2259/1660 1567/847/1668
f 1595/815/1703 1435/2697/1698 1591/2277/1701 1598/830/1708
f 1438/803/1707 1595/815/1703 1598/830/1708 1597/816/1709
f 1597/816/1709 1598/830/1708 1567/847/1668 1427/831/1669
f 1602/787/1710 1594/792/1706 1438/803/1707 1601/793/1711
f 1599/786/1712 1437/791/1705 1594/792/1706 1602/787/1710
f 1439/785/1713 1599/786/1712 1602/787/1710 1600/788/1714
f 1600/788/1714 1602/787/1710 1601/793/1711 1440/794/1715
f 1604/804/1716 1597/816/1709 1427/831/1669 1573/817/1676
f 1601/793/1711 1438/803/1707 1597/816/1709 1604/804/1716
f 1440/794/1715 1601/793/1711 1604/804/1716 1603/805/1717
f 1603/805/1717 1604/804/1716 1573/817/1676 1429/818/1677
f 1608/796/1718 1600/788/1714 1440/794/1715 1607/806/1719
f 1605/795/1720 1439/785/1713 1600/788/1714 1608/796/1718
f 1441/807/1721 1605/795/1720 1608/796/1718 1606/808/1722
f 1606/808/1722 1608/796/1718 1607/806/1719 1442/820/1723
f 1610/819/1724 1603/805/1717 1429/818/1677 1579/834/1684
f 1607/806/1719 1440/794/1715 1603/805/1717 1610/819/1724
f 1442/820/1723 1607/806/1719 1610/819/1724 1609/835/1725
f 1609/835/1725 1610/819/1724 1579/834/1684 1431/852/1685
f 1613/2190/1726 1611/2197/1727 1443/2198/1728 1612/2191/1729
f 1546/2185/1636 1418/2189/1640 1611/2197/1727 1613/2190/1726
f 1546/2185/1636 1613/2190/1726 1612/2191/1729 1417/2186/1637
f 1616/2199/1730 1614/2210/1731 1444/2211/1732 1615/2200/1733
f 1612/2191/1729 1443/2198/1728 1614/2210/1731 1616/2199/1730
f 1612/2191/1729 1616/2199/1730 1615/2200/1733 1417/2186/1637
f 1619/2212/1734 1617/2227/1735 1445/2228/1736 1618/2213/1737
f 1615/2200/1733 1444/2211/1732 1617/2227/1735 1619/2212/1734
f 1615/2200/1733 1619/2212/1734 1618/2213/1737 1417/2186/1637
f 1622/2229/1738 1620/2248/1739 1446/2249/1740 1621/2230/1741
f 1618/2213/1737 1445/2228/1736 1620/2248/1739 1622/2229/1738
f 1618/2213/1737 1622/2229/1738 1621/2230/1741 1417/2186/1637
f 1626/2242/1742 1623/2223/1743 1426/2207/1656 1559/2222/1655
f 1624/2244/1744 1447/2225/1745 1623/2223/1743 1626/2242/1742
f 1448/2264/1746 1624/2244/1744 1626/2242/1742 1625/2262/1747
f 1625/2262/1747 1626/2242/1742 1559/2222/1655 1423/2241/1659
f 1628/2208/1748 1611/2197/1727 1418/2189/1640 1564/2196/1664
f 1627/2209/1749 1443/2198/1728 1611/2197/1727 1628/2208/1748
f 1447/2225/1745 1627/2209/1749 1628/2208/1748 1623/2223/1743
f 1623/2223/1743 1628/2208/1748 1564/2196/1664 1426/2207/1656
f 1632/2263/1750 1629/2925/1751 1447/2225/1745 1624/2244/1744
f 1630/966/1752 1449/2246/1753 1629/2243/1751 1632/2926/1750
f 1450/950/1754 1630/966/1752 1632/2926/1750 1631/2923/1755
f 1631/967/1755 1632/2263/1750 1624/2244/1744 1448/2264/1746
f 1634/2224/1756 1614/2210/1731 1443/2198/1728 1627/2209/1749
f 1633/2226/1757 1444/2211/1732 1614/2210/1731 1634/2224/1756
f 1449/2246/1753 1633/2226/1757 1634/2224/1756 1629/2243/1751
f 1629/2925/1751 1634/2224/1756 1627/2209/1749 1447/2225/1745
f 1638/949/1758 1635/965/1759 1449/2246/1753 1630/966/1752
f 1636/948/1760 1451/964/1761 1635/965/1759 1638/949/1758
f 1452/934/1762 1636/948/1760 1638/949/1758 1637/935/1763
f 1637/935/1763 1638/949/1758 1630/966/1752 1450/950/1754
f 1640/2245/1764 1617/2227/1735 1444/2211/1732 1633/2226/1757
f 1639/2247/1765 1445/2228/1736 1617/2227/1735 1640/2245/1764
f 1451/964/1761 1639/2247/1765 1640/2245/1764 1635/965/1759
f 1635/965/1759 1640/2245/1764 1633/2226/1757 1449/2246/1753
f 1644/962/1766 1641/980/1767 1451/964/1761 1636/948/1760
f 1642/978/1768 1453/994/1769 1641/980/1767 1644/962/1766
f 1454/960/1770 1642/978/1768 1644/962/1766 1643/946/1771
f 1643/946/1771 1644/962/1766 1636/948/1760 1452/934/1762
f 1646/2265/1772 1620/2248/1739 1445/2228/1736 1639/2247/1765
f 1645/2266/1773 1446/2249/1740 1620/2248/1739 1646/2265/1772
f 1453/994/1769 1645/2266/1773 1646/2265/1772 1641/980/1767
f 1641/980/1767 1646/2265/1772 1639/2247/1765 1451/964/1761
f 1650/2694/1774 1647/2695/1775 1436/2690/1692 1585/2689/1691
f 1648/2702/1776 1455/2703/1777 1647/2695/1775 1650/2694/1774
f 1456/2708/1778 1648/2702/1776 1650/2694/1774 1649/2700/1779
f 1649/2700/1779 1650/2694/1774 1585/2689/1691 1433/2693/1695
f 1652/2278/1780 1625/2262/1747 1423/2241/1659 1590/2261/1700
f 1651/2279/1781 1448/2264/1746 1625/2262/1747 1652/2278/1780
f 1455/2703/1777 1651/2279/1781 1652/2278/1780 1647/2695/1775
f 1647/2695/1775 1652/2278/1780 1590/2261/1700 1436/2690/1692
f 1656/938/1782 1653/2922/1783 1455/2703/1777 1648/2702/1776
f 1654/927/1784 1457/926/1785 1653/937/1783 1656/2924/1782
f 1458/939/1786 1654/927/1784 1656/2924/1782 1655/2912/1787
f 1655/952/1787 1656/938/1782 1648/2702/1776 1456/2708/1778
f 1658/951/1788 1631/967/1755 1448/2264/1746 1651/2279/1781
f 1657/936/1789 1450/950/1754 1631/2923/1755 1658/2921/1788
f 1457/926/1785 1657/936/1789 1658/2921/1788 1653/937/1783
f 1653/2922/1783 1658/951/1788 1651/2279/1781 1455/2703/1777
f 1662/921/1790 1659/920/1791 1457/926/1785 1654/927/1784
f 1660/918/1792 1459/919/1793 1659/920/1791 1662/921/1790
f 1460/928/1794 1660/918/1792 1662/921/1790 1661/929/1795
f 1661/929/1795 1662/921/1790 1654/927/1784 1458/939/1786
f 1664/925/1796 1637/935/1763 1450/950/1754 1657/936/1789
f 1663/924/1797 1452/934/1762 1637/935/1763 1664/925/1796
f 1459/919/1793 1663/924/1797 1664/925/1796 1659/920/1791
f 1659/920/1791 1664/925/1796 1657/936/1789 1457/926/1785
f 1668/922/1798 1665/923/1799 1459/919/1793 1660/918/1792
f 1666/930/1800 1461/931/1801 1665/923/1799 1668/922/1798
f 1462/945/1802 1666/930/1800 1668/922/1798 1667/933/1803
f 1667/933/1803 1668/922/1798 1660/918/1792 1460/928/1794
f 1670/932/1804 1643/946/1771 1452/934/1762 1663/924/1797
f 1669/944/1805 1454/960/1770 1643/946/1771 1670/932/1804
f 1461/931/1801 1669/944/1805 1670/932/1804 1665/923/1799
f 1665/923/1799 1670/932/1804 1663/924/1797 1459/919/1793
f 1674/2291/1806 1671/2299/1807 1463/2289/1808 1673/2275/1809
f 1672/2290/1810 1464/2301/1811 1671/2299/1807 1674/2291/1806
f 1672/2290/1810 1674/2291/1806 1673/2275/1809 1417/2186/1637
f 1677/2276/1812 1675/2287/1813 1465/2274/1814 1676/2256/1815
f 1673/2275/1809 1463/2289/1808 1675/2287/1813 1677/2276/1812
f 1673/2275/1809 1677/2276/1812 1676/2256/1815 1417/2186/1637
f 1680/2257/1816 1678/2271/1817 1466/2254/1818 1679/2234/1819
f 1676/2256/1815 1465/2274/1814 1678/2271/1817 1680/2257/1816
f 1676/2256/1815 1680/2257/1816 1679/2234/1819 1417/2186/1637
f 1682/2235/1820 1681/2255/1821 1422/2236/1653 1557/2217/1651
f 1679/2234/1819 1466/2254/1818 1681/2255/1821 1682/2235/1820
f 1679/2234/1819 1682/2235/1820 1557/2217/1651 1417/2186/1637
f 1687/2320/1822 1683/2314/1823 1470/2316/1824 1686/2322/1825
f 1684/2315/1826 1467/2308/1827 1683/2314/1823 1687/2320/1822
f 1468/2321/1828 1684/2315/1826 1687/2320/1822 1685/2325/1829
f 1685/2325/1829 1687/2320/1822 1686/2322/1825 1469/2327/1830
f 1690/2307/1831 1671/2299/1807 1464/2301/1811 1689/2309/1832
f 1688/2300/1833 1463/2289/1808 1671/2299/1807 1690/2307/1831
f 1467/2308/1827 1688/2300/1833 1690/2307/1831 1683/2314/1823
f 1683/2314/1823 1690/2307/1831 1689/2309/1832 1470/2316/1824
f 1694/2313/1834 1691/2306/1835 1467/2308/1827 1684/2315/1826
f 1692/2920/1836 1471/2919/1837 1691/2306/1835 1694/2313/1834
f 1472/905/1838 1692/2920/1836 1694/2313/1834 1693/913/1839
f 1693/913/1839 1694/2313/1834 1684/2315/1826 1468/2321/1828
f 1696/2297/1840 1675/2287/1813 1463/2289/1808 1688/2300/1833
f 1695/2288/1841 1465/2274/1814 1675/2287/1813 1696/2297/1840
f 1471/2919/1837 1695/2288/1841 1696/2297/1840 1691/2306/1835
f 1691/2306/1835 1696/2297/1840 1688/2300/1833 1467/2308/1827
f 1700/904/1842 1697/911/1843 1471/2298/1837 1692/912/1836
f 1698/894/1844 1473/903/1845 1697/911/1843 1700/904/1842
f 1474/882/1846 1698/894/1844 1700/904/1842 1699/895/1847
f 1699/895/1847 1700/904/1842 1692/912/1836 1472/2917/1838
f 1702/2286/1848 1678/2271/1817 1465/2274/1814 1695/2288/1841
f 1701/2273/1849 1466/2254/1818 1678/2271/1817 1702/2286/1848
f 1473/903/1845 1701/2273/1849 1702/2286/1848 1697/911/1843
f 1697/911/1843 1702/2286/1848 1695/2288/1841 1471/2298/1837
f 1705/881/1850 1703/893/1851 1473/903/1845 1698/894/1844
f 1580/867/1686 1432/880/1687 1703/893/1851 1705/881/1850
f 1431/852/1685 1580/867/1686 1705/881/1850 1704/868/1852
f 1704/868/1852 1705/881/1850 1698/894/1844 1474/882/1846
f 1706/2272/1853 1681/2255/1821 1466/2254/1818 1701/2273/1849
f 1583/2258/1689 1422/2236/1653 1681/2255/1821 1706/2272/1853
f 1432/880/1687 1583/2258/1689 1706/2272/1853 1703/893/1851
f 1703/893/1851 1706/2272/1853 1701/2273/1849 1473/903/1845
f 1711/2718/1854 1707/2719/1855 1478/2720/1856 1710/2721/1857
f 1708/2722/1858 1475/2723/1859 1707/2719/1855 1711/2718/1854
f 1476/2728/1860 1708/2722/1858 1711/2718/1854 1709/2726/1861
f 1709/2726/1861 1711/2718/1854 1710/2721/1857 1477/2727/1862
f 1714/2330/1863 1685/2325/1829 1469/2327/1830 1713/2331/1864
f 1712/2326/1865 1468/2321/1828 1685/2325/1829 1714/2330/1863
f 1475/2723/1859 1712/2326/1865 1714/2330/1863 1707/2719/1855
f 1707/2719/1855 1714/2330/1863 1713/2331/1864 1478/2720/1856
f 1718/885/1866 1715/897/1867 1475/2723/1859 1708/2722/1858
f 1716/2918/1868 1479/2915/1869 1715/897/1867 1718/885/1866
f 1480/872/1870 1716/2918/1868 1718/885/1866 1717/886/1871
f 1717/886/1871 1718/885/1866 1708/2722/1858 1476/2728/1860
f 1720/906/1872 1693/913/1839 1468/2321/1828 1712/2326/1865
f 1719/2916/1873 1472/905/1838 1693/913/1839 1720/906/1872
f 1479/2915/1869 1719/2916/1873 1720/906/1872 1715/897/1867
f 1715/897/1867 1720/906/1872 1712/2326/1865 1475/2723/1859
f 1724/855/1874 1721/870/1875 1479/884/1869 1716/871/1868
f 1722/837/1876 1481/854/1877 1721/870/1875 1724/855/1874
f 1482/838/1878 1722/837/1876 1724/855/1874 1723/856/1879
f 1723/856/1879 1724/855/1874 1716/871/1868 1480/2914/1870
f 1726/883/1880 1699/895/1847 1472/2917/1838 1719/896/1873
f 1725/869/1881 1474/882/1846 1699/895/1847 1726/883/1880
f 1481/854/1877 1725/869/1881 1726/883/1880 1721/870/1875
f 1721/870/1875 1726/883/1880 1719/896/1873 1479/884/1869
f 1729/821/1882 1727/836/1883 1481/854/1877 1722/837/1876
f 1606/808/1722 1442/820/1723 1727/836/1883 1729/821/1882
f 1441/807/1721 1606/808/1722 1729/821/1882 1728/822/1884
f 1728/822/1884 1729/821/1882 1722/837/1876 1482/838/1878
f 1730/853/1885 1704/868/1852 1474/882/1846 1725/869/1881
f 1609/835/1725 1431/852/1685 1704/868/1852 1730/853/1885
f 1442/820/1723 1609/835/1725 1730/853/1885 1727/836/1883
f 1727/836/1883 1730/853/1885 1725/869/1881 1481/854/1877
f 1733/2296/1886 1672/2290/1810 1417/2186/1637 1732/2285/1887
f 1731/2305/1888 1464/2301/1811 1672/2290/1810 1733/2296/1886
f 1731/2305/1888 1733/2296/1886 1732/2285/1887 1483/2295/1889
f 1736/2284/1890 1732/2285/1887 1417/2186/1637 1735/2270/1891
f 1734/2294/1892 1483/2295/1889 1732/2285/1887 1736/2284/1890
f 1734/2294/1892 1736/2284/1890 1735/2270/1891 1484/2283/1893
f 1739/2269/1894 1735/2270/1891 1417/2186/1637 1738/2251/1895
f 1737/2282/1896 1484/2283/1893 1735/2270/1891 1739/2269/1894
f 1737/2282/1896 1739/2269/1894 1738/2251/1895 1485/2268/1897
f 1741/2250/1898 1738/2251/1895 1417/2186/1637 1621/2230/1741
f 1740/2267/1899 1485/2268/1897 1738/2251/1895 1741/2250/1898
f 1740/2267/1899 1741/2250/1898 1621/2230/1741 1446/2249/1740
f 1745/2324/1900 1686/2322/1825 1470/2316/1824 1744/2319/1901
f 1742/2329/1902 1469/2327/1830 1686/2322/1825 1745/2324/1900
f 1486/2323/1903 1742/2329/1902 1745/2324/1900 1743/2318/1904
f 1743/2318/1904 1745/2324/1900 1744/2319/1901 1487/2311/1905
f 1747/2312/1906 1689/2309/1832 1464/2301/1811 1731/2305/1888
f 1744/2319/1901 1470/2316/1824 1689/2309/1832 1747/2312/1906
f 1487/2311/1905 1744/2319/1901 1747/2312/1906 1746/2304/1907
f 1746/2304/1907 1747/2312/1906 1731/2305/1888 1483/2295/1889
f 1751/2317/1908 1743/2318/1904 1487/2311/1905 1750/2310/1909
f 1748/1034/1910 1486/2323/1903 1743/2318/1904 1751/2317/1908
f 1488/1023/1911 1748/1034/1910 1751/2317/1908 1749/1035/1912
f 1749/1035/1912 1751/2317/1908 1750/2310/1909 1489/2302/1913
f 1753/2303/1914 1746/2304/1907 1483/2295/1889 1734/2294/1892
f 1750/2310/1909 1487/2311/1905 1746/2304/1907 1753/2303/1914
f 1489/2302/1913 1750/2310/1909 1753/2303/1914 1752/2293/1915
f 1752/2293/1915 1753/2303/1914 1734/2294/1892 1484/2283/1893
f 1757/1024/1916 1749/1035/1912 1489/2302/1913 1756/1036/1917
f 1754/1008/1918 1488/1023/1911 1749/1035/1912 1757/1024/1916
f 1490/992/1919 1754/1008/1918 1757/1024/1916 1755/1009/1920
f 1755/1009/1920 1757/1024/1916 1756/1036/1917 1491/1025/1921
f 1759/2292/1922 1752/2293/1915 1484/2283/1893 1737/2282/1896
f 1756/1036/1917 1489/2302/1913 1752/2293/1915 1759/2292/1922
f 1491/1025/1921 1756/1036/1917 1759/2292/1922 1758/2281/1923
f 1758/2281/1923 1759/2292/1922 1737/2282/1896 1485/2268/1897
f 1762/993/1924 1755/1009/1920 1491/1025/1921 1761/1010/1925
f 1760/977/1926 1490/992/1919 1755/1009/1920 1762/993/1924
f 1454/960/1770 1760/977/1926 1762/993/1924 1642/978/1768
f 1642/978/1768 1762/993/1924 1761/1010/1925 1453/994/1769
f 1763/2280/1927 1758/2281/1923 1485/2268/1897 1740/2267/1899
f 1761/1010/1925 1491/1025/1921 1758/2281/1923 1763/2280/1927
f 1453/994/1769 1761/1010/1925 1763/2280/1927 1645/2266/1773
f 1645/2266/1773 1763/2280/1927 1740/2267/1899 1446/2249/1740
f 1767/2724/1928 1710/2721/1857 1478/2720/1856 1766/2725/1929
f 1764/2729/1930 1477/2727/1862 1710/2721/1857 1767/2724/1928
f 1492/2736/1931 1764/2729/1930 1767/2724/1928 1765/2730/1932
f 1765/2730/1932 1767/2724/1928 1766/2725/1929 1493/2731/1933
f 1769/2332/1934 1713/2331/1864 1469/2327/1830 1742/2329/1902
f 1766/2725/1929 1478/2720/1856 1713/2331/1864 1769/2332/1934
f 1493/2731/1933 1766/2725/1929 1769/2332/1934 1768/2328/1935
f 1768/2328/1935 1769/2332/1934 1742/2329/1902 1486/2323/1903
f 1773/1005/1936 1765/2730/1932 1493/2731/1933 1772/1006/1937
f 1770/1021/1938 1492/2736/1931 1765/2730/1932 1773/1005/1936
f 1494/1004/1939 1770/1021/1938 1773/1005/1936 1771/989/1940
f 1771/989/1940 1773/1005/1936 1772/1006/1937 1495/990/1941
f 1775/1022/1942 1768/2328/1935 1486/2323/1903 1748/1034/1910
f 1772/1006/1937 1493/2731/1933 1768/2328/1935 1775/1022/1942
f 1495/990/1941 1772/1006/1937 1775/1022/1942 1774/1007/1943
f 1774/1007/1943 1775/1022/1942 1748/1034/1910 1488/1023/1911
f 1779/974/1944 1771/989/1940 1495/990/1941 1778/975/1945
f 1776/988/1946 1494/1004/1939 1771/989/1940 1779/974/1944
f 1496/973/1947 1776/988/1946 1779/974/1944 1777/957/1948
f 1777/957/1948 1779/974/1944 1778/975/1945 1497/958/1949
f 1781/991/1950 1774/1007/1943 1488/1023/1911 1754/1008/1918
f 1778/975/1945 1495/990/1941 1774/1007/1943 1781/991/1950
f 1497/958/1949 1778/975/1945 1781/991/1950 1780/976/1951
f 1780/976/1951 1781/991/1950 1754/1008/1918 1490/992/1919
f 1784/942/1952 1777/957/1948 1497/958/1949 1783/943/1953
f 1782/956/1954 1496/973/1947 1777/957/1948 1784/942/1952
f 1462/945/1802 1782/956/1954 1784/942/1952 1666/930/1800
f 1666/930/1800 1784/942/1952 1783/943/1953 1461/931/1801
f 1785/959/1955 1780/976/1951 1490/992/1919 1760/977/1926
f 1783/943/1953 1497/958/1949 1780/976/1951 1785/959/1955
f 1461/931/1801 1783/943/1953 1785/959/1955 1669/944/1805
f 1669/944/1805 1785/959/1955 1760/977/1926 1454/960/1770
f 1789/1033/1956 1786/2741/1957 1492/2736/1931 1770/1021/1938
f 1787/1042/1958 1498/2746/1959 1786/2741/1957 1789/1033/1956
f 1499/1032/1960 1787/1042/1958 1789/1033/1956 1788/1020/1961
f 1788/1020/1961 1789/1033/1956 1770/1021/1938 1494/1004/1939
f 1792/1003/1962 1788/1020/1961 1494/1004/1939 1776/988/1946
f 1790/1019/1963 1499/1032/1960 1788/1020/1961 1792/1003/1962
f 1500/1002/1964 1790/1019/1963 1792/1003/1962 1791/987/1965
f 1791/987/1965 1792/1003/1962 1776/988/1946 1496/973/1947
f 1795/2735/1966 1793/2732/1967 1477/2727/1862 1764/2729/1930
f 1794/2740/1968 1501/2737/1969 1793/2732/1967 1795/2735/1966
f 1498/2746/1959 1794/2740/1968 1795/2735/1966 1786/2741/1957
f 1786/2741/1957 1795/2735/1966 1764/2729/1930 1492/2736/1931
f 1798/972/1970 1791/987/1965 1496/973/1947 1782/956/1954
f 1796/986/1971 1500/1002/1964 1791/987/1965 1798/972/1970
f 1502/979/1972 1796/986/1971 1798/972/1970 1797/961/1973
f 1797/961/1973 1798/972/1970 1782/956/1954 1462/945/1802
f 1801/2733/1974 1799/2734/1975 1476/2728/1860 1709/2726/1861
f 1800/2738/1976 1503/2739/1977 1799/2734/1975 1801/2733/1974
f 1501/2737/1969 1800/2738/1976 1801/2733/1974 1793/2732/1967
f 1793/2732/1967 1801/2733/1974 1709/2726/1861 1477/2727/1862
f 1804/947/1978 1797/961/1973 1462/945/1802 1667/933/1803
f 1802/963/1979 1502/979/1972 1797/961/1973 1804/947/1978
f 1504/955/1980 1802/963/1979 1804/947/1978 1803/941/1981
f 1803/941/1981 1804/947/1978 1667/933/1803 1460/928/1794
f 1807/892/1982 1805/2913/1983 1480/872/1870 1717/886/1871
f 1806/902/1984 1505/891/1985 1805/2913/1983 1807/892/1982
f 1503/2739/1977 1806/902/1984 1807/892/1982 1799/2734/1975
f 1799/2734/1975 1807/892/1982 1717/886/1871 1476/2728/1860
f 1810/940/1986 1803/941/1981 1460/928/1794 1661/929/1795
f 1808/954/1987 1504/955/1980 1803/941/1981 1810/940/1986
f 1506/969/1988 1808/954/1987 1810/940/1986 1809/953/1989
f 1809/953/1989 1810/940/1986 1661/929/1795 1458/939/1786
f 1813/865/1990 1811/846/1991 1482/838/1878 1723/856/1879
f 1812/878/1992 1507/864/1993 1811/846/1991 1813/865/1990
f 1505/2910/1985 1812/878/1992 1813/865/1990 1805/879/1983
f 1805/879/1983 1813/865/1990 1723/856/1879 1480/2914/1870
f 1816/2911/1994 1809/953/1989 1458/939/1786 1655/2912/1787
f 1814/2902/1995 1506/969/1988 1809/953/1989 1816/2911/1994
f 1508/2716/1996 1814/982/1995 1816/968/1994 1815/2713/1997
f 1815/2713/1997 1816/968/1994 1655/952/1787 1456/2708/1778
f 1819/829/1998 1817/814/1999 1441/807/1721 1728/822/1884
f 1818/845/2000 1509/828/2001 1817/814/1999 1819/829/1998
f 1507/864/1993 1818/845/2000 1819/829/1998 1811/846/1991
f 1811/846/1991 1819/829/1998 1728/822/1884 1482/838/1878
f 1822/2706/2002 1815/2713/1997 1456/2708/1778 1649/2700/1779
f 1820/2711/2003 1508/2716/1996 1815/2713/1997 1822/2706/2002
f 1510/2705/2004 1820/2711/2003 1822/2706/2002 1821/2699/2005
f 1821/2699/2005 1822/2706/2002 1649/2700/1779 1433/2693/1695
f 1825/800/2006 1823/789/2007 1439/785/1713 1605/795/1720
f 1824/812/2008 1511/797/2009 1823/789/2007 1825/800/2006
f 1509/828/2001 1824/812/2008 1825/800/2006 1817/814/1999
f 1817/814/1999 1825/800/2006 1605/795/1720 1441/807/1721
f 1828/2698/2010 1821/2699/2005 1433/2693/1695 1586/2692/1694
f 1826/2704/2011 1510/2705/2004 1821/2699/2005 1828/2698/2010
f 1512/2712/2012 1826/2704/2011 1828/2698/2010 1827/2707/2013
f 1827/2707/2013 1828/2698/2010 1586/2692/1694 1434/2701/1696
f 1831/790/2014 1829/799/2015 1437/791/1705 1599/786/1712
f 1830/798/2016 1513/811/2017 1829/799/2015 1831/790/2014
f 1511/797/2009 1830/798/2016 1831/790/2014 1823/789/2007
f 1823/789/2007 1831/790/2014 1599/786/1712 1439/785/1713
f 1833/813/2018 1827/2707/2013 1434/2701/1696 1593/801/1704
f 1832/827/2019 1512/2712/2012 1827/2707/2013 1833/813/2018
f 1513/811/2017 1832/827/2019 1833/813/2018 1829/799/2015
f 1829/799/2015 1833/813/2018 1593/801/1704 1437/791/1705
f 1837/887/2020 1812/878/1992 1505/2910/1985 1836/2909/2021
f 1834/873/2022 1507/864/1993 1812/878/1992 1837/887/2020
f 1514/888/2023 1834/873/2022 1837/887/2020 1835/899/2024
f 1835/899/2024 1837/887/2020 1836/2909/2021 1515/2908/2025
f 1841/909/2026 1835/899/2024 1515/2908/2025 1840/2906/2027
f 1838/900/2028 1514/888/2023 1835/899/2024 1841/909/2026
f 1516/2897/2029 1838/900/2028 1841/909/2026 1839/2900/2030
f 1839/2900/2030 1841/909/2026 1840/2906/2027 1517/2907/2031
f 1844/1399/2032 1839/916/2030 1517/2879/2031 1843/1486/2033
f 1842/1373/2034 1516/910/2029 1839/916/2030 1844/1399/2032
f 1844/1399/2032 1979/1374/1508 1980/1350/1507
f 1844/1399/2032 1980/1350/1507 1842/1373/2034
f 2039/1400/1509 1979/1374/1508 1844/1399/2032
f 2040/1435/1510 2039/1400/1509 1844/1399/2032
f 2040/1435/1510 1844/1399/2032 1843/1486/2033
f 2037/1487/1511 2040/1435/1510 1843/1486/2033
f 1848/971/2035 1808/954/1987 1506/969/1988 1847/983/2036
f 1845/970/2037 1504/955/1980 1808/954/1987 1848/971/2035
f 1518/984/2038 1845/970/2037 1848/971/2035 1846/985/2039
f 1846/985/2039 1848/971/2035 1847/983/2036 1519/998/2040
f 1852/1000/2041 1846/985/2039 1519/998/2040 1851/1014/2042
f 1849/999/2043 1518/984/2038 1846/985/2039 1852/1000/2041
f 1520/2884/2044 1849/999/2043 1852/1000/2041 1850/2899/2045
f 1850/2899/2045 1852/1000/2041 1851/1014/2042 1521/1643/2046
f 1855/1702/2047 1850/1016/2045 1521/2877/2046 1854/1642/2048
f 1853/1745/2049 1520/1015/2044 1850/1016/2045 1855/1702/2047
f 1855/1702/2047 2030/1784/1574 2031/1760/1573
f 1855/1702/2047 2031/1760/1573 1853/1745/2049
f 1855/1702/2047 2032/1640/1569 2029/1744/1572
f 1855/1702/2047 2029/1744/1572 2030/1784/1574
f 2033/1641/1570 2032/1640/1569 1855/1702/2047
f 2033/1641/1570 1855/1702/2047 1854/1642/2048
f 2034/1525/1567 2035/1577/1566 2033/1641/1570
f 2034/1525/1567 2033/1641/1570 1854/1642/2048
f 1858/857/2050 1818/845/2000 1507/864/1993 1834/873/2022
f 1856/839/2051 1509/828/2001 1818/845/2000 1858/857/2050
f 1522/858/2052 1856/839/2051 1858/857/2050 1857/874/2053
f 1857/874/2053 1858/857/2050 1834/873/2022 1514/888/2023
f 1861/889/2054 1857/874/2053 1514/888/2023 1838/900/2028
f 1859/875/2055 1522/858/2052 1857/874/2053 1861/889/2054
f 1523/2895/2056 1859/875/2055 1861/889/2054 1860/2898/2057
f 1860/2898/2057 1861/889/2054 1838/900/2028 1516/2897/2029
f 1863/1349/2058 1860/901/2057 1516/910/2029 1842/1373/2034
f 1862/1398/2059 1523/890/2056 1860/901/2057 1863/1349/2058
f 1863/1349/2058 1993/1348/1498 1994/1372/1497
f 1863/1349/2058 1994/1372/1497 1862/1398/2059
f 1995/1326/1499 1993/1348/1498 1863/1349/2058
f 1995/1326/1499 1863/1349/2058 1977/1310/1505
f 1978/1327/1506 1977/1310/1505 1863/1349/2058
f 1978/1327/1506 1863/1349/2058 1842/1373/2034
f 1980/1350/1507 1978/1327/1506 1842/1373/2034
f 1866/823/2060 1824/812/2008 1509/828/2001 1856/839/2051
f 1864/809/2061 1511/797/2009 1824/812/2008 1866/823/2060
f 1524/824/2062 1864/809/2061 1866/823/2060 1865/840/2063
f 1865/840/2063 1866/823/2060 1856/839/2051 1522/858/2052
f 1869/859/2064 1865/840/2063 1522/858/2052 1859/875/2055
f 1867/841/2065 1524/824/2062 1865/840/2063 1869/859/2064
f 1525/2871/2066 1867/841/2065 1869/859/2064 1868/2896/2067
f 1868/2896/2067 1869/859/2064 1859/875/2055 1523/2895/2056
f 1871/1371/2068 1868/876/2067 1523/890/2056 1862/1398/2059
f 1870/1397/2069 1525/860/2066 1868/876/2067 1871/1371/2068
f 1871/1371/2068 1984/1324/1492 1985/1346/1491
f 1871/1371/2068 1985/1346/1491 1870/1397/2069
f 1997/1325/1495 1996/1309/1493 1984/1324/1492
f 1997/1325/1495 1984/1324/1492 1871/1371/2068
f 1992/1347/1496 1997/1325/1495 1871/1371/2068
f 1992/1347/1496 1871/1371/2068 1862/1398/2059
f 1994/1372/1497 1992/1347/1496 1862/1398/2059
f 1875/844/2070 1832/827/2019 1513/811/2017 1874/826/2071
f 1872/2714/2072 1512/2712/2012 1832/827/2019 1875/844/2070
f 1526/1649/2073 1872/2714/2072 1875/844/2070 1873/863/2074
f 1873/863/2074 1875/844/2070 1874/826/2071 1527/843/2075
f 1879/877/2076 1873/863/2074 1527/843/2075 1878/862/2077
f 1876/1584/2078 1526/1649/2073 1873/863/2074 1879/877/2076
f 1528/2874/2079 1876/1584/2078 1879/877/2076 1877/2894/2080
f 1877/2894/2080 1879/877/2076 1878/862/2077 1529/1484/2081
f 1882/1395/2082 1877/1530/2080 1529/2869/2081 1881/1434/2083
f 1880/1483/2084 1528/1529/2079 1877/1530/2080 1882/1395/2082
f 1882/1395/2082 1998/1365/1546 1999/1394/1545
f 1882/1395/2082 1999/1394/1545 1880/1483/2084
f 1986/1343/1547 1998/1365/1546 1882/1395/2082
f 1986/1343/1547 1882/1395/2082 1987/1366/1549
f 1988/1396/1550 1987/1366/1549 1882/1395/2082
f 1988/1396/1550 1882/1395/2082 1881/1434/2083
f 1990/1367/1551 1988/1396/1550 1881/1434/2083
f 1886/1046/2085 1787/1042/1958 1499/1032/1960 1885/1041/2086
f 1883/2747/2087 1498/2746/1959 1787/1042/1958 1886/1046/2085
f 1530/1734/2088 1883/2747/2087 1886/1046/2085 1884/1049/2089
f 1884/1049/2089 1886/1046/2085 1885/1041/2086 1531/1045/2090
f 1890/1050/2091 1884/1049/2089 1531/1045/2090 1889/1048/2092
f 1887/1686/2093 1530/1734/2088 1884/1049/2089 1890/1050/2091
f 1532/2891/2094 1887/1686/2093 1890/1050/2091 1888/2893/2095
f 1888/2893/2095 1890/1050/2091 1889/1048/2092 1533/1735/2096
f 1893/1572/2097 1888/1687/2095 1533/2887/2096 1892/1691/2098
f 1891/1623/2099 1532/1622/2094 1888/1687/2095 1893/1572/2097
f 1893/1572/2097 2001/1466/1585 2002/1518/1586
f 1893/1572/2097 2002/1518/1586 1891/1623/2099
f 2022/1571/1582 2000/1517/1581 2001/1466/1585
f 2022/1571/1582 2001/1466/1585 1893/1572/2097
f 2023/1632/1583 2022/1571/1582 1893/1572/2097
f 2023/1632/1583 1893/1572/2097 1892/1691/2098
f 1892/1691/2098 2025/1569/1593 2024/1629/1584
f 1892/1691/2098 2024/1629/1584 2023/1632/1583
f 1896/2745/2100 1794/2740/1968 1498/2746/1959 1883/2747/2087
f 1894/2743/2101 1501/2737/1969 1794/2740/1968 1896/2745/2100
f 1534/1684/2102 1894/2743/2101 1896/2745/2100 1895/1685/2103
f 1895/1685/2103 1896/2745/2100 1883/2747/2087 1530/1734/2088
f 1899/1621/2104 1895/1685/2103 1530/1734/2088 1887/1686/2093
f 1897/1620/2105 1534/1684/2102 1895/1685/2103 1899/1621/2104
f 1535/2889/2106 1897/1620/2105 1899/1621/2104 1898/2892/2107
f 1898/2892/2107 1899/1621/2104 1887/1686/2093 1532/2891/2094
f 1901/1457/2108 1898/1562/2107 1532/1622/2094 1891/1623/2099
f 1900/1456/2109 1535/1561/2106 1898/1562/2107 1901/1457/2108
f 1901/1457/2108 2027/1412/1501 2028/1379/1500
f 1901/1457/2108 2028/1379/1500 1900/1456/2109
f 2003/1458/1502 2027/1412/1501 1901/1457/2108
f 2004/1510/1503 2003/1458/1502 1901/1457/2108
f 2004/1510/1503 1901/1457/2108 1891/1623/2099
f 2002/1518/1586 2005/1563/1504 2004/1510/1503
f 2002/1518/1586 2004/1510/1503 1891/1623/2099
f 1904/2742/2110 1800/2738/1976 1501/2737/1969 1894/2743/2101
f 1902/2744/2111 1503/2739/1977 1800/2738/1976 1904/2742/2110
f 1536/1707/2112 1902/2744/2111 1904/2742/2110 1903/1683/2113
f 1903/1683/2113 1904/2742/2110 1894/2743/2101 1534/1684/2102
f 1907/1619/2114 1903/1683/2113 1534/1684/2102 1897/1620/2105
f 1905/1650/2115 1536/1707/2112 1903/1683/2113 1907/1619/2114
f 1537/2881/2116 1905/1650/2115 1907/1619/2114 1906/2890/2117
f 1906/2890/2117 1907/1619/2114 1897/1620/2105 1535/2889/2106
f 1909/1509/2118 1906/1560/2117 1535/1561/2106 1900/1456/2109
f 1908/1586/2119 1537/1585/2116 1906/1560/2117 1909/1509/2118
f 1909/1509/2118 2020/1508/1516 2021/1559/1515
f 1909/1509/2118 2021/1559/1515 1908/1586/2119
f 2018/1455/1517 2020/1508/1516 1909/1509/2118
f 2019/1411/1518 2018/1455/1517 1909/1509/2118
f 2019/1411/1518 1909/1509/2118 1900/1456/2109
f 2028/1379/1500 2019/1411/1518 1900/1456/2109
f 1912/1630/2120 1964/1570/1595 2026/1515/1594
f 1912/1630/2120 2026/1515/1594 2025/1569/1593
f 1912/1630/2120 2025/1569/1593 1892/1691/2098
f 1966/1740/1589 1968/1692/1588 1965/1631/1596
f 1966/1740/1589 1965/1631/1596 1910/1739/2121
f 1965/1631/1596 1964/1570/1595 1912/1630/2120
f 1965/1631/1596 1912/1630/2120 1910/1739/2121
f 1538/2885/2122 1910/1739/2121 1912/1630/2120 1911/2888/2123
f 1911/2888/2123 1912/1630/2120 1892/1691/2098 1533/2887/2096
f 1915/1044/2124 1911/1047/2123 1533/1735/2096 1889/1048/2092
f 1913/1039/2125 1538/1043/2122 1911/1047/2123 1915/1044/2124
f 1539/1030/2126 1913/1039/2125 1915/1044/2124 1914/1040/2127
f 1914/1040/2127 1915/1044/2124 1889/1048/2092 1531/1045/2090
f 1917/1031/2128 1914/1040/2127 1531/1045/2090 1885/1041/2086
f 1916/1018/2129 1539/1030/2126 1914/1040/2127 1917/1031/2128
f 1500/1002/1964 1916/1018/2129 1917/1031/2128 1790/1019/1963
f 1790/1019/1963 1917/1031/2128 1885/1041/2086 1499/1032/1960
f 1920/1782/2130 1962/1783/1591 1967/1759/1590
f 1920/1782/2130 1967/1759/1590 1966/1740/1589
f 1920/1782/2130 1966/1740/1589 1910/1739/2121
f 1918/1787/2131 2008/1806/1578 2009/1827/1577
f 1918/1787/2131 2009/1827/1577 1963/1804/1592
f 1963/1804/1592 1962/1783/1591 1920/1782/2130
f 1963/1804/1592 1920/1782/2130 1918/1787/2131
f 1540/2882/2132 1918/1787/2131 1920/1782/2130 1919/2886/2133
f 1919/2886/2133 1920/1782/2130 1910/1739/2121 1538/2885/2122
f 1923/1029/2134 1919/1038/2133 1538/1043/2122 1913/1039/2125
f 1921/1026/2135 1540/1037/2132 1919/1038/2133 1923/1029/2134
f 1541/1011/2136 1921/1026/2135 1923/1029/2134 1922/1017/2137
f 1922/1017/2137 1923/1029/2134 1913/1039/2125 1539/1030/2126
f 1925/1001/2138 1922/1017/2137 1539/1030/2126 1916/1018/2129
f 1924/995/2139 1541/1011/2136 1922/1017/2137 1925/1001/2138
f 1502/979/1972 1924/995/2139 1925/1001/2138 1796/986/1971
f 1796/986/1971 1925/1001/2138 1916/1018/2129 1500/1002/1964
f 1927/1761/2140 2011/1785/1575 2010/1805/1579
f 1927/1761/2140 2010/1805/1579 2008/1806/1578
f 1927/1761/2140 2008/1806/1578 1918/1787/2131
f 2031/1760/1573 2012/1786/1576 1853/1745/2049
f 2012/1786/1576 2011/1785/1575 1927/1761/2140
f 2012/1786/1576 1927/1761/2140 1853/1745/2049
f 1520/1015/2044 1853/1745/2049 1927/1761/2140 1926/2883/2141
f 1926/2883/2141 1927/1761/2140 1918/1787/2131 1540/2882/2132
f 1929/1012/2142 1926/1027/2141 1540/1037/2132 1921/1026/2135
f 1849/999/2043 1520/2884/2044 1926/1027/2141 1929/1012/2142
f 1518/984/2038 1849/999/2043 1929/1012/2142 1928/996/2143
f 1928/996/2143 1929/1012/2142 1921/1026/2135 1541/1011/2136
f 1930/981/2144 1928/996/2143 1541/1011/2136 1924/995/2139
f 1845/970/2037 1518/984/2038 1928/996/2143 1930/981/2144
f 1504/955/1980 1845/970/2037 1930/981/2144 1802/963/1979
f 1802/963/1979 1930/981/2144 1924/995/2139 1502/979/1972
f 1932/1532/2145 2006/1587/1513 2038/1533/1512
f 1932/1532/2145 2038/1533/1512 2037/1487/1511
f 1932/1532/2145 2037/1487/1511 1843/1486/2033
f 2021/1559/1515 2007/1618/1514 1908/1586/2119
f 2007/1618/1514 2006/1587/1513 1932/1532/2145
f 2007/1618/1514 1932/1532/2145 1908/1586/2119
f 1537/1585/2116 1908/1586/2119 1932/1532/2145 1931/2880/2146
f 1931/2880/2146 1932/1532/2145 1843/1486/2033 1517/2879/2031
f 1934/917/2147 1931/1531/2146 1517/1485/2031 1840/915/2027
f 1905/1650/2115 1537/2881/2116 1931/1531/2146 1934/917/2147
f 1536/1707/2112 1905/1650/2115 1934/917/2147 1933/914/2148
f 1933/914/2148 1934/917/2147 1840/915/2027 1515/908/2025
f 1935/907/2149 1933/914/2148 1515/908/2025 1836/898/2021
f 1902/2744/2111 1536/1707/2112 1933/914/2148 1935/907/2149
f 1503/2739/1977 1902/2744/2111 1935/907/2149 1806/902/1984
f 1806/902/1984 1935/907/2149 1836/898/2021 1505/891/1985
f 1970/1430/1554 2036/1477/1568 1938/1478/2150
f 1970/1430/1554 1938/1478/2150 1969/1431/1555
f 1938/1478/2150 2036/1477/1568 2034/1525/1567
f 1938/1478/2150 2034/1525/1567 1854/1642/2048
f 1973/1393/1558 1972/1364/1557 1971/1392/1556
f 1973/1393/1558 1971/1392/1556 1936/1479/2151
f 1971/1392/1556 1969/1431/1555 1938/1478/2150
f 1971/1392/1556 1938/1478/2150 1936/1479/2151
f 1542/2875/2152 1936/1479/2151 1938/1478/2150 1937/2878/2153
f 1937/2878/2153 1938/1478/2150 1854/1642/2048 1521/2877/2046
f 1941/1028/2154 1937/1579/2153 1521/1643/2046 1851/1014/2042
f 1939/1644/2155 1542/1578/2152 1937/2905/2153 1941/2904/2154
f 1543/1703/2156 1939/1644/2155 1941/2904/2154 1940/2903/2157
f 1940/1013/2157 1941/1028/2154 1851/1014/2042 1519/998/2040
f 1943/997/2158 1940/1013/2157 1519/998/2040 1847/983/2036
f 1942/2717/2159 1543/1703/2156 1940/2903/2157 1943/2901/2158
f 1508/2716/1996 1942/2717/2159 1943/2901/2158 1814/982/1995
f 1814/2902/1995 1943/997/2158 1847/983/2036 1506/969/1988
f 1946/1480/2160 1975/1481/1560 1974/1432/1559
f 1946/1480/2160 1974/1432/1559 1973/1393/1558
f 1946/1480/2160 1973/1393/1558 1936/1479/2151
f 2016/1526/1561 1976/1581/1562 1944/1646/2161
f 1976/1581/1562 1975/1481/1560 1946/1480/2160
f 1976/1581/1562 1946/1480/2160 1944/1646/2161
f 1544/2872/2162 1944/1646/2161 1946/1480/2160 1945/2876/2163
f 1945/2876/2163 1946/1480/2160 1936/1479/2151 1542/2875/2152
f 1949/1647/2164 1945/1580/2163 1542/1578/2152 1939/1644/2155
f 1947/1704/2165 1544/1645/2162 1945/1580/2163 1949/1647/2164
f 1545/1746/2166 1947/1704/2165 1949/1647/2164 1948/1705/2167
f 1948/1705/2167 1949/1647/2164 1939/1644/2155 1543/1703/2156
f 1951/2715/2168 1948/1705/2167 1543/1703/2156 1942/2717/2159
f 1950/2710/2169 1545/1746/2166 1948/1705/2167 1951/2715/2168
f 1510/2705/2004 1950/2710/2169 1951/2715/2168 1820/2711/2003
f 1820/2711/2003 1951/2715/2168 1942/2717/2159 1508/2716/1996
f 2013/1482/1543 2015/1527/1542 2017/1582/1563
f 2013/1482/1543 2017/1582/1563 1953/1528/2170
f 1953/1528/2170 2017/1582/1563 2016/1526/1561
f 1953/1528/2170 2016/1526/1561 1944/1646/2161
f 1999/1394/1545 2014/1433/1544 1880/1483/2084
f 2014/1433/1544 2013/1482/1543 1953/1528/2170
f 2014/1433/1544 1953/1528/2170 1880/1483/2084
f 1528/1529/2079 1880/1483/2084 1953/1528/2170 1952/2873/2171
f 1952/2873/2171 1953/1528/2170 1944/1646/2161 1544/2872/2162
f 1955/1648/2172 1952/1583/2171 1544/1645/2162 1947/1704/2165
f 1876/1584/2078 1528/2874/2079 1952/1583/2171 1955/1648/2172
f 1526/1649/2073 1876/1584/2078 1955/1648/2172 1954/1706/2173
f 1954/1706/2173 1955/1648/2172 1947/1704/2165 1545/1746/2166
f 1956/2709/2174 1954/1706/2173 1545/1746/2166 1950/2710/2169
f 1872/2714/2072 1526/1649/2073 1954/1706/2173 1956/2709/2174
f 1512/2712/2012 1872/2714/2072 1956/2709/2174 1826/2704/2011
f 1826/2704/2011 1956/2709/2174 1950/2710/2169 1510/2705/2004
f 1989/1323/1487 1991/1344/1552 1958/1368/2175
f 1989/1323/1487 1958/1368/2175 1981/1345/1488
f 1958/1368/2175 1991/1344/1552 1990/1367/1551
f 1958/1368/2175 1990/1367/1551 1881/1434/2083
f 1985/1346/1491 1982/1370/1490 1983/1369/1489
f 1985/1346/1491 1983/1369/1489 1870/1397/2069
f 1983/1369/1489 1981/1345/1488 1958/1368/2175
f 1983/1369/1489 1958/1368/2175 1870/1397/2069
f 1525/860/2066 1870/1397/2069 1958/1368/2175 1957/2870/2176
f 1957/2870/2176 1958/1368/2175 1881/1434/2083 1529/2869/2081
f 1960/842/2177 1957/861/2176 1529/1484/2081 1878/862/2077
f 1867/841/2065 1525/2871/2066 1957/861/2176 1960/842/2177
f 1524/824/2062 1867/841/2065 1960/842/2177 1959/825/2178
f 1959/825/2178 1960/842/2177 1878/862/2077 1527/843/2075
f 1961/810/2179 1959/825/2178 1527/843/2075 1874/826/2071
f 1864/809/2061 1524/824/2062 1959/825/2178 1961/810/2179
f 1511/797/2009 1864/809/2061 1961/810/2179 1830/798/2016
f 1830/798/2016 1961/810/2179 1874/826/2071 1513/811/2017
f 1372/767/2180 1392/766/2181 2072/3104/2182 2052/3105/2183
s off
f 1374/2333/2184 1372/767/2185 2052/3105/2186 2054/2334/2187
s 1
f 1364/2672/1530 1376/2671/1529 2056/2674/2188 2044/2675/2189
s off
f 1376/2335/2190 1374/2333/2191 2054/2334/2192 2056/2336/2193
s 1
f 2084/2848/2194 2043/2849/2195 1363/1299/1485 1404/1312/1628
f 2085/2847/2196 2084/2848/2194 1404/1312/1628 1405/773/2197
f 2083/2748/2198 2085/2847/2196 1405/773/2197 1403/2749/2199
f 1403/2749/2199 1361/778/2200 2041/1065/2201 2083/2748/2198
f 1368/1290/1494 1363/2845/1485 2043/1300/2195 2048/1280/2202
f 2048/2805/2202 2092/2842/2203 1412/770/2204 1368/2839/1494
f 2092/2842/2203 2072/3104/2182 1392/766/2181 1412/770/2204
f 2054/1051/2205 2052/1052/2206 2072/1053/2207 2073/1054/2208
f 2091/2835/2209 2049/2832/2210 689/1351/785 731/1071/2211
f 2074/1067/2212 2091/2835/2209 731/1071/2211 714/1068/2213
f 2053/3103/2214 2055/2750/2215 2075/1447/2216 2074/3102/2217
f 683/1329/751 689/2834/785 2049/1352/2210 2043/1300/2195
f 2661/1277/185 2669/1276/765 2064/2804/2218
f 2663/1268/184 2661/1277/185 2064/2804/2218
f 2662/1285/187 2663/1268/184 2064/2804/2218
f 2665/1278/186 2662/1285/187 2064/2804/2218
f 2664/1286/2219 2665/1278/186 2064/2804/2218
f 2676/1289/2220 2664/1286/2219 2064/2804/2218
f 2048/1280/2202 2676/1289/2220 2064/2804/2218
f 2677/1295/2221 2676/1289/2220 2048/1280/2202
f 2672/1287/2222 2677/1295/2221 2048/1280/2202
f 2674/1296/2223 2672/1287/2222 2048/1280/2202
f 2673/1305/2224 2674/1296/2223 2048/1280/2202
f 2675/1317/2225 2673/1305/2224 2048/1280/2202
f 2707/1409/2226 2708/1378/2227 2049/1352/2210
f 2683/1453/2228 2707/1409/2226 2049/1352/2210
f 2684/1473/2229 2683/1453/2228 2049/1352/2210
f 2685/1523/2230 2684/1473/2229 2049/1352/2210
f 2657/1313/2231 2048/1280/2202 2043/1300/2195
f 2658/1306/2232 2657/1313/2231 2043/1300/2195
f 2660/1318/2233 2658/1306/2232 2043/1300/2195
f 2659/1337/2234 2660/1318/2233 2043/1300/2195
f 2719/1360/2235 2659/1337/2234 2043/1300/2195
f 2720/1338/2236 2719/1360/2235 2043/1300/2195
f 2717/1361/2237 2720/1338/2236 2043/1300/2195
f 2718/1387/2238 2717/1361/2237 2043/1300/2195
f 2686/1426/2239 2718/1387/2238 2043/1300/2195
f 2687/1388/2240 2686/1426/2239 2043/1300/2195
f 2701/1427/2241 2687/1388/2240 2043/1300/2195
f 2700/1476/2242 2701/1427/2241 2043/1300/2195
f 2698/1454/2243 2700/1476/2242 2043/1300/2195
f 2699/1410/2244 2698/1454/2243 2043/1300/2195
f 2708/1378/2227 2699/1410/2244 2043/1300/2195
f 2049/1352/2210 2708/1378/2227 2043/1300/2195
f 2675/1317/2225 2048/1280/2202 2657/1313/2231
f 2085/1060/2245 2083/1061/2246 723/1062/2247 725/1063/2248
f 2058/2682/2249 2059/2685/2250 2042/2686/2251 2046/2683/2252
f 2060/2677/2253 2058/2682/2249 2046/2683/2252 2047/2678/2254
f 2056/2674/2188 2060/2677/2253 2047/2678/2254 2044/2675/2189
f 681/1064/2255 723/1062/2247 2083/1061/2246 2041/1065/2256
f 2061/471/2257 2057/465/2258 2045/464/2259 2050/472/2260
f 2062/479/2261 2061/471/2257 2050/472/2260 2051/480/2262
f 2059/488/2263 2062/479/2261 2051/480/2262 2042/489/2264
f 2693/1209/4 2695/1212/5 2065/2802/2265
f 2694/1213/910 2693/1209/4 2065/2802/2265
f 2679/1225/911 2694/1213/910 2065/2802/2265
f 2678/1235/2266 2679/1225/911 2065/2802/2265
f 2666/1245/2267 2678/1235/2266 2065/2802/2265
f 2063/2799/2268 2666/1245/2267 2065/2802/2265
f 2667/1257/2269 2666/1245/2267 2063/2799/2268
f 2668/1249/2270 2667/1257/2269 2063/2799/2268
f 2670/1258/188 2668/1249/2270 2063/2799/2268
f 2671/1267/189 2670/1258/188 2063/2799/2268
f 2669/1276/765 2671/1267/189 2063/2799/2268
f 2064/2804/2218 2669/1276/765 2063/2799/2268
f 2649/1256/2271 2650/1266/2272 2066/2801/2273
f 2651/1244/1627 2649/1256/2271 2066/2801/2273
f 2652/1234/2274 2651/1244/1627 2066/2801/2273
f 2065/2802/2265 2652/1234/2274 2066/2801/2273
f 2065/2802/2265 2654/1217/1459 2653/1224/1458
f 2655/1211/1457 2654/1217/1459 2065/2802/2265
f 2696/1205/1 2655/1211/1457 2065/2802/2265
f 2656/1214/24 2655/1211/1457 2696/1205/1
f 2697/1206/2 2696/1205/1 2065/2802/2265
f 2695/1212/5 2697/1206/2 2065/2802/2265
f 2652/1234/2274 2065/2802/2265 2653/1224/1458
f 2068/1270/2275 2067/1260/2276 2066/2801/2273
f 2714/1255/2277 2715/1275/2278 2068/1270/2275
f 2716/1265/2279 2714/1255/2277 2068/1270/2275
f 2650/1266/2272 2716/1265/2279 2068/1270/2275
f 2066/2801/2273 2650/1266/2272 2068/1270/2275
f 2715/1275/2278 2713/1263/2280 2712/1272/2281
f 2068/1270/2275 2715/1275/2278 2712/1272/2281
f 2069/1291/2282 2068/1270/2275 2712/1272/2281
f 2709/1281/2283 2069/1291/2282 2712/1272/2281
f 2709/1281/2283 2710/1283/2284 2711/1273/2285
f 2069/1291/2282 2709/1281/2283 2711/1273/2285
f 2691/1292/2286 2069/1291/2282 2711/1273/2285
f 2692/1282/2287 2691/1292/2286 2711/1273/2285
f 2688/1294/2288 2689/1303/2289 2069/1291/2282
f 2690/1304/2290 2688/1294/2288 2069/1291/2282
f 2691/1292/2286 2690/1304/2290 2069/1291/2282
f 2702/1420/2291 2680/1502/2292 2070/2829/2293
f 2703/1381/2294 2702/1420/2291 2070/2829/2293
f 2704/1384/2295 2703/1381/2294 2070/2829/2293
f 2681/1446/2296 2070/2829/2293 2680/1502/2292
f 2049/1352/2210 2070/2829/2293 2681/1446/2296
f 2682/1421/2297 2049/1352/2210 2681/1446/2296
f 2685/1523/2230 2049/1352/2210 2682/1421/2297
f 2646/1315/2298 2648/1359/2299 2071/2830/2300
f 2647/1335/2301 2646/1315/2298 2071/2830/2300
f 2642/1316/2302 2647/1335/2301 2071/2830/2300
f 2643/1302/2303 2642/1316/2302 2071/2830/2300
f 2689/1303/2289 2643/1302/2303 2071/2830/2300
f 2069/1291/2282 2689/1303/2289 2071/2830/2300
f 2070/2829/2293 2705/1357/2304 2704/1384/2295
f 2706/1385/2305 2705/1357/2304 2070/2829/2293
f 2071/2830/2300 2706/1385/2305 2070/2829/2293
f 2644/1358/2306 2706/1385/2305 2071/2830/2300
f 2645/1334/2307 2644/1358/2306 2071/2830/2300
f 2648/1359/2299 2645/1334/2307 2071/2830/2300
f 2076/2684/2308 2077/2687/2309 2059/2685/2250 2058/2682/2249
f 2078/2681/2310 2076/2684/2308 2058/2682/2249 2060/2677/2253
f 2080/2680/2311 2078/2681/2310 2060/2677/2253 2056/2674/2188
f 2075/1447/2216 2055/2750/2215 2057/2751/2312 2079/1503/2313
f 2080/1057/2314 2056/1058/2315 2054/1051/2205 2073/1054/2208
f 2081/477/2316 2079/478/2317 2057/465/2258 2061/471/2257
f 2082/487/2318 2081/477/2316 2061/471/2257 2062/479/2261
f 2077/494/2319 2082/487/2318 2062/479/2261 2059/488/2263
s off
f 695/2337/2320 697/2338/2321 2057/2339/2322 2055/2340/2323
s 1
f 2082/487/2318 2077/494/2319 2087/496/2324 2086/493/2325
f 2086/493/2325 2087/496/2324 2067/497/2276 2068/495/2275
f 2081/477/2316 2082/487/2318 2086/493/2325 2088/485/2326
f 2088/485/2326 2086/493/2325 2068/495/2275 2069/491/2282
f 2075/1447/2216 2079/1503/2313 2090/1448/2327 2089/1406/2328
f 2089/1406/2328 2090/1448/2327 2071/1336/2300 2070/1405/2293
f 2048/2841/2202 2064/1271/2218 2093/1056/2329 2092/1055/2330
f 2092/1055/2330 2093/1056/2329 2073/1054/2208 2072/1053/2207
f 2070/1405/2293 2049/2831/2210 2091/1070/2331 2089/1406/2328
f 2089/1406/2328 2091/1070/2331 2074/3102/2217 2075/1447/2216
f 2066/1243/2273 2067/2800/2276 2087/1261/2332 2094/1251/2333
f 2094/1251/2333 2087/1261/2332 2077/2687/2309 2076/2684/2308
f 2065/1208/2265 2066/1243/2273 2094/1251/2333 2095/1252/2334
f 2095/1252/2334 2094/1251/2333 2076/2684/2308 2078/2681/2310
f 2063/1253/2268 2065/1208/2265 2095/1252/2334 2096/1262/2335
f 2096/1262/2335 2095/1252/2334 2078/2681/2310 2080/2680/2311
f 2064/1271/2218 2063/2803/2268 2096/1059/2336 2093/1056/2329
f 2093/1056/2329 2096/1059/2336 2080/1057/2314 2073/1054/2208
f 2069/491/2282 2071/492/2300 2090/486/2337 2088/485/2326
f 2088/485/2326 2090/486/2337 2079/478/2317 2081/477/2316
s off
f 1361/778/2338 1/777/2339 681/1064/2340 2041/1065/2341
s 1
f 2084/1311/2194 2085/1060/2245 725/1063/2248 724/1328/749
f 2043/2843/2195 2084/1311/2194 724/1328/749 683/2857/751
f 2053/1066/2342 2074/1067/2212 714/1068/2213 693/1069/2343
f 697/461/818 685/460/817 2045/464/2259 2057/465/2258
s off
f 2055/2340/2344 2053/1066/2345 693/1069/2346 695/2337/2347
s 1
f 2229/2341/2348 2228/2342/2349 2097/2343/2350 2226/2344/2351
f 2227/2345/2352 2229/2341/2348 2226/2344/2351 2098/2351/2353
f 2227/2345/2352 2099/2346/2354 2228/2342/2349 2229/2341/2348
f 2232/2347/2355 2231/2348/2356 2097/2343/2350 2228/2342/2349
f 2230/2354/2357 2232/2347/2355 2228/2342/2349 2099/2346/2354
f 2230/2354/2357 2100/2355/2358 2231/2348/2356 2232/2347/2355
f 2235/2356/2359 2234/2357/2360 2097/2343/2350 2231/2348/2356
f 2233/2367/2361 2235/2356/2359 2231/2348/2356 2100/2355/2358
f 2233/2367/2361 2101/2368/2362 2234/2357/2360 2235/2356/2359
f 2238/2369/2363 2237/2370/2364 2097/2343/2350 2234/2357/2360
f 2236/2384/2365 2238/2369/2363 2234/2357/2360 2101/2368/2362
f 2236/2384/2365 2102/2385/2366 2237/2370/2364 2238/2369/2363
f 2243/2380/2367 2242/2365/2368 2106/2377/2369 2239/2396/2370
f 2240/2399/2371 2243/2380/2367 2239/2396/2370 2103/2416/2372
f 2104/2398/2373 2241/2379/2374 2243/2380/2367 2240/2399/2371
f 2241/2379/2374 2105/2364/2375 2242/2365/2368 2243/2380/2367
f 2246/2353/2376 2227/2345/2352 2098/2351/2353 2244/2362/2377
f 2242/2365/2368 2246/2353/2376 2244/2362/2377 2106/2377/2369
f 2105/2364/2375 2245/2352/2378 2246/2353/2376 2242/2365/2368
f 2245/2352/2378 2099/2346/2354 2227/2345/2352 2246/2353/2376
f 2250/2397/2379 2249/2378/2380 2105/2364/2375 2241/2379/2374
f 2247/113/2381 2250/2397/2379 2241/2379/2374 2104/2398/2373
f 2107/96/2382 2248/112/2383 2250/2397/2379 2247/113/2381
f 2248/112/2383 2108/2382/2384 2249/2378/2380 2250/2397/2379
f 2252/2363/2385 2230/2354/2357 2099/2346/2354 2245/2352/2378
f 2249/2378/2380 2252/2363/2385 2245/2352/2378 2105/2364/2375
f 2108/2382/2384 2251/2366/2386 2252/2363/2385 2249/2378/2380
f 2251/2366/2386 2100/2355/2358 2230/2354/2357 2252/2363/2385
f 2256/95/2387 2255/111/2388 2108/2382/2384 2248/112/2383
f 2253/80/2389 2256/95/2387 2248/112/2383 2107/96/2382
f 2109/79/2390 2254/94/2391 2256/95/2387 2253/80/2389
f 2254/94/2391 2110/110/2392 2255/111/2388 2256/95/2387
f 2258/2381/2393 2233/2367/2361 2100/2355/2358 2251/2366/2386
f 2255/111/2388 2258/2381/2393 2251/2366/2386 2108/2382/2384
f 2110/110/2392 2257/2383/2394 2258/2381/2393 2255/111/2388
f 2257/2383/2394 2101/2368/2362 2233/2367/2361 2258/2381/2393
f 2262/109/2395 2261/123/2396 2110/110/2392 2254/94/2391
f 2259/93/2397 2262/109/2395 2254/94/2391 2109/79/2390
f 2111/108/2398 2260/122/2399 2262/109/2395 2259/93/2397
f 2260/122/2399 2112/130/2400 2261/123/2396 2262/109/2395
f 2264/2400/2401 2236/2384/2365 2101/2368/2362 2257/2383/2394
f 2261/123/2396 2264/2400/2401 2257/2383/2394 2110/110/2392
f 2112/130/2400 2263/2401/2402 2264/2400/2401 2261/123/2396
f 2263/2401/2402 2102/2385/2366 2236/2384/2365 2264/2400/2401
f 2269/2515/2403 2268/2518/2404 2116/2516/2405 2265/2511/2406
f 2266/2510/2407 2269/2515/2403 2265/2511/2406 2113/2504/2408
f 2114/2514/2409 2267/2517/2410 2269/2515/2403 2266/2510/2407
f 2267/2517/2410 2115/2519/2411 2268/2518/2404 2269/2515/2403
f 2272/2418/2412 2240/2399/2371 2103/2416/2372 2270/2434/2413
f 2268/2518/2404 2272/2418/2412 2270/2434/2413 2116/2516/2405
f 2115/2519/2411 2271/2417/2414 2272/2418/2412 2268/2518/2404
f 2271/2417/2414 2104/2398/2373 2240/2399/2371 2272/2418/2412
f 2276/68/2415 2275/82/2416 2115/2519/2411 2267/2517/2410
f 2273/54/2417 2276/68/2415 2267/2517/2410 2114/2514/2409
f 2117/38/2418 2274/53/2419 2276/68/2415 2273/54/2417
f 2274/53/2419 2118/67/2420 2275/82/2416 2276/68/2415
f 2278/97/2421 2247/113/2381 2104/2398/2373 2271/2417/2414
f 2275/82/2416 2278/97/2421 2271/2417/2414 2115/2519/2411
f 2118/67/2420 2277/81/2422 2278/97/2421 2275/82/2416
f 2277/81/2422 2107/96/2382 2247/113/2381 2278/97/2421
f 2282/37/2423 2281/52/2424 2118/67/2420 2274/53/2419
f 2279/24/2425 2282/37/2423 2274/53/2419 2117/38/2418
f 2119/23/2426 2280/36/2427 2282/37/2423 2279/24/2425
f 2280/36/2427 2120/51/2428 2281/52/2424 2282/37/2423
f 2284/66/2429 2253/80/2389 2107/96/2382 2277/81/2422
f 2281/52/2424 2284/66/2429 2277/81/2422 2118/67/2420
f 2120/51/2428 2283/65/2430 2284/66/2429 2281/52/2424
f 2283/65/2430 2109/79/2390 2253/80/2389 2284/66/2429
f 2288/50/2431 2287/64/2432 2120/51/2428 2280/36/2427
f 2285/35/2433 2288/50/2431 2280/36/2427 2119/23/2426
f 2121/49/2434 2286/63/2435 2288/50/2431 2285/35/2433
f 2286/63/2435 2122/77/2436 2287/64/2432 2288/50/2431
f 2290/78/2437 2259/93/2397 2109/79/2390 2283/65/2430
f 2287/64/2432 2290/78/2437 2283/65/2430 2120/51/2428
f 2122/77/2436 2289/92/2438 2290/78/2437 2287/64/2432
f 2289/92/2438 2111/108/2398 2259/93/2397 2290/78/2437
f 2293/2350/2439 2292/2349/2440 2123/2360/2441 2291/2361/2442
f 2226/2344/2351 2293/2350/2439 2291/2361/2442 2098/2351/2353
f 2226/2344/2351 2097/2343/2350 2292/2349/2440 2293/2350/2439
f 2296/2359/2443 2295/2358/2444 2124/2373/2445 2294/2374/2446
f 2292/2349/2440 2296/2359/2443 2294/2374/2446 2123/2360/2441
f 2292/2349/2440 2097/2343/2350 2295/2358/2444 2296/2359/2443
f 2299/2372/2447 2298/2371/2448 2125/2390/2449 2297/2391/2450
f 2295/2358/2444 2299/2372/2447 2297/2391/2450 2124/2373/2445
f 2295/2358/2444 2097/2343/2350 2298/2371/2448 2299/2372/2447
f 2302/2389/2451 2301/2388/2452 2126/2408/2453 2300/2409/2454
f 2298/2371/2448 2302/2389/2451 2300/2409/2454 2125/2390/2449
f 2298/2371/2448 2097/2343/2350 2301/2388/2452 2302/2389/2451
f 2306/2415/2455 2239/2396/2370 2106/2377/2369 2303/2395/2456
f 2304/2414/2457 2306/2415/2455 2303/2395/2456 2127/2394/2458
f 2128/2432/2459 2305/2433/2460 2306/2415/2455 2304/2414/2457
f 2305/2433/2460 2103/2416/2372 2239/2396/2370 2306/2415/2455
f 2308/2376/2461 2244/2362/2377 2098/2351/2353 2291/2361/2442
f 2307/2375/2462 2308/2376/2461 2291/2361/2442 2123/2360/2441
f 2127/2394/2458 2303/2395/2456 2308/2376/2461 2307/2375/2462
f 2303/2395/2456 2106/2377/2369 2244/2362/2377 2308/2376/2461
f 2312/2431/2463 2304/2414/2457 2127/2394/2458 2309/2413/2464
f 2310/3092/2465 2312/2431/2463 2309/2413/2464 2129/3091/2466
f 2130/3089/2467 2311/1117/2468 2312/2431/2463 2310/3092/2465
f 2311/1117/2468 2128/2432/2459 2304/2414/2457 2312/2431/2463
f 2314/2393/2469 2307/2375/2462 2123/2360/2441 2294/2374/2446
f 2313/2392/2470 2314/2393/2469 2294/2374/2446 2124/2373/2445
f 2129/3091/2466 2309/2413/2464 2314/2393/2469 2313/2392/2470
f 2309/2413/2464 2127/2394/2458 2307/2375/2462 2314/2393/2469
f 2318/1104/2471 2310/1118/2465 2129/2412/2466 2315/1119/2472
f 2316/1105/2473 2318/1104/2471 2315/1119/2472 2131/1120/2474
f 2132/1092/2475 2317/1091/2476 2318/1104/2471 2316/1105/2473
f 2317/1091/2476 2130/1103/2467 2310/1118/2465 2318/1104/2471
f 2320/2411/2477 2313/2392/2470 2124/2373/2445 2297/2391/2450
f 2319/2410/2478 2320/2411/2477 2297/2391/2450 2125/2390/2449
f 2131/1120/2474 2315/1119/2472 2320/2411/2477 2319/2410/2478
f 2315/1119/2472 2129/2412/2466 2313/2392/2470 2320/2411/2477
f 2324/1121/2479 2316/1105/2473 2131/1120/2474 2321/1134/2480
f 2322/1135/2481 2324/1121/2479 2321/1134/2480 2133/1149/2482
f 2134/1122/2483 2323/1106/2484 2324/1121/2479 2322/1135/2481
f 2323/1106/2484 2132/1092/2475 2316/1105/2473 2324/1121/2479
f 2326/2430/2485 2319/2410/2478 2125/2390/2449 2300/2409/2454
f 2325/2429/2486 2326/2430/2485 2300/2409/2454 2126/2408/2453
f 2133/1149/2482 2321/1134/2480 2326/2430/2485 2325/2429/2486
f 2321/1134/2480 2131/1120/2474 2319/2410/2478 2326/2430/2485
f 2330/2505/2487 2265/2511/2406 2116/2516/2405 2327/2512/2488
f 2328/2506/2489 2330/2505/2487 2327/2512/2488 2135/2513/2490
f 2136/2500/2491 2329/2499/2492 2330/2505/2487 2328/2506/2489
f 2329/2499/2492 2113/2504/2408 2265/2511/2406 2330/2505/2487
f 2332/2448/2493 2270/2434/2413 2103/2416/2372 2305/2433/2460
f 2331/2447/2494 2332/2448/2493 2305/2433/2460 2128/2432/2459
f 2135/2513/2490 2327/2512/2488 2332/2448/2493 2331/2447/2494
f 2327/2512/2488 2116/2516/2405 2270/2434/2413 2332/2448/2493
f 2336/1088/2495 2328/2506/2489 2135/2513/2490 2333/1089/2496
f 2334/3090/2497 2336/1088/2495 2333/1089/2496 2137/3088/2498
f 2138/3077/2499 2335/1100/2500 2336/1088/2495 2334/3090/2497
f 2335/1100/2500 2136/2500/2491 2328/2506/2489 2336/1088/2495
f 2338/1102/2501 2331/2447/2494 2128/2432/2459 2311/1117/2468
f 2337/3087/2502 2338/1102/2501 2311/1117/2468 2130/3089/2467
f 2137/3088/2498 2333/1089/2496 2338/1102/2501 2337/3087/2502
f 2333/1089/2496 2135/2513/2490 2331/2447/2494 2338/1102/2501
f 2342/1073/2503 2334/1078/2497 2137/1079/2498 2339/1074/2504
f 2340/1072/2505 2342/1073/2503 2339/1074/2504 2139/1075/2506
f 2140/1076/2507 2341/1077/2508 2342/1073/2503 2340/1072/2505
f 2341/1077/2508 2138/1086/2499 2334/1078/2497 2342/1073/2503
f 2344/1080/2509 2337/1090/2502 2130/1103/2467 2317/1091/2476
f 2343/1081/2510 2344/1080/2509 2317/1091/2476 2132/1092/2475
f 2139/1075/2506 2339/1074/2504 2344/1080/2509 2343/1081/2510
f 2339/1074/2504 2137/1079/2498 2337/1090/2502 2344/1080/2509
f 2348/1082/2511 2340/1072/2505 2139/1075/2506 2345/1083/2512
f 2346/1094/2513 2348/1082/2511 2345/1083/2512 2141/1095/2514
f 2142/1101/2515 2347/1087/2516 2348/1082/2511 2346/1094/2513
f 2347/1087/2516 2140/1076/2507 2340/1072/2505 2348/1082/2511
f 2350/1093/2517 2343/1081/2510 2132/1092/2475 2323/1106/2484
f 2349/1107/2518 2350/1093/2517 2323/1106/2484 2134/1122/2483
f 2141/1095/2514 2345/1083/2512 2350/1093/2517 2349/1107/2518
f 2345/1083/2512 2139/1075/2506 2343/1081/2510 2350/1093/2517
f 2354/2436/2519 2353/2420/2520 2143/2438/2521 2351/2450/2522
f 2352/2435/2523 2354/2436/2519 2351/2450/2522 2144/2451/2524
f 2352/2435/2523 2097/2343/2350 2353/2420/2520 2354/2436/2519
f 2357/2421/2525 2356/2403/2526 2145/2423/2527 2355/2437/2528
f 2353/2420/2520 2357/2421/2525 2355/2437/2528 2143/2438/2521
f 2353/2420/2520 2097/2343/2350 2356/2403/2526 2357/2421/2525
f 2360/2404/2529 2359/2386/2530 2146/2405/2531 2358/2422/2532
f 2356/2403/2526 2360/2404/2529 2358/2422/2532 2145/2423/2527
f 2356/2403/2526 2097/2343/2350 2359/2386/2530 2360/2404/2529
f 2362/2387/2533 2237/2370/2364 2102/2385/2366 2361/2402/2534
f 2359/2386/2530 2362/2387/2533 2361/2402/2534 2146/2405/2531
f 2359/2386/2530 2097/2343/2350 2237/2370/2364 2362/2387/2533
f 2367/2475/2535 2366/2476/2536 2150/2469/2537 2363/2468/2538
f 2364/2471/2539 2367/2475/2535 2363/2468/2538 2147/2463/2540
f 2148/2477/2541 2365/2481/2542 2367/2475/2535 2364/2471/2539
f 2365/2481/2542 2149/2482/2543 2366/2476/2536 2367/2475/2535
f 2370/2460/2544 2369/2461/2545 2144/2451/2524 2351/2450/2522
f 2368/2453/2546 2370/2460/2544 2351/2450/2522 2143/2438/2521
f 2147/2463/2540 2363/2468/2538 2370/2460/2544 2368/2453/2546
f 2363/2468/2538 2150/2469/2537 2369/2461/2545 2370/2460/2544
f 2374/2470/2547 2364/2471/2539 2147/2463/2540 2371/2462/2548
f 2372/3086/2549 2374/2470/2547 2371/2462/2548 2151/3085/2550
f 2152/3083/2551 2373/140/2552 2374/2470/2547 2372/3086/2549
f 2373/140/2552 2148/2477/2541 2364/2471/2539 2374/2470/2547
f 2376/2452/2553 2368/2453/2546 2143/2438/2521 2355/2437/2528
f 2375/2440/2554 2376/2452/2553 2355/2437/2528 2145/2423/2527
f 2151/3085/2550 2371/2462/2548 2376/2452/2553 2375/2440/2554
f 2371/2462/2548 2147/2463/2540 2368/2453/2546 2376/2452/2553
f 2380/138/2555 2372/141/2549 2151/2454/2550 2377/142/2556
f 2378/134/2557 2380/138/2555 2377/142/2556 2153/139/2558
f 2154/128/2559 2379/133/2560 2380/138/2555 2378/134/2557
f 2379/133/2560 2152/137/2551 2372/141/2549 2380/138/2555
f 2382/2439/2561 2375/2440/2554 2145/2423/2527 2358/2422/2532
f 2381/2424/2562 2382/2439/2561 2358/2422/2532 2146/2405/2531
f 2153/139/2558 2377/142/2556 2382/2439/2561 2381/2424/2562
f 2377/142/2556 2151/2454/2550 2375/2440/2554 2382/2439/2561
f 2385/129/2563 2378/134/2557 2153/139/2558 2383/135/2564
f 2260/122/2399 2385/129/2563 2383/135/2564 2112/130/2400
f 2111/108/2398 2384/121/2565 2385/129/2563 2260/122/2399
f 2384/121/2565 2154/128/2559 2378/134/2557 2385/129/2563
f 2386/2419/2566 2381/2424/2562 2146/2405/2531 2361/2402/2534
f 2263/2401/2402 2386/2419/2566 2361/2402/2534 2102/2385/2366
f 2112/130/2400 2383/135/2564 2386/2419/2566 2263/2401/2402
f 2383/135/2564 2153/139/2558 2381/2424/2562 2386/2419/2566
f 2391/2752/2567 2390/2753/2568 2158/2754/2569 2387/2755/2570
f 2388/2760/2571 2391/2752/2567 2387/2755/2570 2155/2761/2572
f 2156/2765/2573 2389/2756/2574 2391/2752/2567 2388/2760/2571
f 2389/2756/2574 2157/2757/2575 2390/2753/2568 2391/2752/2567
f 2394/2486/2576 2393/2487/2577 2149/2482/2543 2365/2481/2542
f 2392/2483/2578 2394/2486/2576 2365/2481/2542 2148/2477/2541
f 2155/2761/2572 2387/2755/2570 2394/2486/2576 2392/2483/2578
f 2387/2755/2570 2158/2754/2569 2393/2487/2577 2394/2486/2576
f 2398/125/2579 2388/2760/2571 2155/2761/2572 2395/131/2580
f 2396/3084/2581 2398/125/2579 2395/131/2580 2159/3082/2582
f 2160/3080/2583 2397/117/2584 2398/125/2579 2396/3084/2581
f 2397/117/2584 2156/2765/2573 2388/2760/2571 2398/125/2579
f 2400/136/2585 2392/2483/2578 2148/2477/2541 2373/140/2552
f 2399/3081/2586 2400/136/2585 2373/140/2552 2152/3083/2551
f 2159/3082/2582 2395/131/2580 2400/136/2585 2399/3081/2586
f 2395/131/2580 2155/2761/2572 2392/2483/2578 2400/136/2585
f 2404/105/2587 2396/118/2581 2159/126/2582 2401/119/2588
f 2402/90/2589 2404/105/2587 2401/119/2588 2161/106/2590
f 2162/75/2591 2403/89/2592 2404/105/2587 2402/90/2589
f 2403/89/2592 2160/104/2583 2396/118/2581 2404/105/2587
f 2406/127/2593 2399/132/2586 2152/137/2551 2379/133/2560
f 2405/120/2594 2406/127/2593 2379/133/2560 2154/128/2559
f 2161/106/2590 2401/119/2588 2406/127/2593 2405/120/2594
f 2401/119/2588 2159/126/2582 2399/132/2586 2406/127/2593
f 2409/76/2595 2402/90/2589 2161/106/2590 2407/91/2596
f 2286/63/2435 2409/76/2595 2407/91/2596 2122/77/2436
f 2121/49/2434 2408/62/2597 2409/76/2595 2286/63/2435
f 2408/62/2597 2162/75/2591 2402/90/2589 2409/76/2595
f 2410/107/2598 2405/120/2594 2154/128/2559 2384/121/2565
f 2289/92/2438 2410/107/2598 2384/121/2565 2111/108/2398
f 2122/77/2436 2407/91/2596 2410/107/2598 2289/92/2438
f 2407/91/2596 2161/106/2590 2405/120/2594 2410/107/2598
f 2413/2449/2599 2412/2444/2600 2097/2343/2350 2352/2435/2523
f 2411/2459/2601 2413/2449/2599 2352/2435/2523 2144/2451/2524
f 2411/2459/2601 2163/2457/2602 2412/2444/2600 2413/2449/2599
f 2416/2443/2603 2415/2427/2604 2097/2343/2350 2412/2444/2600
f 2414/2456/2605 2416/2443/2603 2412/2444/2600 2163/2457/2602
f 2414/2456/2605 2164/2445/2606 2415/2427/2604 2416/2443/2603
f 2419/2426/2607 2418/2407/2608 2097/2343/2350 2415/2427/2604
f 2417/2442/2609 2419/2426/2607 2415/2427/2604 2164/2445/2606
f 2417/2442/2609 2165/2428/2610 2418/2407/2608 2419/2426/2607
f 2421/2406/2611 2301/2388/2452 2097/2343/2350 2418/2407/2608
f 2420/2425/2612 2421/2406/2611 2418/2407/2608 2165/2428/2610
f 2420/2425/2612 2126/2408/2453 2301/2388/2452 2421/2406/2611
f 2425/2480/2613 2424/2474/2614 2150/2469/2537 2366/2476/2536
f 2422/2485/2615 2425/2480/2613 2366/2476/2536 2149/2482/2543
f 2166/2484/2616 2423/2479/2617 2425/2480/2613 2422/2485/2615
f 2423/2479/2617 2167/2473/2618 2424/2474/2614 2425/2480/2613
f 2427/2467/2619 2411/2459/2601 2144/2451/2524 2369/2461/2545
f 2424/2474/2614 2427/2467/2619 2369/2461/2545 2150/2469/2537
f 2167/2473/2618 2426/2465/2620 2427/2467/2619 2424/2474/2614
f 2426/2465/2620 2163/2457/2602 2411/2459/2601 2427/2467/2619
f 2431/2478/2621 2430/2472/2622 2167/2473/2618 2423/2479/2617
f 2428/1191/2623 2431/2478/2621 2423/2479/2617 2166/2484/2616
f 2168/1181/2624 2429/1190/2625 2431/2478/2621 2428/1191/2623
f 2429/1190/2625 2169/2466/2626 2430/2472/2622 2431/2478/2621
f 2433/2464/2627 2414/2456/2605 2163/2457/2602 2426/2465/2620
f 2430/2472/2622 2433/2464/2627 2426/2465/2620 2167/2473/2618
f 2169/2466/2626 2432/2458/2628 2433/2464/2627 2430/2472/2622
f 2432/2458/2628 2164/2445/2606 2414/2456/2605 2433/2464/2627
f 2437/1180/2629 2436/1189/2630 2169/2466/2626 2429/1190/2625
f 2434/1167/2631 2437/1180/2629 2429/1190/2625 2168/1181/2624
f 2170/1151/2632 2435/1166/2633 2437/1180/2629 2434/1167/2631
f 2435/1166/2633 2171/1179/2634 2436/1189/2630 2437/1180/2629
f 2439/2455/2635 2417/2442/2609 2164/2445/2606 2432/2458/2628
f 2436/1189/2630 2439/2455/2635 2432/2458/2628 2169/2466/2626
f 2171/1179/2634 2438/2446/2636 2439/2455/2635 2436/1189/2630
f 2438/2446/2636 2165/2428/2610 2417/2442/2609 2439/2455/2635
f 2442/1150/2637 2441/1165/2638 2171/1179/2634 2435/1166/2633
f 2440/1136/2639 2442/1150/2637 2435/1166/2633 2170/1151/2632
f 2134/1122/2483 2322/1135/2481 2442/1150/2637 2440/1136/2639
f 2322/1135/2481 2133/1149/2482 2441/1165/2638 2442/1150/2637
f 2443/2441/2640 2420/2425/2612 2165/2428/2610 2438/2446/2636
f 2441/1165/2638 2443/2441/2640 2438/2446/2636 2171/1179/2634
f 2133/1149/2482 2325/2429/2486 2443/2441/2640 2441/1165/2638
f 2325/2429/2486 2126/2408/2453 2420/2425/2612 2443/2441/2640
f 2447/2758/2641 2446/2759/2642 2158/2754/2569 2390/2753/2568
f 2444/2764/2643 2447/2758/2641 2390/2753/2568 2157/2757/2575
f 2172/2772/2644 2445/2766/2645 2447/2758/2641 2444/2764/2643
f 2445/2766/2645 2173/2767/2646 2446/2759/2642 2447/2758/2641
f 2449/2489/2647 2422/2485/2615 2149/2482/2543 2393/2487/2577
f 2446/2759/2642 2449/2489/2647 2393/2487/2577 2158/2754/2569
f 2173/2767/2646 2448/2488/2648 2449/2489/2647 2446/2759/2642
f 2448/2488/2648 2166/2484/2616 2422/2485/2615 2449/2489/2647
f 2453/1170/2649 2452/1169/2650 2173/2767/2646 2445/2766/2645
f 2450/1178/2651 2453/1170/2649 2445/2766/2645 2172/2772/2644
f 2174/1164/2652 2451/1154/2653 2453/1170/2649 2450/1178/2651
f 2451/1154/2653 2175/1153/2654 2452/1169/2650 2453/1170/2649
f 2455/1182/2655 2428/1191/2623 2166/2484/2616 2448/2488/2648
f 2452/1169/2650 2455/1182/2655 2448/2488/2648 2173/2767/2646
f 2175/1153/2654 2454/1168/2656 2455/1182/2655 2452/1169/2650
f 2454/1168/2656 2168/1181/2624 2428/1191/2623 2455/1182/2655
f 2459/1139/2657 2458/1138/2658 2175/1153/2654 2451/1154/2653
f 2456/1148/2659 2459/1139/2657 2451/1154/2653 2174/1164/2652
f 2176/1133/2660 2457/1125/2661 2459/1139/2657 2456/1148/2659
f 2457/1125/2661 2177/1124/2662 2458/1138/2658 2459/1139/2657
f 2461/1152/2663 2434/1167/2631 2168/1181/2624 2454/1168/2656
f 2458/1138/2658 2461/1152/2663 2454/1168/2656 2175/1153/2654
f 2177/1124/2662 2460/1137/2664 2461/1152/2663 2458/1138/2658
f 2460/1137/2664 2170/1151/2632 2434/1167/2631 2461/1152/2663
f 2464/1109/2665 2463/1108/2666 2177/1124/2662 2457/1125/2661
f 2462/1116/2667 2464/1109/2665 2457/1125/2661 2176/1133/2660
f 2142/1101/2515 2346/1094/2513 2464/1109/2665 2462/1116/2667
f 2346/1094/2513 2141/1095/2514 2463/1108/2666 2464/1109/2665
f 2465/1123/2668 2440/1136/2639 2170/1151/2632 2460/1137/2664
f 2463/1108/2666 2465/1123/2668 2460/1137/2664 2177/1124/2662
f 2141/1095/2514 2349/1107/2518 2465/1123/2668 2463/1108/2666
f 2349/1107/2518 2134/1122/2483 2440/1136/2639 2465/1123/2668
f 2469/1183/2669 2450/1178/2651 2172/2772/2644 2466/2773/2670
f 2467/1192/2671 2469/1183/2669 2466/2773/2670 2178/2778/2672
f 2179/1184/2673 2468/1172/2674 2469/1183/2669 2467/1192/2671
f 2468/1172/2674 2174/1164/2652 2450/1178/2651 2469/1183/2669
f 2472/1157/2675 2456/1148/2659 2174/1164/2652 2468/1172/2674
f 2470/1173/2676 2472/1157/2675 2468/1172/2674 2179/1184/2673
f 2180/1158/2677 2471/1142/2678 2472/1157/2675 2470/1173/2676
f 2471/1142/2678 2176/1133/2660 2456/1148/2659 2472/1157/2675
f 2475/2768/2679 2444/2764/2643 2157/2757/2575 2473/2762/2680
f 2474/2774/2681 2475/2768/2679 2473/2762/2680 2181/2770/2682
f 2178/2778/2672 2466/2773/2670 2475/2768/2679 2474/2774/2681
f 2466/2773/2670 2172/2772/2644 2444/2764/2643 2475/2768/2679
f 2478/1128/2683 2462/1116/2667 2176/1133/2660 2471/1142/2678
f 2476/1143/2684 2478/1128/2683 2471/1142/2678 2180/1158/2677
f 2182/1129/2685 2477/1112/2686 2478/1128/2683 2476/1143/2684
f 2477/1112/2686 2142/1101/2515 2462/1116/2667 2478/1128/2683
f 2481/2763/2687 2389/2756/2574 2156/2765/2573 2479/2769/2688
f 2480/2771/2689 2481/2763/2687 2479/2769/2688 2183/2775/2690
f 2181/2770/2682 2473/2762/2680 2481/2763/2687 2480/2771/2689
f 2473/2762/2680 2157/2757/2575 2389/2756/2574 2481/2763/2687
f 2484/1097/2691 2347/1087/2516 2142/1101/2515 2477/1112/2686
f 2482/1113/2692 2484/1097/2691 2477/1112/2686 2182/1129/2685
f 2184/1099/2693 2483/1085/2694 2484/1097/2691 2482/1113/2692
f 2483/1085/2694 2140/1076/2507 2347/1087/2516 2484/1097/2691
f 2487/103/2695 2397/117/2584 2160/3080/2583 2485/3079/2696
f 2486/101/2697 2487/103/2695 2485/3079/2696 2185/3075/2698
f 2183/2775/2690 2479/2769/2688 2487/103/2695 2486/101/2697
f 2479/2769/2688 2156/2765/2573 2397/117/2584 2487/103/2695
f 2490/1084/2699 2341/1077/2508 2140/1076/2507 2483/1085/2694
f 2488/1098/2700 2490/1084/2699 2483/1085/2694 2184/1099/2693
f 2186/1111/1461 2489/3076/2701 2490/1084/2699 2488/1098/2700
f 2489/3076/2701 2138/1086/2499 2341/1077/2508 2490/1084/2699
f 2493/74/2702 2403/89/2592 2162/75/2591 2491/61/2703
f 2492/73/2704 2493/74/2702 2491/61/2703 2187/60/2705
f 2185/87/2698 2485/88/2696 2493/74/2702 2492/73/2704
f 2485/88/2696 2160/104/2583 2403/89/2592 2493/74/2702
f 2496/1110/2706 2335/1100/2500 2138/3077/2499 2489/1096/2701
f 2494/1126/1460 2496/1110/2706 2489/1096/2701 2186/3078/1461
f 2188/2491/7 2495/2495/2707 2496/1110/2706 2494/1126/1460
f 2495/2495/2707 2136/2500/2491 2335/1100/2500 2496/1110/2706
f 2499/48/2708 2408/62/2597 2121/49/2434 2497/34/2709
f 2498/47/2710 2499/48/2708 2497/34/2709 2189/33/2711
f 2187/60/2705 2491/61/2703 2499/48/2708 2498/47/2710
f 2491/61/2703 2162/75/2591 2408/62/2597 2499/48/2708
f 2502/2494/2712 2329/2499/2492 2136/2500/2491 2495/2495/2707
f 2500/2490/6 2502/2494/2712 2495/2495/2707 2188/2491/7
f 2190/2496/10 2501/2498/2713 2502/2494/2712 2500/2490/6
f 2501/2498/2713 2113/2504/2408 2329/2499/2492 2502/2494/2712
f 2505/22/2714 2285/35/2433 2119/23/2426 2503/14/2715
f 2504/21/2716 2505/22/2714 2503/14/2715 2191/10/33
f 2189/33/2711 2497/34/2709 2505/22/2714 2504/21/2716
f 2497/34/2709 2121/49/2434 2285/35/2433 2505/22/2714
f 2508/2503/2717 2266/2510/2407 2113/2504/2408 2501/2498/2713
f 2506/2501/770 2508/2503/2717 2501/2498/2713 2190/2496/10
f 2192/2507/805 2507/2509/2718 2508/2503/2717 2506/2501/770
f 2507/2509/2718 2114/2514/2409 2266/2510/2407 2508/2503/2717
f 2511/15/2719 2279/24/2425 2117/38/2418 2509/25/2720
f 2510/11/29 2511/15/2719 2509/25/2720 2193/16/30
f 2191/10/33 2503/14/2715 2511/15/2719 2510/11/29
f 2503/14/2715 2119/23/2426 2279/24/2425 2511/15/2719
f 2513/39/2721 2273/54/2417 2114/2514/2409 2507/2509/2718
f 2512/27/2722 2513/39/2721 2507/2509/2718 2192/2507/805
f 2193/16/30 2509/25/2720 2513/39/2721 2512/27/2722
f 2509/25/2720 2117/38/2418 2273/54/2417 2513/39/2721
f 2517/72/2723 2516/3074/2724 2185/87/2698 2492/73/2704
f 2514/59/2725 2517/72/2723 2492/73/2704 2187/60/2705
f 2194/71/2726 2515/85/2727 2517/72/2723 2514/59/2725
f 2515/85/2727 2195/3073/2728 2516/3074/2724 2517/72/2723
f 2521/99/2729 2520/3071/2730 2195/3073/2728 2515/85/2727
f 2518/84/2731 2521/99/2729 2515/85/2727 2194/71/2726
f 2196/98/2732 2519/3072/2733 2521/99/2729 2518/84/2731
f 2519/3072/2733 2197/3045/2734 2520/3071/2730 2521/99/2729
f 2524/1307/2735 2523/1319/2736 2197/1320/2734 2519/114/2733
f 2522/1297/2737 2524/1307/2735 2519/114/2733 2196/3067/2732
f 2660/1318/2233 2659/1337/2234 2524/1307/2735
f 2522/1297/2737 2660/1318/2233 2524/1307/2735
f 2524/1307/2735 2659/1337/2234 2719/1360/2235
f 2524/1307/2735 2719/1360/2235 2720/1338/2236
f 2523/1319/2736 2524/1307/2735 2720/1338/2236
f 2523/1319/2736 2720/1338/2236 2717/1361/2237
f 2528/1115/2738 2527/1127/1462 2186/1111/1461 2488/1098/2700
f 2525/1114/2739 2528/1115/2738 2488/1098/2700 2184/1099/2693
f 2198/1131/2740 2526/1132/2741 2528/1115/2738 2525/1114/2739
f 2526/1132/2741 2199/1141/1465 2527/1127/1462 2528/1115/2738
f 2532/1147/2742 2531/1156/1466 2199/1141/1465 2526/1132/2741
f 2529/1146/2743 2532/1147/2742 2526/1132/2741 2198/1131/2740
f 2200/1162/2744 2530/3068/2745 2532/1147/2742 2529/1146/2743
f 2530/3068/2745 2201/1247/1469 2531/1156/1466 2532/1147/2742
f 2535/1254/2746 2534/1248/1470 2201/3070/1469 2530/1163/2745
f 2533/1264/2747 2535/1254/2746 2530/1163/2745 2200/3050/2744
f 2711/1273/2285 2710/1283/2284 2535/1254/2746
f 2533/1264/2747 2711/1273/2285 2535/1254/2746
f 2709/1281/2283 2712/1272/2281 2535/1254/2746
f 2710/1283/2284 2709/1281/2283 2535/1254/2746
f 2535/1254/2746 2712/1272/2281 2713/1263/2280
f 2534/1248/1470 2535/1254/2746 2713/1263/2280
f 2713/1263/2280 2715/1275/2278 2714/1255/2277
f 2534/1248/1470 2713/1263/2280 2714/1255/2277
f 2538/46/2748 2514/59/2725 2187/60/2705 2498/47/2710
f 2536/32/2749 2538/46/2748 2498/47/2710 2189/33/2711
f 2202/45/2750 2537/58/2751 2538/46/2748 2536/32/2749
f 2537/58/2751 2194/71/2726 2514/59/2725 2538/46/2748
f 2541/70/2752 2518/84/2731 2194/71/2726 2537/58/2751
f 2539/57/2753 2541/70/2752 2537/58/2751 2202/45/2750
f 2203/69/2754 2540/3066/2755 2541/70/2752 2539/57/2753
f 2540/3066/2755 2196/98/2732 2518/84/2731 2541/70/2752
f 2543/1288/2756 2522/1297/2737 2196/3067/2732 2540/83/2755
f 2542/1279/2757 2543/1288/2756 2540/83/2755 2203/3064/2754
f 2674/1296/2223 2673/1305/2224 2543/1288/2756
f 2542/1279/2757 2674/1296/2223 2543/1288/2756
f 2543/1288/2756 2673/1305/2224 2675/1317/2225
f 2657/1313/2231 2543/1288/2756 2675/1317/2225
f 2543/1288/2756 2657/1313/2231 2658/1306/2232
f 2522/1297/2737 2543/1288/2756 2658/1306/2232
f 2522/1297/2737 2658/1306/2232 2660/1318/2233
f 2546/20/2758 2536/32/2749 2189/33/2711 2504/21/2716
f 2544/13/34 2546/20/2758 2504/21/2716 2191/10/33
f 2204/19/40 2545/31/2759 2546/20/2758 2544/13/34
f 2545/31/2759 2202/45/2750 2536/32/2749 2546/20/2758
f 2549/44/2760 2539/57/2753 2202/45/2750 2545/31/2759
f 2547/30/163 2549/44/2760 2545/31/2759 2204/19/40
f 2205/3065/179 2548/3063/2761 2549/44/2760 2547/30/163
f 2548/3063/2761 2203/69/2754 2539/57/2753 2549/44/2760
f 2551/1269/2762 2542/1279/2757 2203/3064/2754 2548/56/2761
f 2550/1259/183 2551/1269/2762 2548/56/2761 2205/43/179
f 2665/1278/186 2664/1286/2219 2551/1269/2762
f 2550/1259/183 2665/1278/186 2551/1269/2762
f 2664/1286/2219 2676/1289/2220 2677/1295/2221
f 2551/1269/2762 2664/1286/2219 2677/1295/2221
f 2551/1269/2762 2677/1295/2221 2672/1287/2222
f 2542/1279/2757 2551/1269/2762 2672/1287/2222
f 2542/1279/2757 2672/1287/2222 2674/1296/2223
f 2555/26/2763 2554/17/31 2193/16/30 2512/27/2722
f 2552/2508/806 2555/26/2763 2512/27/2722 2192/2507/805
f 2206/1237/814 2553/40/2764 2555/26/2763 2552/2508/806
f 2553/40/2764 2207/28/76 2554/17/31 2555/26/2763
f 2559/55/2765 2558/41/85 2207/28/76 2553/40/2764
f 2556/1229/906 2559/55/2765 2553/40/2764 2206/1237/814
f 2208/3062/908 2557/3060/2766 2559/55/2765 2556/1229/906
f 2557/3060/2766 2209/1242/180 2558/41/85 2559/55/2765
f 2562/1232/2767 2561/1241/181 2209/3061/180 2557/1233/2766
f 2560/1218/909 2562/1232/2767 2557/1233/2766 2208/1223/908
f 2679/1225/911 2678/1235/2266 2562/1232/2767
f 2560/1218/909 2679/1225/911 2562/1232/2767
f 2562/1232/2767 2678/1235/2266 2666/1245/2267
f 2667/1257/2269 2562/1232/2767 2666/1245/2267
f 2562/1232/2767 2667/1257/2269 2668/1249/2270
f 2561/1241/181 2562/1232/2767 2668/1249/2270
f 2561/1241/181 2668/1249/2270 2670/1258/188
f 2566/1197/2768 2565/1193/2769 2179/1184/2673 2467/1192/2671
f 2563/2781/2770 2566/1197/2768 2467/1192/2671 2178/2778/2672
f 2210/1471/2771 2564/1201/2772 2566/1197/2768 2563/2781/2770
f 2564/1201/2772 2211/1198/2773 2565/1193/2769 2566/1197/2768
f 2570/1204/2774 2569/1202/2775 2211/1198/2773 2564/1201/2772
f 2567/1419/2776 2570/1204/2774 2564/1201/2772 2210/1471/2771
f 2212/1383/2777 2568/3059/2778 2570/1204/2774 2567/1419/2776
f 2568/3059/2778 2213/3054/2779 2569/1202/2775 2570/1204/2774
f 2573/1355/2780 2572/1333/2781 2213/1332/2779 2568/1356/2778
f 2571/1382/2782 2573/1355/2780 2568/1356/2778 2212/3058/2777
f 2682/1421/2297 2681/1446/2296 2573/1355/2780
f 2571/1382/2782 2682/1421/2297 2573/1355/2780
f 2681/1446/2296 2680/1502/2292 2702/1420/2291
f 2573/1355/2780 2681/1446/2296 2702/1420/2291
f 2573/1355/2780 2702/1420/2291 2703/1381/2294
f 2572/1333/2781 2573/1355/2780 2703/1381/2294
f 2704/1384/2295 2705/1357/2304 2572/1333/2781
f 2703/1381/2294 2704/1384/2295 2572/1333/2781
f 2576/2779/2783 2563/2781/2770 2178/2778/2672 2474/2774/2681
f 2574/2777/2784 2576/2779/2783 2474/2774/2681 2181/2770/2682
f 2214/1524/2785 2575/1522/2786 2576/2779/2783 2574/2777/2784
f 2575/1522/2786 2210/1471/2771 2563/2781/2770 2576/2779/2783
f 2579/1472/2787 2567/1419/2776 2210/1471/2771 2575/1522/2786
f 2577/1475/2788 2579/1472/2787 2575/1522/2786 2214/1524/2785
f 2215/1429/2789 2578/3057/2790 2579/1472/2787 2577/1475/2788
f 2578/3057/2790 2212/1383/2777 2567/1419/2776 2579/1472/2787
f 2581/1422/2791 2571/1382/2782 2212/3058/2777 2578/1423/2790
f 2580/1428/2792 2581/1422/2791 2578/1423/2790 2215/3056/2789
f 2708/1378/2227 2707/1409/2226 2581/1422/2791
f 2580/1428/2792 2708/1378/2227 2581/1422/2791
f 2581/1422/2791 2707/1409/2226 2683/1453/2228
f 2581/1422/2791 2683/1453/2228 2684/1473/2229
f 2571/1382/2782 2581/1422/2791 2684/1473/2229
f 2684/1473/2229 2685/1523/2230 2682/1421/2297
f 2571/1382/2782 2684/1473/2229 2682/1421/2297
f 2584/2776/2793 2574/2777/2784 2181/2770/2682 2480/2771/2689
f 2582/2780/2794 2584/2776/2793 2480/2771/2689 2183/2775/2690
f 2216/1424/2795 2583/1474/2796 2584/2776/2793 2582/2780/2794
f 2583/1474/2796 2214/1524/2785 2574/2777/2784 2584/2776/2793
f 2587/1425/2797 2577/1475/2788 2214/1524/2785 2583/1474/2796
f 2585/1386/2798 2587/1425/2797 2583/1474/2796 2216/1424/2795
f 2217/1362/2799 2586/3055/2800 2587/1425/2797 2585/1386/2798
f 2586/3055/2800 2215/1429/2789 2577/1475/2788 2587/1425/2797
f 2589/1389/2801 2580/1428/2792 2215/3056/2789 2586/1390/2800
f 2588/1363/2802 2589/1389/2801 2586/1390/2800 2217/3047/2799
f 2701/1427/2241 2700/1476/2242 2589/1389/2801
f 2588/1363/2802 2701/1427/2241 2589/1389/2801
f 2589/1389/2801 2700/1476/2242 2698/1454/2243
f 2589/1389/2801 2698/1454/2243 2699/1410/2244
f 2580/1428/2792 2589/1389/2801 2699/1410/2244
f 2580/1428/2792 2699/1410/2244 2708/1378/2227
f 2706/1385/2305 2644/1358/2306 2592/1314/2803
f 2705/1357/2304 2706/1385/2305 2592/1314/2803
f 2572/1333/2781 2705/1357/2304 2592/1314/2803
f 2645/1334/2307 2648/1359/2299 2646/1315/2298
f 2590/1301/2804 2645/1334/2307 2646/1315/2298
f 2592/1314/2803 2644/1358/2306 2645/1334/2307
f 2590/1301/2804 2592/1314/2803 2645/1334/2307
f 2218/1200/2805 2591/3053/2806 2592/1314/2803 2590/1301/2804
f 2591/3053/2806 2213/1332/2779 2572/1333/2781 2592/1314/2803
f 2595/1199/2807 2569/1202/2775 2213/3054/2779 2591/1203/2806
f 2593/1195/2808 2595/1199/2807 2591/1203/2806 2218/3052/2805
f 2219/1186/2809 2594/1194/2810 2595/1199/2807 2593/1195/2808
f 2594/1194/2810 2211/1198/2773 2569/1202/2775 2595/1199/2807
f 2597/1185/2811 2565/1193/2769 2211/1198/2773 2594/1194/2810
f 2596/1174/2812 2597/1185/2811 2594/1194/2810 2219/1186/2809
f 2180/1158/2677 2470/1173/2676 2597/1185/2811 2596/1174/2812
f 2470/1173/2676 2179/1184/2673 2565/1193/2769 2597/1185/2811
f 2647/1335/2301 2642/1316/2302 2600/1293/2813
f 2646/1315/2298 2647/1335/2301 2600/1293/2813
f 2590/1301/2804 2646/1315/2298 2600/1293/2813
f 2689/1303/2289 2688/1294/2288 2598/1284/2814
f 2643/1302/2303 2689/1303/2289 2598/1284/2814
f 2600/1293/2813 2642/1316/2302 2643/1302/2303
f 2598/1284/2814 2600/1293/2813 2643/1302/2303
f 2220/1188/2815 2599/3051/2816 2600/1293/2813 2598/1284/2814
f 2599/3051/2816 2218/1200/2805 2590/1301/2804 2600/1293/2813
f 2603/1187/2817 2593/1195/2808 2218/3052/2805 2599/1196/2816
f 2601/1176/2818 2603/1187/2817 2599/1196/2816 2220/3049/2815
f 2221/1160/2819 2602/1175/2820 2603/1187/2817 2601/1176/2818
f 2602/1175/2820 2219/1186/2809 2593/1195/2808 2603/1187/2817
f 2605/1159/2821 2596/1174/2812 2219/1186/2809 2602/1175/2820
f 2604/1144/2822 2605/1159/2821 2602/1175/2820 2221/1160/2819
f 2182/1129/2685 2476/1143/2684 2605/1159/2821 2604/1144/2822
f 2476/1143/2684 2180/1158/2677 2596/1174/2812 2605/1159/2821
f 2690/1304/2290 2691/1292/2286 2607/1274/2823
f 2688/1294/2288 2690/1304/2290 2607/1274/2823
f 2598/1284/2814 2688/1294/2288 2607/1274/2823
f 2533/1264/2747 2692/1282/2287 2711/1273/2285
f 2607/1274/2823 2691/1292/2286 2692/1282/2287
f 2533/1264/2747 2607/1274/2823 2692/1282/2287
f 2200/3050/2744 2606/3048/2824 2607/1274/2823 2533/1264/2747
f 2606/3048/2824 2220/1188/2815 2598/1284/2814 2607/1274/2823
f 2609/1161/2825 2601/1176/2818 2220/3049/2815 2606/1177/2824
f 2529/1146/2743 2609/1161/2825 2606/1177/2824 2200/1162/2744
f 2198/1131/2740 2608/1145/2826 2609/1161/2825 2529/1146/2743
f 2608/1145/2826 2221/1160/2819 2601/1176/2818 2609/1161/2825
f 2610/1130/2827 2604/1144/2822 2221/1160/2819 2608/1145/2826
f 2525/1114/2739 2610/1130/2827 2608/1145/2826 2198/1131/2740
f 2184/1099/2693 2482/1113/2692 2610/1130/2827 2525/1114/2739
f 2482/1113/2692 2182/1129/2685 2604/1144/2822 2610/1130/2827
f 2718/1387/2238 2686/1426/2239 2612/1340/2828
f 2717/1361/2237 2718/1387/2238 2612/1340/2828
f 2523/1319/2736 2717/1361/2237 2612/1340/2828
f 2588/1363/2802 2687/1388/2240 2701/1427/2241
f 2612/1340/2828 2686/1426/2239 2687/1388/2240
f 2588/1363/2802 2612/1340/2828 2687/1388/2240
f 2217/3047/2799 2611/3044/2829 2612/1340/2828 2588/1363/2802
f 2611/3044/2829 2197/1320/2734 2523/1319/2736 2612/1340/2828
f 2614/124/2830 2520/115/2730 2197/3046/2734 2611/1339/2829
f 2585/1386/2798 2614/124/2830 2611/1339/2829 2217/1362/2799
f 2216/1424/2795 2613/116/2831 2614/124/2830 2585/1386/2798
f 2613/116/2831 2195/100/2728 2520/115/2730 2614/124/2830
f 2615/102/2832 2516/86/2724 2195/100/2728 2613/116/2831
f 2582/2780/2794 2615/102/2832 2613/116/2831 2216/1424/2795
f 2183/2775/2690 2486/101/2697 2615/102/2832 2582/2780/2794
f 2486/101/2697 2185/3075/2698 2516/86/2724 2615/102/2832
f 2618/1240/1471 2716/1265/2279 2650/1266/2272
f 2649/1256/2271 2618/1240/1471 2650/1266/2272
f 2714/1255/2277 2716/1265/2279 2618/1240/1471
f 2534/1248/1470 2714/1255/2277 2618/1240/1471
f 2651/1244/1627 2652/1234/2274 2653/1224/1458
f 2616/1231/21 2651/1244/1627 2653/1224/1458
f 2618/1240/1471 2649/1256/2271 2651/1244/1627
